id,n_out_of_range_features,has_out_of_range,pct_features_out_of_range,predicted_ohca,model,predicted_ohca_minmax,neighbor_count,neighbor_mean_predicted_ohca_minmax,local_abs_deviation_minmax
87309e000ffffff,2,True,0.0175438596491228,0.42599875,XGB,0.022191207003493748,6,0.11951974482282078,0.09732853781932703
87309e001ffffff,4,True,0.0350877192982456,0.42599875,XGB,0.022191207003493748,6,0.08456269482683794,0.06237148782334419
87309e002ffffff,1,True,0.0087719298245614,0.40675443,XGB,0.020725152885555927,6,0.08407400529605352,0.06334885241049759
87309e003ffffff,0,False,0.0,0.40675443,XGB,0.020725152885555927,6,0.14766720970915104,0.1269420568235951
87309e004ffffff,7,True,0.0614035087719298,8.149294,XGB,0.6105605962732694,6,0.08480703717982757,0.5257535590934419
87309e005ffffff,0,False,0.0,0.42599875,XGB,0.022191207003493748,6,0.18262425970513388,0.16043305270164013
87309e006ffffff,2,True,0.0175438596491228,0.40675443,XGB,0.020725152885555927,6,0.2597102587242642,0.23898510583870824
87309e008ffffff,0,False,0.0,5.3768444,XGB,0.39935224217943455,6,0.21028303988548483,0.18906920229394972
87309e009ffffff,1,True,0.0087719298245614,5.3768444,XGB,0.39935224217943455,6,0.2710538765096528,0.12829836566978176
87309e00affffff,0,False,0.0,0.40675443,XGB,0.020725152885555927,6,0.3398527277442691,0.3191275748587132
87309e00bffffff,2,True,0.0175438596491228,5.3768444,XGB,0.39935224217943455,6,0.3398527277442691,0.059499514435165435
87309e00cffffff,1,True,0.0087719298245614,0.42599875,XGB,0.022191207003493748,6,0.14717852500317175,0.124987317999678
87309e00dffffff,0,False,0.0,0.40675443,XGB,0.020725152885555927,6,0.14766720970915104,0.1269420568235951
87309e00effffff,0,False,0.0,5.3768444,XGB,0.39935224217943455,6,0.14742286735616142,0.25192937482327316
87309e010ffffff,2,True,0.0175438596491228,0.42599875,XGB,0.022191207003493748,6,0.3900961078279634,0.36790490082446964
87309e011ffffff,0,False,0.0,0.40675443,XGB,0.020725152885555927,6,0.20994514887767668,0.18921999599212075
87309e012ffffff,6,True,0.0526315789473684,5.3575997,XGB,0.39788615911266584,6,0.19138345880686045,0.2065027003058054
87309e013ffffff,3,True,0.0263157894736842,5.3502326,XGB,0.3973249250814161,6,0.2063401573183279,0.1909847677630882
87309e014ffffff,18,True,0.1578947368421052,6.213337,XGB,0.4630771969117668,6,0.4157297137586227,0.047347483153144077
87309e015ffffff,5,True,0.043859649122807,5.3575997,XGB,0.39788615911266584,6,0.17202518210650583,0.22586097700616
87309e016ffffff,5,True,0.043859649122807,8.846533,XGB,0.6636770538637093,6,0.22065951367160697,0.4430175401921024
87309e018ffffff,5,True,0.043859649122807,5.085549,XGB,0.37716102831963877,6,0.14717852500317177,0.229982503316467
87309e019ffffff,0,False,0.0,0.40675443,XGB,0.020725152885555927,6,0.21018950468933328,0.18946435180377735
87309e01affffff,0,False,0.0,0.40675443,XGB,0.020725152885555927,6,0.2655017990291572,0.24477664614360128
87309e01bffffff,0,False,0.0,0.40675443,XGB,0.020725152885555927,6,0.20658450424218558,0.18585935135662965
87309e01cffffff,0,False,0.0,0.42599875,XGB,0.022191207003493748,6,0.20634016188919593,0.18414895488570218
87309e01dffffff,3,True,0.0263157894736842,5.3768444,XGB,0.39935224217943455,6,0.14347998935987247,0.25587225281956205
87309e01effffff,3,True,0.0263157894736842,5.3768444,XGB,0.39935224217943455,6,0.20230374031683065,0.1970485018626039
87309e020ffffff,1,True,0.0087719298245614,0.40675443,XGB,0.020725152885555927,6,0.18286860205812352,0.1621434491725676
87309e021ffffff,0,False,0.0,0.42599875,XGB,0.022191207003493748,6,0.1821355749991546,0.15994436799566084
87309e022ffffff,3,True,0.0263157894736842,0.42599875,XGB,0.022191207003493748,6,0.24548442740965223,0.22329322040615848
87309e023ffffff,4,True,0.0350877192982456,5.3768444,XGB,0.39935224217943455,6,0.1197640871758104,0.27958815500362416
87309e024ffffff,0,False,0.0,0.40675443,XGB,0.020725152885555927,6,0.18237991735214423,0.1616547644665883
87309e025ffffff,5,True,0.043859649122807,8.149294,XGB,0.6105605962732694,6,0.0212138375915352,0.5893467586817343
87309e026ffffff,1,True,0.0087719298245614,0.42599875,XGB,0.022191207003493748,6,0.14717852017836663,0.12498731317487288
87309e028ffffff,0,False,0.0,0.40675443,XGB,0.020725152885555927,6,0.020725152885555927,0.0
87309e029ffffff,0,False,0.0,0.40675443,XGB,0.020725152885555927,6,0.020969495238545563,0.0002443423529896356
87309e02affffff,1,True,0.0087719298245614,0.40675443,XGB,0.020725152885555927,6,0.021458179944524838,0.0007330270589689103
87309e02bffffff,3,True,0.0263157894736842,0.40675443,XGB,0.020725152885555927,6,0.0212138375915352,0.0004886847059792712
87309e02cffffff,1,True,0.0087719298245614,0.40675443,XGB,0.020725152885555927,6,0.0212138375915352,0.0004886847059792712
87309e02dffffff,0,False,0.0,0.40675443,XGB,0.020725152885555927,6,0.0212138375915352,0.0004886847059792712
87309e02effffff,1,True,0.0087719298245614,0.40675443,XGB,0.020725152885555927,6,0.0843183524738483,0.06359319958829236
87309e030ffffff,4,True,0.0350877192982456,5.3768444,XGB,0.39935224217943455,6,0.24595523824406848,0.15339700393536607
87309e031ffffff,4,True,0.0350877192982456,0.42599875,XGB,0.022191207003493748,6,0.3225704312535877,0.30037922425009395
87309e032ffffff,9,True,0.0789473684210526,7.0659533,XGB,0.5280304733920951,6,0.29823420704632686,0.22979626634576822
87309e033ffffff,18,True,0.1578947368421052,6.497266,XGB,0.4847072300671066,6,0.305210405247502,0.1794968248196046
87309e034ffffff,3,True,0.0263157894736842,0.40675443,XGB,0.020725152885555927,6,0.14742286253135625,0.12669770964580032
87309e035ffffff,5,True,0.043859649122807,5.3575997,XGB,0.39788615911266584,6,0.08480703717982757,0.31307912193283827
87309e036ffffff,0,False,0.0,0.42599875,XGB,0.022191207003493748,6,0.2674194847462196,0.24522827774272588
87309e040ffffff,21,True,0.1842105263157894,11.070199,XGB,0.8330784510665373,6,0.6461377317500306,0.1869407193165067
87309e041ffffff,9,True,0.0789473684210526,5.085549,XGB,0.37716102831963877,6,0.5693982879460308,0.192237259626392
87309e042ffffff,24,True,0.2105263157894736,11.671445,XGB,0.878882053074488,6,0.5807776340483563,0.2981044190261317
87309e043ffffff,28,True,0.2456140350877192,11.177695,XGB,0.841267618231802,6,0.554691803194508,0.286575815037294
87309e044ffffff,7,True,0.0614035087719298,8.827289,XGB,0.6622110241237343,6,0.524739974059227,0.13747105006450733
87309e045ffffff,12,True,0.1052631578947368,7.877243,XGB,0.5898354426259023,6,0.44864668530091745,0.14118875732498481
87309e046ffffff,16,True,0.1403508771929824,7.058586,XGB,0.5274692241246186,6,0.5951270286227158,0.06765780449809722
87309e048ffffff,10,True,0.087719298245614,4.7663736,XGB,0.352845884447865,6,0.29379480581325884,0.05905107863460618
87309e049ffffff,0,False,0.0,0.40675443,XGB,0.020725152885555927,6,0.17117466545565477,0.15044951257009884
87309e04affffff,8,True,0.0701754385964912,5.0663047,XGB,0.37569497572532357,6,0.2579950766814763,0.11769989904384726
87309e04bffffff,0,False,0.0,0.42599875,XGB,0.022191207003493748,6,0.13524024528590203,0.11304903828240828
87309e04cffffff,6,True,0.0526315789473684,5.085549,XGB,0.37716102831963877,6,0.35260244928521106,0.024558579034427708
87309e04dffffff,9,True,0.0789473684210526,7.877243,XGB,0.5898354426259023,6,0.1948905666239684,0.39494487600193384
87309e04effffff,11,True,0.0964912280701754,5.085549,XGB,0.37716102831963877,6,0.45021526056065114,0.07305423224101237
87309e050ffffff,8,True,0.0701754385964912,8.168538,XGB,0.6120266260132445,6,0.3651201789585847,0.24690644705465986
87309e051ffffff,11,True,0.0964912280701754,5.3694777,XGB,0.39879103862063836,6,0.46584092439987734,0.06704988577923898
87309e052ffffff,10,True,0.087719298245614,7.8419952,XGB,0.587150225255881,6,0.30883328540676636,0.27831693984911465
87309e053ffffff,1,True,0.0087719298245614,0.40675443,XGB,0.020725152885555927,6,0.3402837576793643,0.3195586047938084
87309e054ffffff,7,True,0.0614035087719298,5.1930447,XGB,0.38535017263056315,6,0.3716934531112847,0.013656719519278437
87309e055ffffff,9,True,0.0789473684210526,5.3768444,XGB,0.39935224217943455,6,0.5334008789293697,0.13404863674993517
87309e056ffffff,5,True,0.043859649122807,5.3768444,XGB,0.39935224217943455,6,0.46376395840633206,0.06441171622689751
87309e058ffffff,6,True,0.0526315789473684,5.085549,XGB,0.37716102831963877,6,0.3465306757906394,0.03063035252899937
87309e059ffffff,3,True,0.0263157894736842,5.3575997,XGB,0.39788615911266584,6,0.3246634310903762,0.07322272802228963
87309e05affffff,0,False,0.0,0.40675443,XGB,0.020725152885555927,6,0.26993336147748836,0.24920820859193243
87309e05bffffff,5,True,0.043859649122807,5.3768444,XGB,0.39935224217943455,6,0.206095809886596,0.19325643229283854
87309e05cffffff,17,True,0.1491228070175438,6.497266,XGB,0.4847072300671066,6,0.54543583479094,0.06072860472383346
87309e05dffffff,8,True,0.0701754385964912,5.085549,XGB,0.37716102831963877,6,0.47564633996269584,0.09848531164305707
87309e05effffff,3,True,0.0263157894736842,5.3768444,XGB,0.39935224217943455,6,0.22071680163033155,0.178635440549103
87309e060ffffff,2,True,0.0175438596491228,5.3768444,XGB,0.39935224217943455,6,0.6355948748124417,0.23624263263300715
87309e061ffffff,3,True,0.0263157894736842,5.3768444,XGB,0.39935224217943455,6,0.4071713601218237,0.007819117942389153
87309e062ffffff,3,True,0.0263157894736842,5.3768444,XGB,0.39935224217943455,6,0.46316236678457795,0.0638101246051434
87309e063ffffff,8,True,0.0701754385964912,5.3768444,XGB,0.39935224217943455,6,0.41204906671523905,0.012696824535804507
87309e064ffffff,31,True,0.2719298245614035,11.56395,XGB,0.8706929620903572,6,0.7597909166424541,0.11090204544790305
87309e065ffffff,22,True,0.1929824561403508,11.270063,XGB,0.8483043172040536,6,0.6060113103569753,0.24229300684707833
87309e066ffffff,9,True,0.0789473684210526,11.902909,XGB,0.896515243041936,6,0.39614929401465343,0.5003659490272825
87309e068ffffff,3,True,0.0263157894736842,0.40675443,XGB,0.020725152885555927,6,0.24118755345992027,0.22046240057436434
87309e069ffffff,3,True,0.0263157894736842,0.40675443,XGB,0.020725152885555927,6,0.27293475328039446,0.25220960039483853
87309e06affffff,5,True,0.043859649122807,5.3575997,XGB,0.39788615911266584,6,0.23463316867329753,0.1632529904393683
87309e06bffffff,2,True,0.0175438596491228,0.40675443,XGB,0.020725152885555927,6,0.29724899402482624,0.2765238411392703
87309e06cffffff,3,True,0.0263157894736842,5.3768444,XGB,0.39935224217943455,6,0.3001460129765095,0.09920622920292504
87309e06dffffff,13,True,0.1140350877192982,7.830118,XGB,0.5862454066928156,6,0.14668983547238734,0.4395555712204282
87309e06effffff,4,True,0.0350877192982456,0.42599875,XGB,0.022191207003493748,6,0.36775058019373796,0.3455593731902442
87309e070ffffff,0,False,0.0,0.42599875,XGB,0.022191207003493748,6,0.14742286253135625,0.1252316555278625
87309e071ffffff,5,True,0.043859649122807,5.3768444,XGB,0.39935224217943455,6,0.33855017725790687,0.060802064921527676
87309e072ffffff,1,True,0.0087719298245614,0.42599875,XGB,0.022191207003493748,6,0.20794935680253449,0.18575814979904073
87309e073ffffff,4,True,0.0350877192982456,5.3575997,XGB,0.39788615911266584,6,0.2926510491868397,0.10523510992582613
87309e074ffffff,0,False,0.0,0.40675443,XGB,0.020725152885555927,6,0.021702522297514473,0.000977369411958546
87309e075ffffff,0,False,0.0,0.42599875,XGB,0.022191207003493748,6,0.29338788238222474,0.271196675378731
87309e076ffffff,1,True,0.0087719298245614,0.42599875,XGB,0.022191207003493748,6,0.0212138375915352,0.0009773694119585494
87309e080ffffff,1,True,0.0087719298245614,0.40675443,XGB,0.020725152885555927,4,0.021458179944524838,0.0007330270589689103
87309e082ffffff,0,False,0.0,0.40675443,XGB,0.020725152885555927,3,0.0212138375915352,0.0004886847059792712
87309e084ffffff,1,True,0.0087719298245614,0.40675443,XGB,0.020725152885555927,6,0.0212138375915352,0.0004886847059792712
87309e085ffffff,1,True,0.0087719298245614,0.42599875,XGB,0.022191207003493748,5,0.020725152885555927,0.0014660541179378206
87309e086ffffff,0,False,0.0,0.42599875,XGB,0.022191207003493748,6,0.020725152885555927,0.0014660541179378206
87309e090ffffff,1,True,0.0087719298245614,0.40675443,XGB,0.020725152885555927,3,0.020725152885555927,0.0
87309e094ffffff,0,False,0.0,0.40675443,XGB,0.020725152885555927,5,0.020725152885555927,0.0
87309e095ffffff,1,True,0.0087719298245614,0.40675443,XGB,0.020725152885555927,5,0.021018363709143492,0.0002932108235875648
87309e096ffffff,0,False,0.0,0.40675443,XGB,0.020725152885555927,2,0.020725152885555927,0.0
87309e0a0ffffff,1,True,0.0087719298245614,0.40675443,XGB,0.020725152885555927,6,0.08407400529605352,0.06334885241049759
87309e0a1ffffff,2,True,0.0175438596491228,0.40675443,XGB,0.020725152885555927,6,0.08407400529605352,0.06334885241049759
87309e0a2ffffff,2,True,0.0175438596491228,0.40675443,XGB,0.020725152885555927,6,0.1611188482194281,0.14039369533387216
87309e0a3ffffff,0,False,0.0,0.40675443,XGB,0.020725152885555927,6,0.020969495238545563,0.0002443423529896356
87309e0a4ffffff,1,True,0.0087719298245614,0.42599875,XGB,0.022191207003493748,6,0.1505391782725247,0.12834797126903094
87309e0a5ffffff,1,True,0.0087719298245614,0.42599875,XGB,0.022191207003493748,6,0.19098831310608944,0.16879710610259568
87309e0a6ffffff,4,True,0.0350877192982456,5.3575997,XGB,0.39788615911266584,6,0.1613631905724177,0.23652296854024815
87309e0a8ffffff,0,False,0.0,0.40675443,XGB,0.020725152885555927,6,0.08037547473149648,0.059650321845940546
87309e0a9ffffff,0,False,0.0,0.40675443,XGB,0.020725152885555927,6,0.20994516259028076,0.18922000970472483
87309e0aaffffff,0,False,0.0,0.40675443,XGB,0.020725152885555927,4,0.021458179944524838,0.0007330270589689103
87309e0abffffff,0,False,0.0,0.42599875,XGB,0.022191207003493748,4,0.12078942587974714,0.09859821887625339
87309e0acffffff,3,True,0.0263157894736842,0.42599875,XGB,0.022191207003493748,6,0.2055135864293455,0.18332237942585175
87309e0adffffff,1,True,0.0087719298245614,5.0663047,XGB,0.37569497572532357,6,0.14684063882016868,0.2288543369051549
87309e0aeffffff,0,False,0.0,0.40675443,XGB,0.020725152885555927,6,0.0212138375915352,0.0004886847059792712
87309e0b0ffffff,0,False,0.0,0.42599875,XGB,0.022191207003493748,6,0.09480448836731709,0.07261328136382333
87309e0b1ffffff,3,True,0.0263157894736842,0.40675443,XGB,0.020725152885555927,6,0.09874736522088902,0.07802221233533309
87309e0b2ffffff,0,False,0.0,0.40675443,XGB,0.020725152885555927,4,0.021091666415040383,0.00036651352948445515
87309e0b3ffffff,2,True,0.0175438596491228,0.40675443,XGB,0.020725152885555927,6,0.0212138375915352,0.0004886847059792712
87309e0b4ffffff,4,True,0.0350877192982456,0.13470344,XGB,0.0,4,0.2316822094158486,0.2316822094158486
87309e0b5ffffff,14,True,0.1228070175438596,6.5132685,XGB,0.4859263186616789,6,0.14323563849998955,0.34269068016168935
87309e0b6ffffff,0,False,0.0,0.40675443,XGB,0.020725152885555927,4,0.0159103781936514,0.0048147746919045276
87309e0c1ffffff,0,False,0.0,0.40675443,XGB,0.020725152885555927,2,0.020725152885555927,0.0
87309e0c5ffffff,0,False,0.0,0.40675443,XGB,0.020725152885555927,4,0.021458179944524838,0.0007330270589689103
87309e0e0ffffff,5,True,0.043859649122807,5.0663047,XGB,0.37569497572532357,6,0.27353836192463604,0.10215661380068752
87309e0e1ffffff,2,True,0.0175438596491228,5.3768444,XGB,0.39935224217943455,6,0.2381285106951867,0.16122373148424785
87309e0e2ffffff,3,True,0.0263157894736842,5.085549,XGB,0.37716102831963877,4,0.2048574079779364,0.17230362034170238
87309e0e3ffffff,0,False,0.0,0.42599875,XGB,0.022191207003493748,5,0.2390249212226893,0.21683371421919556
87309e0e4ffffff,4,True,0.0350877192982456,5.660773,XGB,0.4209822448623208,6,0.20634016214313303,0.21464208271918775
87309e0e5ffffff,5,True,0.043859649122807,5.3768444,XGB,0.39935224217943455,6,0.43031402873030483,0.030961786550870285
87309e0e6ffffff,3,True,0.0263157894736842,0.42599875,XGB,0.022191207003493748,6,0.26910679947630495,0.2469155924728112
87309e0e8ffffff,0,False,0.0,0.40675443,XGB,0.020725152885555927,6,0.08456269482683794,0.06383754194128201
87309e0e9ffffff,1,True,0.0087719298245614,5.3768444,XGB,0.39935224217943455,6,0.0212138375915352,0.3781384045878993
87309e0eaffffff,0,False,0.0,0.40675443,XGB,0.020725152885555927,5,0.021018363709143492,0.0002932108235875648
87309e0ebffffff,0,False,0.0,0.40675443,XGB,0.020725152885555927,4,0.11538192520902558,0.09465677232346965
87309e0ecffffff,4,True,0.0350877192982456,0.42599875,XGB,0.022191207003493748,6,0.1787225312022358,0.15653132419874205
87309e0edffffff,1,True,0.0087719298245614,0.42599875,XGB,0.022191207003493748,6,0.14717852500317177,0.12498731799967802
87309e0eeffffff,1,True,0.0087719298245614,0.42599875,XGB,0.022191207003493748,6,0.0843183524738483,0.06212714547035454
87309e0f4ffffff,5,True,0.043859649122807,5.3768444,XGB,0.39935224217943455,5,0.17650198913968462,0.22285025303974992
87309e0f5ffffff,4,True,0.0350877192982456,5.3768444,XGB,0.39935224217943455,4,0.20485740759703075,0.1944948345824038
87309e0f6ffffff,2,True,0.0175438596491228,5.660773,XGB,0.4209822448623208,3,0.14742286735616142,0.27355937750615933
87309e100ffffff,6,True,0.0526315789473684,0.40675443,XGB,0.020725152885555927,6,0.08358532059007424,0.06286016770451831
87309e101ffffff,2,True,0.0175438596491228,0.40675443,XGB,0.020725152885555927,6,0.020969495238545563,0.0002443423529896356
87309e102ffffff,0,False,0.0,0.40675443,XGB,0.020725152885555927,6,0.08358532059007424,0.06286016770451831
87309e103ffffff,0,False,0.0,0.40675443,XGB,0.020725152885555927,6,0.020969495238545563,0.0002443423529896356
87309e104ffffff,0,False,0.0,0.40675443,XGB,0.020725152885555927,6,0.08358532059007424,0.06286016770451831
87309e105ffffff,1,True,0.0087719298245614,0.40675443,XGB,0.020725152885555927,6,0.08358532059007424,0.06286016770451831
87309e106ffffff,5,True,0.043859649122807,5.3575997,XGB,0.39788615911266584,6,0.020725152885555927,0.3771610062271099
87309e108ffffff,4,True,0.0350877192982456,0.40675443,XGB,0.020725152885555927,6,0.09874736522088902,0.07802221233533309
87309e109ffffff,1,True,0.0087719298245614,0.42599875,XGB,0.022191207003493748,6,0.17222836506255723,0.15003715805906348
87309e10affffff,3,True,0.0263157894736842,0.40675443,XGB,0.020725152885555927,6,0.08407401012085867,0.06334885723530274
87309e10bffffff,1,True,0.0087719298245614,0.40675443,XGB,0.020725152885555927,6,0.11951974482282075,0.09879459193726482
87309e10cffffff,2,True,0.0175438596491228,0.40675443,XGB,0.020725152885555927,6,0.09850302286789937,0.07777786998234344
87309e10dffffff,12,True,0.1052631578947368,6.5132685,XGB,0.4859263186616789,6,0.17592689410349158,0.3099994245581873
87309e10effffff,0,False,0.0,0.42599875,XGB,0.022191207003493748,6,0.020725152885555927,0.0014660541179378206
87309e110ffffff,0,False,0.0,0.40675443,XGB,0.020725152885555927,6,0.020725152885555927,0.0
87309e111ffffff,4,True,0.0350877192982456,0.40675443,XGB,0.020725152885555927,6,0.020725152885555927,0.0
87309e112ffffff,1,True,0.0087719298245614,0.40675443,XGB,0.020725152885555927,5,0.13898544751109365,0.11826029462553772
87309e113ffffff,0,False,0.0,0.40675443,XGB,0.020725152885555927,6,0.119519740759827,0.09879458787427108
87309e114ffffff,0,False,0.0,0.40675443,XGB,0.020725152885555927,4,0.020725152885555927,0.0
87309e115ffffff,0,False,0.0,0.40675443,XGB,0.020725152885555927,6,0.08358532059007424,0.06286016770451831
87309e116ffffff,1,True,0.0087719298245614,0.40675443,XGB,0.020725152885555927,3,0.020725152885555927,0.0
87309e118ffffff,1,True,0.0087719298245614,0.40675443,XGB,0.020725152885555927,6,0.08407401012085867,0.06334885723530274
87309e119ffffff,7,True,0.0614035087719298,5.3768444,XGB,0.39935224217943455,6,0.0212138375915352,0.3781384045878993
87309e11affffff,2,True,0.0175438596491228,0.40675443,XGB,0.020725152885555927,6,0.021458179944524838,0.0007330270589689103
87309e11bffffff,0,False,0.0,0.42599875,XGB,0.022191207003493748,6,0.146934177825377,0.12474297082188324
87309e11cffffff,2,True,0.0175438596491228,0.40675443,XGB,0.020725152885555927,6,0.020725152885555927,0.0
87309e11dffffff,1,True,0.0087719298245614,0.40675443,XGB,0.020725152885555927,6,0.08407401012085867,0.06334885723530274
87309e11effffff,1,True,0.0087719298245614,0.40675443,XGB,0.020725152885555927,6,0.020969495238545563,0.0002443423529896356
87309e121ffffff,0,False,0.0,0.40675443,XGB,0.020725152885555927,4,0.11501540444233341,0.09429025155677748
87309e122ffffff,0,False,0.0,0.40675443,XGB,0.020725152885555927,3,0.020725152885555927,0.0
87309e123ffffff,3,True,0.0263157894736842,0.40675443,XGB,0.020725152885555927,5,0.09615735413097791,0.07543220124542198
87309e128ffffff,2,True,0.0175438596491228,5.3575997,XGB,0.39788615911266584,6,0.08358532059007424,0.3143008385225916
87309e129ffffff,0,False,0.0,0.40675443,XGB,0.020725152885555927,6,0.1653060619663417,0.14458090908078577
87309e12affffff,2,True,0.0175438596491228,0.40675443,XGB,0.020725152885555927,6,0.14644548829459256,0.12572033540903663
87309e12bffffff,2,True,0.0175438596491228,0.40675443,XGB,0.020725152885555927,6,0.2425952472427059,0.22187009435714997
87309e12cffffff,3,True,0.0263157894736842,0.40675443,XGB,0.020725152885555927,6,0.14644548829459256,0.12572033540903663
87309e12dffffff,1,True,0.0087719298245614,0.40675443,XGB,0.020725152885555927,6,0.08358532059007424,0.06286016770451831
87309e12effffff,5,True,0.043859649122807,5.3575997,XGB,0.39788615911266584,6,0.08358532059007424,0.3143008385225916
87309e131ffffff,2,True,0.0175438596491228,0.40675443,XGB,0.020725152885555927,4,0.11501540444233341,0.09429025155677748
87309e133ffffff,1,True,0.0087719298245614,0.40675443,XGB,0.020725152885555927,4,0.11501540444233341,0.09429025155677748
87309e140ffffff,0,False,0.0,0.40675443,XGB,0.020725152885555927,6,0.20960454848784274,0.1888793956022868
87309e141ffffff,4,True,0.0350877192982456,0.42599875,XGB,0.022191207003493748,6,0.19060177765100425,0.1684105706475105
87309e142ffffff,4,True,0.0350877192982456,0.42599875,XGB,0.022191207003493748,6,0.22841058167345993,0.20621937466996618
87309e143ffffff,11,True,0.0964912280701754,6.8238077,XGB,0.5095835470252229,6,0.14742286735616142,0.3621606796690615
87309e144ffffff,3,True,0.0263157894736842,8.827289,XGB,0.6622110241237343,6,0.08382966776786903,0.5783813563558653
87309e145ffffff,4,True,0.0350877192982456,0.40675443,XGB,0.020725152885555927,6,0.19098831716908324,0.1702631642835273
87309e146ffffff,0,False,0.0,0.40675443,XGB,0.020725152885555927,6,0.19123266434687802,0.1705075114613221
87309e148ffffff,15,True,0.131578947368421,13.261313,XGB,1.0,6,0.6777088255478922,0.32229117445210775
87309e149ffffff,29,True,0.2543859649122807,11.606231,XGB,0.8739139766110328,6,0.8023580774501227,0.0715558991609101
87309e14affffff,18,True,0.1578947368421052,11.270063,XGB,0.8483043172040536,6,0.6428399562300992,0.20546436097395449
87309e14bffffff,30,True,0.2631578947368421,11.9900465,XGB,0.9031534765935402,6,0.8550427670372486,0.0481107095562916
87309e14cffffff,11,True,0.0964912280701754,7.3498816,XGB,0.5496604532206412,6,0.40728677428568244,0.14237367893495873
87309e14dffffff,16,True,0.1403508771929824,11.561359,XGB,0.8704955767725296,6,0.6387886926683298,0.23170688410419982
87309e14effffff,2,True,0.0175438596491228,0.40675443,XGB,0.020725152885555927,6,0.5548486277721411,0.5341234748865852
87309e150ffffff,5,True,0.043859649122807,0.42599875,XGB,0.022191207003493748,6,0.08456269482683794,0.06237148782334419
87309e151ffffff,3,True,0.0263157894736842,5.3768444,XGB,0.39935224217943455,6,0.08480703717982757,0.314545204999607
87309e152ffffff,5,True,0.043859649122807,0.40675443,XGB,0.020725152885555927,6,0.12000842952880005,0.09928327664324411
87309e153ffffff,0,False,0.0,0.42599875,XGB,0.022191207003493748,6,0.0843183524738483,0.06212714547035454
87309e154ffffff,2,True,0.0175438596491228,0.42599875,XGB,0.022191207003493748,6,0.09518352213918267,0.07299231513568892
87309e155ffffff,4,True,0.0350877192982456,0.40675443,XGB,0.020725152885555927,6,0.08480703717982757,0.06408188429427164
87309e156ffffff,2,True,0.0175438596491228,0.42599875,XGB,0.022191207003493748,6,0.1197640871758104,0.09757288017231665
87309e158ffffff,2,True,0.0175438596491228,0.42599875,XGB,0.022191207003493748,6,0.2544879924805199,0.23229678547702615
87309e159ffffff,8,True,0.0701754385964912,8.839167,XGB,0.6631159036317068,6,0.5098745297537948,0.15324137387791203
87309e15affffff,0,False,0.0,0.40675443,XGB,0.020725152885555927,6,0.021458179944524838,0.0007330270589689103
87309e15bffffff,2,True,0.0175438596491228,0.42599875,XGB,0.022191207003493748,6,0.274243977741957,0.25205277073846327
87309e15cffffff,6,True,0.0526315789473684,5.3768444,XGB,0.39935224217943455,6,0.22914360873242887,0.17020863344700568
87309e15dffffff,5,True,0.043859649122807,5.3768444,XGB,0.39935224217943455,6,0.41054539498824455,0.011193152808810003
87309e15effffff,3,True,0.0263157894736842,0.42599875,XGB,0.022191207003493748,6,0.14742286735616142,0.12523166035266767
87309e160ffffff,1,True,0.0087719298245614,0.40675443,XGB,0.020725152885555927,6,0.11927540246983115,0.09855024958427522
87309e161ffffff,1,True,0.0087719298245614,0.40675443,XGB,0.020725152885555927,6,0.2279218936662982,0.20719674078074227
87309e162ffffff,3,True,0.0263157894736842,0.40675443,XGB,0.020725152885555927,6,0.2890498868721843,0.26832473398662837
87309e163ffffff,1,True,0.0087719298245614,0.40675443,XGB,0.020725152885555927,6,0.19049963246310395,0.16977447957754802
87309e164ffffff,3,True,0.0263157894736842,0.42599875,XGB,0.022191207003493748,6,0.1821355749991546,0.15994436799566084
87309e165ffffff,1,True,0.0087719298245614,0.40675443,XGB,0.020725152885555927,6,0.15078352443457102,0.1300583715490151
87309e166ffffff,5,True,0.043859649122807,8.149294,XGB,0.6105605962732694,6,0.020969495238545563,0.5895911010347239
87309e168ffffff,1,True,0.0087719298245614,0.40675443,XGB,0.020725152885555927,6,0.24653812168387526,0.22581296879831933
87309e169ffffff,1,True,0.0087719298245614,0.42599875,XGB,0.022191207003493748,6,0.334742662725063,0.3125514557215692
87309e16affffff,5,True,0.043859649122807,0.42599875,XGB,0.022191207003493748,6,0.2532176045261556,0.23102639752266185
87309e16bffffff,7,True,0.0614035087719298,6.8045635,XGB,0.5081175020490212,6,0.3138582926663967,0.19425920938262448
87309e16cffffff,9,True,0.0789473684210526,6.8045635,XGB,0.5081175020490212,6,0.20979435035470048,0.29832315169432067
87309e16dffffff,3,True,0.0263157894736842,0.40675443,XGB,0.020725152885555927,6,0.22471204755378335,0.20398689466822742
87309e16effffff,5,True,0.043859649122807,5.3575997,XGB,0.39788615911266584,6,0.10220155343245645,0.2956846056802094
87309e170ffffff,3,True,0.0263157894736842,0.40675443,XGB,0.020725152885555927,6,0.23927575133879433,0.2185505984532384
87309e171ffffff,6,True,0.0526315789473684,5.3768444,XGB,0.39935224217943455,6,0.12788380711157527,0.2714684350678593
87309e172ffffff,12,True,0.1052631578947368,6.1940928,XGB,0.46161115193556507,6,0.1804681065971565,0.28114304533840856
87309e173ffffff,3,True,0.0263157894736842,0.42599875,XGB,0.022191207003493748,6,0.15755500996252686,0.1353638029590331
87309e174ffffff,0,False,0.0,0.42599875,XGB,0.022191207003493748,6,0.10220155190883373,0.08001034490533998
87309e175ffffff,2,True,0.0175438596491228,0.40675443,XGB,0.020725152885555927,6,0.18237991735214423,0.1616547644665883
87309e176ffffff,8,True,0.0701754385964912,6.8238077,XGB,0.5095835470252229,6,0.17198402270956756,0.3375995243156553
87309e180ffffff,2,True,0.0175438596491228,0.40675443,XGB,0.020725152885555927,4,0.021091666415040383,0.00036651352948445515
87309e181ffffff,3,True,0.0263157894736842,0.42599875,XGB,0.022191207003493748,6,0.08407401012085867,0.06188280311736492
87309e182ffffff,0,False,0.0,0.40675443,XGB,0.020725152885555927,3,0.020725152885555927,0.0
87309e183ffffff,2,True,0.0175438596491228,0.40675443,XGB,0.020725152885555927,6,0.08407401012085867,0.06334885723530274
87309e185ffffff,1,True,0.0087719298245614,0.40675443,XGB,0.020725152885555927,5,0.09674378156791921,0.07601862868236328
87309e188ffffff,1,True,0.0087719298245614,0.40675443,XGB,0.020725152885555927,6,0.21388803550782742,0.1931628826222715
87309e189ffffff,6,True,0.0526315789473684,5.3575997,XGB,0.39788615911266584,6,0.28640437282369613,0.11148178628896971
87309e18affffff,3,True,0.0263157894736842,5.660773,XGB,0.4209822448623208,6,0.08407401012085867,0.3369082347414621
87309e18bffffff,1,True,0.0087719298245614,0.40675443,XGB,0.020725152885555927,6,0.2579421707885399,0.237217017902984
87309e18cffffff,2,True,0.0175438596491228,0.42599875,XGB,0.022191207003493748,6,0.18286859799512975,0.160677390991636
87309e18dffffff,1,True,0.0087719298245614,0.42599875,XGB,0.022191207003493748,6,0.2671751375684248,0.24498393056493106
87309e18effffff,2,True,0.0175438596491228,5.3768444,XGB,0.39935224217943455,6,0.087923352920996,0.31142888925843853
87309e198ffffff,0,False,0.0,0.40675443,XGB,0.020725152885555927,4,0.11501540444233341,0.09429025155677748
87309e199ffffff,0,False,0.0,0.40675443,XGB,0.020725152885555927,6,0.213399345977043,0.19267419309148706
87309e19bffffff,5,True,0.043859649122807,5.3575997,XGB,0.39788615911266584,5,0.18505255670909132,0.21283360240357452
87309e19cffffff,0,False,0.0,0.40675443,XGB,0.020725152885555927,4,0.020725152885555927,0.0
87309e19dffffff,0,False,0.0,0.40675443,XGB,0.020725152885555927,6,0.1505391830973298,0.12981403021177387
87309e1a1ffffff,0,False,0.0,0.40675443,XGB,0.020725152885555927,4,0.26320729349094774,0.2424821406053918
87309e1a3ffffff,1,True,0.0087719298245614,0.40675443,XGB,0.020725152885555927,3,0.14693418265018213,0.1262090297646262
87309e1a8ffffff,0,False,0.0,0.40675443,XGB,0.020725152885555927,6,0.28141884351641117,0.26069369063085523
87309e1a9ffffff,1,True,0.0087719298245614,0.42599875,XGB,0.022191207003493748,6,0.11976408311281662,0.09757287610932287
87309e1aaffffff,5,True,0.043859649122807,0.40675443,XGB,0.020725152885555927,6,0.18286859799512975,0.16214344510957382
87309e1abffffff,8,True,0.0701754385964912,8.168538,XGB,0.6120266260132445,6,0.021702522297514473,0.5903241037157301
87309e1acffffff,6,True,0.0526315789473684,8.168538,XGB,0.6120266260132445,6,0.08407401012085867,0.5279526158923858
87309e1adffffff,0,False,0.0,0.42599875,XGB,0.022191207003493748,6,0.119519740759827,0.09732853375633325
87309e1aeffffff,5,True,0.043859649122807,5.3768444,XGB,0.39935224217943455,6,0.11927539840683736,0.2800768437725972
87309e300ffffff,0,False,0.0,0.40675443,XGB,0.020725152885555927,6,0.020725152885555927,0.0
87309e301ffffff,0,False,0.0,0.40675443,XGB,0.020725152885555927,6,0.020725152885555927,0.0
87309e302ffffff,0,False,0.0,0.40675443,XGB,0.020725152885555927,6,0.020725152885555927,0.0
87309e303ffffff,0,False,0.0,0.40675443,XGB,0.020725152885555927,6,0.020725152885555927,0.0
87309e304ffffff,0,False,0.0,0.40675443,XGB,0.020725152885555927,6,0.020725152885555927,0.0
87309e305ffffff,0,False,0.0,0.40675443,XGB,0.020725152885555927,6,0.020725152885555927,0.0
87309e306ffffff,0,False,0.0,0.40675443,XGB,0.020725152885555927,6,0.020725152885555927,0.0
87309e308ffffff,0,False,0.0,0.40675443,XGB,0.020725152885555927,5,0.020725152885555927,0.0
87309e309ffffff,0,False,0.0,0.40675443,XGB,0.020725152885555927,3,0.020725152885555927,0.0
87309e30affffff,0,False,0.0,0.40675443,XGB,0.020725152885555927,3,0.020725152885555927,0.0
87309e30cffffff,0,False,0.0,0.40675443,XGB,0.020725152885555927,6,0.020725152885555927,0.0
87309e30dffffff,0,False,0.0,0.40675443,XGB,0.020725152885555927,6,0.020725152885555927,0.0
87309e30effffff,0,False,0.0,0.40675443,XGB,0.020725152885555927,6,0.020725152885555927,0.0
87309e310ffffff,0,False,0.0,0.40675443,XGB,0.020725152885555927,6,0.020725152885555927,0.0
87309e311ffffff,0,False,0.0,0.40675443,XGB,0.020725152885555927,6,0.020725152885555927,0.0
87309e312ffffff,0,False,0.0,0.40675443,XGB,0.020725152885555927,6,0.020725152885555927,0.0
87309e313ffffff,0,False,0.0,0.40675443,XGB,0.020725152885555927,5,0.020725152885555927,0.0
87309e314ffffff,0,False,0.0,0.40675443,XGB,0.020725152885555927,6,0.020725152885555927,0.0
87309e315ffffff,0,False,0.0,0.40675443,XGB,0.020725152885555927,6,0.020725152885555927,0.0
87309e316ffffff,0,False,0.0,0.40675443,XGB,0.020725152885555927,6,0.020969495238545563,0.0002443423529896356
87309e318ffffff,0,False,0.0,0.40675443,XGB,0.020725152885555927,3,0.020725152885555927,0.0
87309e31cffffff,0,False,0.0,0.40675443,XGB,0.020725152885555927,6,0.020725152885555927,0.0
87309e31dffffff,0,False,0.0,0.40675443,XGB,0.020725152885555927,5,0.020725152885555927,0.0
87309e31effffff,0,False,0.0,0.40675443,XGB,0.020725152885555927,4,0.020725152885555927,0.0
87309e320ffffff,0,False,0.0,0.40675443,XGB,0.020725152885555927,6,0.020725152885555927,0.0
87309e321ffffff,0,False,0.0,0.40675443,XGB,0.020725152885555927,6,0.020725152885555927,0.0
87309e322ffffff,0,False,0.0,0.40675443,XGB,0.020725152885555927,6,0.020725152885555927,0.0
87309e323ffffff,0,False,0.0,0.40675443,XGB,0.020725152885555927,6,0.020725152885555927,0.0
87309e324ffffff,4,True,0.0350877192982456,0.40675443,XGB,0.020725152885555927,6,0.020725152885555927,0.0
87309e325ffffff,0,False,0.0,0.40675443,XGB,0.020725152885555927,6,0.020725152885555927,0.0
87309e326ffffff,5,True,0.043859649122807,0.40675443,XGB,0.020725152885555927,6,0.020725152885555927,0.0
87309e328ffffff,0,False,0.0,0.40675443,XGB,0.020725152885555927,6,0.020725152885555927,0.0
87309e329ffffff,0,False,0.0,0.40675443,XGB,0.020725152885555927,6,0.020725152885555927,0.0
87309e32affffff,0,False,0.0,0.40675443,XGB,0.020725152885555927,6,0.020725152885555927,0.0
87309e32bffffff,0,False,0.0,0.40675443,XGB,0.020725152885555927,6,0.020725152885555927,0.0
87309e32cffffff,0,False,0.0,0.40675443,XGB,0.020725152885555927,6,0.020725152885555927,0.0
87309e32dffffff,0,False,0.0,0.40675443,XGB,0.020725152885555927,5,0.020725152885555927,0.0
87309e32effffff,0,False,0.0,0.40675443,XGB,0.020725152885555927,6,0.020725152885555927,0.0
87309e330ffffff,0,False,0.0,0.40675443,XGB,0.020725152885555927,6,0.17868137764585115,0.15795622476029522
87309e331ffffff,0,False,0.0,0.40675443,XGB,0.020725152885555927,6,0.020725152885555927,0.0
87309e332ffffff,0,False,0.0,0.40675443,XGB,0.020725152885555927,6,0.17498284708129408,0.15425769419573815
87309e333ffffff,0,False,0.0,0.40675443,XGB,0.020725152885555927,6,0.020725152885555927,0.0
87309e334ffffff,12,True,0.1052631578947368,8.168538,XGB,0.6120266260132445,6,0.08013113212456974,0.5318954938886749
87309e335ffffff,0,False,0.0,0.40675443,XGB,0.020725152885555927,6,0.11927539840683736,0.09855024552128143
87309e336ffffff,5,True,0.043859649122807,5.085549,XGB,0.37716102831963877,6,0.21412711336356172,0.16303391495607705
87309e370ffffff,0,False,0.0,0.40675443,XGB,0.020725152885555927,6,0.020725152885555927,0.0
87309e371ffffff,0,False,0.0,0.40675443,XGB,0.020725152885555927,3,0.020725152885555927,0.0
87309e372ffffff,0,False,0.0,0.40675443,XGB,0.020725152885555927,5,0.020725152885555927,0.0
87309e373ffffff,0,False,0.0,0.40675443,XGB,0.020725152885555927,3,0.020725152885555927,0.0
87309e374ffffff,0,False,0.0,0.40675443,XGB,0.020725152885555927,5,0.020725152885555927,0.0
87309e375ffffff,0,False,0.0,0.40675443,XGB,0.020725152885555927,3,0.020725152885555927,0.0
87309e376ffffff,0,False,0.0,0.40675443,XGB,0.020725152885555927,6,0.020725152885555927,0.0
87309e3a0ffffff,1,True,0.0087719298245614,0.40675443,XGB,0.020725152885555927,6,0.19049963246310395,0.16977447957754802
87309e3a1ffffff,0,False,0.0,0.40675443,XGB,0.020725152885555927,5,0.020725152885555927,0.0
87309e3a2ffffff,6,True,0.0526315789473684,8.827289,XGB,0.6622110241237343,5,0.2244545283786136,0.43775649574512077
87309e3a3ffffff,0,False,0.0,0.40675443,XGB,0.020725152885555927,3,0.2345537766316154,0.21382862374605946
87309e3a4ffffff,0,False,0.0,0.40675443,XGB,0.020725152885555927,6,0.20585146778754346,0.18512631490198753
87309e3a5ffffff,0,False,0.0,0.40675443,XGB,0.020725152885555927,6,0.020969495238545563,0.0002443423529896356
87309e3a6ffffff,6,True,0.0526315789473684,5.3575997,XGB,0.39788615911266584,6,0.2536041473454171,0.14428201176724875
87309e3acffffff,0,False,0.0,0.40675443,XGB,0.020725152885555927,3,0.020725152885555927,0.0
87309e3b0ffffff,0,False,0.0,0.40675443,XGB,0.020725152885555927,4,0.18146313422458496,0.16073798133902903
87309e3b1ffffff,0,False,0.0,8.827289,XGB,0.6622110241237343,3,0.23455377663161536,0.427657247492119
87309e3b4ffffff,2,True,0.0175438596491228,0.42599875,XGB,0.022191207003493748,6,0.1469341826501821,0.12474297564668835
87309e3b5ffffff,2,True,0.0175438596491228,0.40675443,XGB,0.020725152885555927,6,0.3607628015714364,0.3400376486858805
87309e3b6ffffff,0,False,0.0,0.40675443,XGB,0.020725152885555927,4,0.11574843873851004,0.09502328585295411
87309e56bffffff,0,False,0.0,0.40675443,XGB,0.020725152885555927,1,0.020725152885555927,0.0
87309e850ffffff,1,True,0.0087719298245614,0.40675443,XGB,0.020725152885555927,4,0.20967216952859533,0.1889470166430394
87309e851ffffff,4,True,0.0350877192982456,5.3575997,XGB,0.39788615911266584,4,0.20930565599911088,0.18858050311355495
87309e852ffffff,0,False,0.0,0.42599875,XGB,0.022191207003493748,4,0.23168219379871616,0.2094909867952224
87309e853ffffff,3,True,0.0263157894736842,5.3575997,XGB,0.39788615911266584,6,0.22446769021850402,0.17341846889416182
87309e855ffffff,1,True,0.0087719298245614,0.40675443,XGB,0.020725152885555927,2,0.20930565599911088,0.18858050311355495
87309e85affffff,1,True,0.0087719298245614,0.40675443,XGB,0.020725152885555927,4,0.11501540444233341,0.09429025155677748
87309e85effffff,3,True,0.0263157894736842,5.3575997,XGB,0.39788615911266584,4,0.20930565599911086,0.18858050311355498
87309e8c0ffffff,2,True,0.0175438596491228,0.40675443,XGB,0.020725152885555927,6,0.1190310601168415,0.09830590723128557
87309e8c1ffffff,2,True,0.0175438596491228,0.40675443,XGB,0.020725152885555927,6,0.1818912278213598,0.16116607493580387
87309e8c2ffffff,3,True,0.0263157894736842,0.40675443,XGB,0.020725152885555927,6,0.0212138375915352,0.0004886847059792712
87309e8c3ffffff,0,False,0.0,0.40675443,XGB,0.020725152885555927,6,0.08382966294306388,0.06310451005750795
87309e8c4ffffff,5,True,0.043859649122807,0.40675443,XGB,0.020725152885555927,6,0.11903106011684146,0.09830590723128553
87309e8c5ffffff,10,True,0.087719298245614,8.149294,XGB,0.6105605962732694,6,0.020725152885555927,0.5898354433877135
87309e8c6ffffff,3,True,0.0263157894736842,0.40675443,XGB,0.020725152885555927,6,0.020725152885555927,0.0
87309e8c8ffffff,4,True,0.0350877192982456,5.3768444,XGB,0.39935224217943455,6,0.33117883183233804,0.06817341034709651
87309e8c9ffffff,23,True,0.2017543859649122,6.497266,XGB,0.4847072300671066,6,0.4149621786775128,0.0697450513895938
87309e8caffffff,3,True,0.0263157894736842,0.40675443,XGB,0.020725152885555927,6,0.21003869270769007,0.18931353982213414
87309e8cbffffff,3,True,0.0263157894736842,5.3768444,XGB,0.39935224217943455,6,0.16500935574918302,0.23434288643025153
87309e8ccffffff,1,True,0.0087719298245614,0.40675443,XGB,0.020725152885555927,6,0.31670865333993126,0.2959835004543753
87309e8cdffffff,6,True,0.0526315789473684,8.846533,XGB,0.6636770538637093,6,0.31842436039769995,0.3452526934660094
87309e8ceffffff,5,True,0.043859649122807,5.3575997,XGB,0.39788615911266584,6,0.08382966776786903,0.3140564913447968
87309e8d0ffffff,11,True,0.0964912280701754,6.485388,XGB,0.4838023505591341,6,0.020969495238545563,0.46283285532058854
87309e8d1ffffff,2,True,0.0175438596491228,0.42599875,XGB,0.022191207003493748,6,0.0981490281841419,0.07595782118064814
87309e8d2ffffff,0,False,0.0,0.40675443,XGB,0.020725152885555927,5,0.11334059242027154,0.09261543953471561
87309e8d3ffffff,0,False,0.0,0.40675443,XGB,0.020725152885555927,6,0.09814902818414191,0.07742387529858598
87309e8d4ffffff,1,True,0.0087719298245614,0.40675443,XGB,0.020725152885555927,5,0.1136338032438591,0.09290865035830317
87309e8d5ffffff,2,True,0.0175438596491228,0.40675443,XGB,0.020725152885555927,6,0.09814902818414191,0.07742387529858598
87309e8d6ffffff,3,True,0.0263157894736842,0.40675443,XGB,0.020725152885555927,3,0.17508421877674862,0.1543590658911927
87309e8d8ffffff,2,True,0.0175438596491228,0.40675443,XGB,0.020725152885555927,6,0.020969495238545563,0.0002443423529896356
87309e8d9ffffff,2,True,0.0175438596491228,0.40675443,XGB,0.020725152885555927,6,0.11927540246983111,0.09855024958427518
87309e8daffffff,1,True,0.0087719298245614,0.40675443,XGB,0.020725152885555927,6,0.020969495238545563,0.0002443423529896356
87309e8dbffffff,1,True,0.0087719298245614,0.40675443,XGB,0.020725152885555927,6,0.11927540246983111,0.09855024958427518
87309e8dcffffff,1,True,0.0087719298245614,0.42599875,XGB,0.022191207003493748,6,0.020969495238545563,0.001221711764948185
87309e8ddffffff,1,True,0.0087719298245614,0.40675443,XGB,0.020725152885555927,6,0.08382966294306388,0.06310451005750795
87309e8deffffff,1,True,0.0087719298245614,0.40675443,XGB,0.020725152885555927,6,0.0212138375915352,0.0004886847059792712
87309e8e0ffffff,0,False,0.0,0.40675443,XGB,0.020725152885555927,3,0.020725152885555927,0.0
87309e8e1ffffff,0,False,0.0,0.40675443,XGB,0.020725152885555927,5,0.11435179519424968,0.09362664230869375
87309e8e2ffffff,0,False,0.0,0.40675443,XGB,0.020725152885555927,4,0.020725152885555927,0.0
87309e8e3ffffff,1,True,0.0087719298245614,0.40675443,XGB,0.020725152885555927,6,0.11903106011684146,0.09830590723128553
87309e8e8ffffff,2,True,0.0175438596491228,0.42599875,XGB,0.022191207003493748,6,0.16136318016099607,0.13917197315750232
87309e8e9ffffff,2,True,0.0175438596491228,0.40675443,XGB,0.020725152885555927,6,0.08382966294306388,0.06310451005750795
87309e8eaffffff,2,True,0.0175438596491228,0.40675443,XGB,0.020725152885555927,6,0.18213557017434945,0.16141041728879352
87309e8ebffffff,6,True,0.0526315789473684,5.3575997,XGB,0.39788615911266584,6,0.1281281454015711,0.26975801371109476
87309e8ecffffff,16,True,0.1403508771929824,6.532512,XGB,0.48739231031108693,6,0.08407400529605352,0.4033183050150334
87309e8edffffff,2,True,0.0175438596491228,0.40675443,XGB,0.020725152885555927,6,0.22446769021850402,0.2037425373329481
87309e8eeffffff,2,True,0.0175438596491228,0.40675443,XGB,0.020725152885555927,6,0.19705326204075294,0.176328109155197
87309e8f1ffffff,3,True,0.0263157894736842,0.40675443,XGB,0.020725152885555927,4,0.020725152885555927,0.0
87309e8f2ffffff,0,False,0.0,0.42599875,XGB,0.022191207003493748,2,0.020725152885555927,0.0014660541179378206
87309e8f3ffffff,1,True,0.0087719298245614,0.40675443,XGB,0.020725152885555927,5,0.021018363709143492,0.0002932108235875648
87309ea00ffffff,3,True,0.0263157894736842,0.42599875,XGB,0.022191207003493748,6,0.3078559104081912,0.28566470340469746
87309ea01ffffff,6,True,0.0526315789473684,5.3768444,XGB,0.39935224217943455,4,0.20967216952859535,0.1896800726508392
87309ea02ffffff,3,True,0.0263157894736842,0.40675443,XGB,0.020725152885555927,6,0.3619178764289129,0.34119272354335695
87309ea03ffffff,4,True,0.0350877192982456,5.3575997,XGB,0.39788615911266584,6,0.2452400850566626,0.15264607405600325
87309ea04ffffff,4,True,0.0350877192982456,5.3575997,XGB,0.39788615911266584,4,0.1689170407914532,0.22896911832121264
87309ea05ffffff,3,True,0.0263157894736842,0.40675443,XGB,0.020725152885555927,3,0.27314320276519805,0.2524180498796421
87309ea06ffffff,9,True,0.0789473684210526,8.149294,XGB,0.6105605962732694,6,0.08431834764904315,0.5262422486242263
87309ea08ffffff,2,True,0.0175438596491228,0.40675443,XGB,0.020725152885555927,3,0.27216582370362924,0.2514406708180733
87309ea0affffff,2,True,0.0175438596491228,0.40675443,XGB,0.020725152885555927,6,0.1466898306475822,0.12596467776202627
87309ea0bffffff,5,True,0.043859649122807,5.3575997,XGB,0.39788615911266584,4,0.021458179944524838,0.376427979168141
87309ea0effffff,6,True,0.0526315789473684,5.3575997,XGB,0.39788615911266584,5,0.1718827719897536,0.22600338712291224
87309ea10ffffff,13,True,0.1140350877192982,7.538822,XGB,0.5640541471243394,6,0.4313643565602226,0.13268979056411684
87309ea11ffffff,11,True,0.0964912280701754,6.8238077,XGB,0.5095835470252229,6,0.44274509042886984,0.06683845659635307
87309ea12ffffff,13,True,0.1140350877192982,4.747129,XGB,0.35137980899920973,6,0.44819384826231806,0.09681403926310833
87309ea13ffffff,8,True,0.0701754385964912,11.327685,XGB,0.852694026499254,6,0.40546772751983445,0.4472262989794195
87309ea14ffffff,3,True,0.0263157894736842,0.40675443,XGB,0.020725152885555927,6,0.24691654397517304,0.2261913910896171
87309ea15ffffff,3,True,0.0263157894736842,0.40675443,XGB,0.020725152885555927,6,0.29130663386623956,0.27058148098068363
87309ea16ffffff,23,True,0.2017543859649122,11.070199,XGB,0.8330784510665373,6,0.22924926231548046,0.6038291887510568
87309ea18ffffff,1,True,0.0087719298245614,0.40675443,XGB,0.020725152885555927,6,0.21352877912012289,0.19280362623456695
87309ea19ffffff,2,True,0.0175438596491228,0.40675443,XGB,0.020725152885555927,6,0.020969495238545563,0.0002443423529896356
87309ea1affffff,0,False,0.0,0.40675443,XGB,0.020725152885555927,6,0.24143190165346348,0.22070674876790755
87309ea1bffffff,3,True,0.0263157894736842,0.40675443,XGB,0.020725152885555927,6,0.09805549908248103,0.0773303461969251
87309ea1cffffff,9,True,0.0789473684210526,8.149294,XGB,0.6105605962732694,6,0.2595594386166334,0.35100115765663603
87309ea1dffffff,1,True,0.0087719298245614,0.40675443,XGB,0.020725152885555927,6,0.24475139552587813,0.2240262426403222
87309ea1effffff,12,True,0.1052631578947368,7.8493624,XGB,0.5877114669052441,6,0.4022734529580488,0.18543801394719533
87309ea30ffffff,0,False,0.0,0.40675443,XGB,0.020725152885555927,5,0.021311574532731057,0.0005864216471751296
87309ea31ffffff,4,True,0.0350877192982456,0.42599875,XGB,0.022191207003493748,4,0.26284077881874623,0.24064957181525248
87309ea32ffffff,0,False,0.0,0.40675443,XGB,0.020725152885555927,6,0.0212138375915352,0.0004886847059792712
87309ea33ffffff,5,True,0.043859649122807,0.42599875,XGB,0.022191207003493748,6,0.11927540246983111,0.09708419546633736
87309ea34ffffff,0,False,0.0,0.40675443,XGB,0.020725152885555927,2,0.020725152885555927,0.0
87309ea36ffffff,1,True,0.0087719298245614,0.40675443,XGB,0.020725152885555927,4,0.021091666415040383,0.00036651352948445515
87309ea80ffffff,2,True,0.0175438596491228,0.40675443,XGB,0.020725152885555927,6,0.28010886232225224,0.2593837094366963
87309ea81ffffff,1,True,0.0087719298245614,0.40675443,XGB,0.020725152885555927,6,0.21339934699279142,0.1926741941072355
87309ea82ffffff,7,True,0.0614035087719298,5.3768444,XGB,0.39935224217943455,6,0.4638845801855327,0.06453233800609814
87309ea83ffffff,6,True,0.0526315789473684,5.3768444,XGB,0.39935224217943455,6,0.17832738677115037,0.22102485540828418
87309ea84ffffff,3,True,0.0263157894736842,5.660773,XGB,0.4209822448623208,6,0.22402017405119903,0.19696207081112174
87309ea85ffffff,3,True,0.0263157894736842,0.40675443,XGB,0.020725152885555927,6,0.27304967721865675,0.2523245243331008
87309ea86ffffff,9,True,0.0789473684210526,5.641528,XGB,0.4195161389412119,6,0.2313237088719605,0.18819243006925143
87309ea88ffffff,0,False,0.0,0.40675443,XGB,0.020725152885555927,6,0.15005048493268355,0.12932533204712762
87309ea89ffffff,3,True,0.0263157894736842,5.3575997,XGB,0.39788615911266584,6,0.08358532059007424,0.3143008385225916
87309ea8affffff,3,True,0.0263157894736842,0.40675443,XGB,0.020725152885555927,6,0.020725152885555927,0.0
87309ea8bffffff,2,True,0.0175438596491228,0.40675443,XGB,0.020725152885555927,6,0.08358532059007424,0.06286016770451831
87309ea8cffffff,8,True,0.0701754385964912,5.641528,XGB,0.4195161389412119,6,0.15755500843890416,0.26196113050230774
87309ea8dffffff,0,False,0.0,0.40675443,XGB,0.020725152885555927,6,0.286635993308237,0.2659108404226811
87309ea8effffff,3,True,0.0263157894736842,0.40675443,XGB,0.020725152885555927,6,0.15029483211047837,0.12956967922492243
87309ea90ffffff,25,True,0.219298245614035,9.423357,XGB,0.7076201602205651,6,0.6109516492695927,0.0966685109509724
87309ea91ffffff,9,True,0.0789473684210526,11.299806,XGB,0.8505701726684101,6,0.43645458147280086,0.4141155911956092
87309ea92ffffff,14,True,0.1228070175438596,5.0503025,XGB,0.3744759099850914,6,0.5735926916683581,0.19911678168326674
87309ea93ffffff,6,True,0.0526315789473684,5.3575997,XGB,0.39788615911266584,6,0.4898315074386454,0.09194534832597956
87309ea94ffffff,20,True,0.175438596491228,11.270063,XGB,0.8483043172040536,6,0.5499811152301844,0.2983232019738692
87309ea95ffffff,18,True,0.1578947368421052,6.769316,XGB,0.50543230753334,6,0.5410146973498718,0.035582389816531834
87309ea96ffffff,27,True,0.2368421052631578,9.179476,XGB,0.6890410291139946,6,0.7592953596363895,0.07025433052239494
87309ea98ffffff,17,True,0.1491228070175438,6.788561,XGB,0.5068984134544489,6,0.11522287188883727,0.3916755415656116
87309ea99ffffff,2,True,0.0175438596491228,0.40675443,XGB,0.020725152885555927,6,0.10175402964703806,0.08102887676148213
87309ea9affffff,1,True,0.0087719298245614,0.40675443,XGB,0.020725152885555927,6,0.2945576508028627,0.2738324979173068
87309ea9bffffff,3,True,0.0263157894736842,0.40675443,XGB,0.020725152885555927,6,0.2003042751683195,0.17957912228276357
87309ea9cffffff,12,True,0.1052631578947368,7.8493624,XGB,0.5877114669052441,6,0.3662705627088066,0.22144090419643753
87309ea9dffffff,2,True,0.0175438596491228,0.40675443,XGB,0.020725152885555927,6,0.2593562635326325,0.2386311106470766
87309ea9effffff,1,True,0.0087719298245614,0.40675443,XGB,0.020725152885555927,6,0.49167279528652336,0.4709476424009674
87309eaa0ffffff,5,True,0.043859649122807,8.827289,XGB,0.6622110241237343,6,0.22041517741310804,0.4417958467106263
87309eaa1ffffff,0,False,0.0,0.40675443,XGB,0.020725152885555927,6,0.36811923593670653,0.3473940830511506
87309eaa2ffffff,17,True,0.1491228070175438,6.5046325,XGB,0.48526841838967594,6,0.2537549593270602,0.23151345906261572
87309eaa3ffffff,10,True,0.087719298245614,5.085549,XGB,0.37716102831963877,6,0.3348773725543796,0.042283655765259165
87309eaa4ffffff,4,True,0.0350877192982456,0.40675443,XGB,0.020725152885555927,6,0.1907439748160936,0.17001882193053766
87309eaa5ffffff,7,True,0.0614035087719298,5.3575997,XGB,0.39788615911266584,6,0.3181407904743581,0.07974536863830772
87309eaa6ffffff,3,True,0.0263157894736842,0.40675443,XGB,0.020725152885555927,6,0.2994675289430437,0.27874237605748775
87309eaa8ffffff,1,True,0.0087719298245614,0.40675443,XGB,0.020725152885555927,6,0.3468685530858435,0.3261434002002876
87309eaa9ffffff,4,True,0.0350877192982456,5.3768444,XGB,0.39935224217943455,6,0.15755500843890416,0.2417972337405304
87309eaaaffffff,3,True,0.0263157894736842,5.3768444,XGB,0.39935224217943455,6,0.2240201727815135,0.17533206939792104
87309eaabffffff,12,True,0.1052631578947368,6.213337,XGB,0.4630771969117668,6,0.21339934699279142,0.24967784991897538
87309eaacffffff,3,True,0.0263157894736842,0.40675443,XGB,0.020725152885555927,6,0.3407047709380741,0.3199796180525182
87309eaadffffff,4,True,0.0350877192982456,5.3768444,XGB,0.39935224217943455,6,0.3169888657067667,0.08236337647266784
87309eaaeffffff,6,True,0.0526315789473684,5.3768444,XGB,0.39935224217943455,6,0.14323564700688282,0.2561165951725517
87309eab0ffffff,6,True,0.0526315789473684,5.3575997,XGB,0.39788615911266584,6,0.27450944398064864,0.1233767151320172
87309eab1ffffff,2,True,0.0175438596491228,0.40675443,XGB,0.020725152885555927,6,0.29418387784616434,0.2734587249606084
87309eab2ffffff,14,True,0.1228070175438596,6.7394104,XGB,0.5031540650166181,6,0.568201890283084,0.06504782526646591
87309eab3ffffff,6,True,0.0526315789473684,0.40675443,XGB,0.020725152885555927,6,0.4491696901155742,0.4284445372300183
87309eab4ffffff,8,True,0.0701754385964912,9.111217,XGB,0.6838409810979402,6,0.30025565413404437,0.38358532696389586
87309eab5ffffff,1,True,0.0087719298245614,0.40675443,XGB,0.020725152885555927,6,0.3656883471236066,0.34496319423805066
87309eab6ffffff,10,True,0.087719298245614,5.3575997,XGB,0.39788615911266584,6,0.49761424850871144,0.0997280893960456
87309eac4ffffff,3,True,0.0263157894736842,5.3575997,XGB,0.39788615911266584,3,0.14644548829459256,0.2514406708180733
87309eac6ffffff,0,False,0.0,0.40675443,XGB,0.020725152885555927,4,0.11501540444233341,0.09429025155677748
87309ead0ffffff,0,False,0.0,0.40675443,XGB,0.020725152885555927,5,0.020725152885555927,0.0
87309ead2ffffff,0,False,0.0,0.40675443,XGB,0.020725152885555927,6,0.020725152885555927,0.0
87309ead3ffffff,0,False,0.0,0.40675443,XGB,0.020725152885555927,4,0.020725152885555927,0.0
87309ead4ffffff,1,True,0.0087719298245614,0.40675443,XGB,0.020725152885555927,6,0.14644548829459256,0.12572033540903663
87309ead5ffffff,0,False,0.0,0.40675443,XGB,0.020725152885555927,4,0.020725152885555927,0.0
87309ead6ffffff,0,False,0.0,0.40675443,XGB,0.020725152885555927,6,0.08358532059007424,0.06286016770451831
87309eadaffffff,0,False,0.0,0.40675443,XGB,0.020725152885555927,3,0.020725152885555927,0.0
87309eae0ffffff,2,True,0.0175438596491228,0.40675443,XGB,0.020725152885555927,4,0.11574843150130232,0.09502327861574639
87309eae2ffffff,5,True,0.043859649122807,5.3575997,XGB,0.39788615911266584,5,0.18895376956728804,0.2089323895453778
87309eae4ffffff,3,True,0.0263157894736842,0.42599875,XGB,0.022191207003493748,6,0.08382966294306388,0.061638455939570125
87309eae5ffffff,1,True,0.0087719298245614,0.42599875,XGB,0.022191207003493748,3,0.14693417300057185,0.1247429659970781
87309eae6ffffff,3,True,0.0263157894736842,0.40675443,XGB,0.020725152885555927,6,0.16116000913998899,0.14043485625443305
87309eaf0ffffff,4,True,0.0350877192982456,5.3768444,XGB,0.39935224217943455,6,0.16091566678699934,0.2384365753924352
87309eaf1ffffff,2,True,0.0175438596491228,0.40675443,XGB,0.020725152885555927,6,0.2868803493738308,0.26615519648827485
87309eaf2ffffff,7,True,0.0614035087719298,5.3575997,XGB,0.39788615911266584,6,0.14668983547238734,0.2511963236402785
87309eaf3ffffff,2,True,0.0175438596491228,0.40675443,XGB,0.020725152885555927,6,0.14668983547238734,0.1259646825868314
87309eaf4ffffff,0,False,0.0,0.40675443,XGB,0.020725152885555927,6,0.22426452884710724,0.2035393759615513
87309eaf5ffffff,19,True,0.1666666666666666,6.497266,XGB,0.4847072300671066,6,0.14668983547238734,0.33801739459471924
87309eaf6ffffff,5,True,0.043859649122807,0.40675443,XGB,0.020725152885555927,6,0.2835196910257356,0.26279453814017967
87309eb80ffffff,0,False,0.0,0.40675443,XGB,0.020725152885555927,6,0.020969495238545563,0.0002443423529896356
87309eb81ffffff,0,False,0.0,0.40675443,XGB,0.020725152885555927,6,0.0212138375915352,0.0004886847059792712
87309eb82ffffff,0,False,0.0,0.40675443,XGB,0.020725152885555927,6,0.020969495238545563,0.0002443423529896356
87309eb83ffffff,0,False,0.0,0.42599875,XGB,0.022191207003493748,6,0.08407401012085867,0.06188280311736492
87309eb84ffffff,0,False,0.0,0.40675443,XGB,0.020725152885555927,6,0.020969495238545563,0.0002443423529896356
87309eb85ffffff,0,False,0.0,0.40675443,XGB,0.020725152885555927,5,0.020725152885555927,0.0
87309eb86ffffff,0,False,0.0,0.40675443,XGB,0.020725152885555927,6,0.020725152885555927,0.0
87309eb88ffffff,6,True,0.0526315789473684,8.149294,XGB,0.6105605962732694,6,0.0212138375915352,0.5893467586817343
87309eb89ffffff,4,True,0.0350877192982456,0.40675443,XGB,0.020725152885555927,6,0.25466761883332806,0.23394246594777213
87309eb8affffff,2,True,0.0175438596491228,0.40675443,XGB,0.020725152885555927,6,0.18262425970513388,0.16189910681957795
87309eb8bffffff,1,True,0.0087719298245614,0.40675443,XGB,0.020725152885555927,6,0.3172834441848567,0.2965582912993008
87309eb8cffffff,0,False,0.0,0.40675443,XGB,0.020725152885555927,5,0.13927866321027374,0.11855351032471781
87309eb8dffffff,0,False,0.0,0.42599875,XGB,0.022191207003493748,5,0.13869224156309862,0.11650103455960487
87309eb8effffff,2,True,0.0175438596491228,0.42599875,XGB,0.022191207003493748,6,0.18237991735214423,0.16018871034865048
87309eb90ffffff,0,False,0.0,0.40675443,XGB,0.020725152885555927,6,0.21339934978609967,0.19267419690054374
87309eb91ffffff,0,False,0.0,0.40675443,XGB,0.020725152885555927,6,0.08382966776786903,0.0631045148823131
87309eb92ffffff,9,True,0.0789473684210526,5.3768444,XGB,0.39935224217943455,6,0.16866672539317915,0.2306855167862554
87309eb93ffffff,3,True,0.0263157894736842,5.3768444,XGB,0.39935224217943455,6,0.16506172596177987,0.23429051621765468
87309eb94ffffff,8,True,0.0701754385964912,5.3575997,XGB,0.39788615911266584,6,0.19606467724226775,0.20182148187039808
87309eb95ffffff,0,False,0.0,0.40675443,XGB,0.020725152885555927,6,0.08358532059007424,0.06286016770451831
87309eb96ffffff,7,True,0.0614035087719298,0.69068295,XGB,0.04235514947395145,6,0.2871246965516256,0.24476954707767415
87309eb98ffffff,16,True,0.1403508771929824,6.532512,XGB,0.48739231031108693,6,0.2376398336073208,0.24975247670376613
87309eb99ffffff,4,True,0.0350877192982456,0.42599875,XGB,0.022191207003493748,6,0.25576737158623924,0.2335761645827455
87309eb9affffff,8,True,0.0701754385964912,5.085549,XGB,0.37716102831963877,6,0.3034265037589798,0.07373452456065899
87309eb9bffffff,13,True,0.1140350877192982,7.8227515,XGB,0.5856842183702462,6,0.2686726387505452,0.317011579619701
87309eb9cffffff,0,False,0.0,0.40675443,XGB,0.020725152885555927,6,0.16185186969178048,0.14112671680622454
87309eb9dffffff,4,True,0.0350877192982456,5.3768444,XGB,0.39935224217943455,6,0.09923603951544667,0.30011620266398786
87309eb9effffff,3,True,0.0263157894736842,0.40675443,XGB,0.020725152885555927,6,0.22101350657780464,0.2002883536922487
87309eba2ffffff,1,True,0.0087719298245614,0.42599875,XGB,0.022191207003493748,4,0.11538192520902558,0.09319071820553183
87309eba3ffffff,0,False,0.0,0.40675443,XGB,0.020725152885555927,3,0.0212138375915352,0.0004886847059792712
87309ebaaffffff,0,False,0.0,0.40675443,XGB,0.020725152885555927,3,0.020725152885555927,0.0
87309ebb0ffffff,4,True,0.0350877192982456,0.40675443,XGB,0.020725152885555927,6,0.1782338464962565,0.15750869361070058
87309ebb1ffffff,0,False,0.0,0.40675443,XGB,0.020725152885555927,6,0.08407401012085867,0.06334885723530274
87309ebb2ffffff,14,True,0.1228070175438596,7.8419952,XGB,0.587150225255881,6,0.26807431695002487,0.31907590830585614
87309ebb3ffffff,1,True,0.0087719298245614,0.40675443,XGB,0.020725152885555927,6,0.17798949931846175,0.15726434643290582
87309ebb4ffffff,3,True,0.0263157894736842,0.40675443,XGB,0.020725152885555927,5,0.09645057074433165,0.07572541785877572
87309ebb5ffffff,9,True,0.0789473684210526,5.3768444,XGB,0.39935224217943455,4,0.021091666415040383,0.37826057576439415
87309ebb6ffffff,2,True,0.0175438596491228,0.40675443,XGB,0.020725152885555927,6,0.2851481494814873,0.2644229965959314
87309e000ffffff,2,True,0.0175438596491228,1.7346567,MLP,0.0018246630206015454,6,0.01605376782666393,0.014229104806062383
87309e001ffffff,4,True,0.0350877192982456,7.90925,MLP,0.00831963811380821,6,0.0006186153608168433,0.007701022752991367
87309e002ffffff,1,True,0.0087719298245614,3.1808736,MLP,0.0033459199339717837,6,0.004625155510990137,0.0012792355770183533
87309e003ffffff,0,False,0.0,0.24661173,MLP,0.00025940769962008785,6,0.0029257292982270643,0.0026663215986069766
87309e004ffffff,7,True,0.0614035087719298,79.685005,MLP,0.08381962950937166,6,0.0014655612879429178,0.08235406822142874
87309e005ffffff,0,False,0.0,0.54949975,MLP,0.0005780117032118194,6,0.016413300913681764,0.015835289210469946
87309e006ffffff,2,True,0.0175438596491228,0.0,MLP,0.0,6,0.06814210967137686,0.06814210967137686
87309e008ffffff,0,False,0.0,0.43418595,MLP,0.00045671460354648367,6,0.0003847178976221278,7.199670592435587e-05
87309e009ffffff,1,True,0.0087719298245614,0.6626139,MLP,0.0006969950193986916,6,0.011499946741202546,0.010802951721803854
87309e00affffff,0,False,0.0,0.46021423,MLP,0.0004840934157378889,6,0.00018318139069489723,0.00030091202504299163
87309e00bffffff,2,True,0.0175438596491228,0.0,MLP,0.0,6,0.0035934844541674342,0.0035934844541674342
87309e00cffffff,1,True,0.0087719298245614,0.6914786,MLP,0.0007273574252227129,6,0.002132889368951465,0.001405531943728752
87309e00dffffff,0,False,0.0,0.3801373,MLP,0.00039986152537347357,6,0.0014368184376371267,0.0010369569122636532
87309e00effffff,0,False,0.0,0.0,MLP,0.0,6,0.001814930833093047,0.001814930833093047
87309e010ffffff,2,True,0.0175438596491228,0.0,MLP,0.0,6,0.04789545895706907,0.04789545895706907
87309e011ffffff,0,False,0.0,10.872398,MLP,0.011436535295924666,6,0.00574418653201053,0.005692348763914136
87309e012ffffff,6,True,0.0526315789473684,28.918428,MLP,0.030418921614592854,6,0.002506591156179191,0.027912330458413664
87309e013ffffff,3,True,0.0263157894736842,0.0,MLP,0.0,6,0.010129062859609522,0.010129062859609522
87309e014ffffff,18,True,0.1578947368421052,210.59602,MLP,0.22152323856349415,6,0.0731824768735256,0.14834076168996857
87309e015ffffff,5,True,0.043859649122807,10.275386,MLP,0.010808546069436582,6,0.09089326554804504,0.08008471947860846
87309e016ffffff,5,True,0.043859649122807,12.535102,MLP,0.013185512198966213,6,0.04209167155127977,0.028906159352313554
87309e018ffffff,5,True,0.043859649122807,0.0,MLP,0.0,6,0.0036546018528752985,0.0036546018528752985
87309e019ffffff,0,False,0.0,0.0,MLP,0.0,6,0.0015677911385439528,0.0015677911385439528
87309e01affffff,0,False,0.0,0.46021423,MLP,0.0004840934157378889,6,0.0031964064727831153,0.0027123130570452262
87309e01bffffff,0,False,0.0,0.46629602,MLP,0.0004904907722361886,6,0.0015075524950923505,0.0010170617228561617
87309e01cffffff,0,False,0.0,3.2529926,MLP,0.0034217809803579434,6,0.0054288514797393855,0.002007070499381442
87309e01dffffff,3,True,0.0263157894736842,0.61068696,MLP,0.0006423737406228997,6,0.0006942136826193201,5.183994199642035e-05
87309e01effffff,3,True,0.0263157894736842,16.055784,MLP,0.016888872208296872,6,0.0026476599133831275,0.014241212294913744
87309e020ffffff,1,True,0.0087719298245614,0.0,MLP,0.0,6,0.012148583074053679,0.012148583074053679
87309e021ffffff,0,False,0.0,0.2997688,MLP,0.0003153229362847995,6,0.011737570668756301,0.011422247732471502
87309e022ffffff,3,True,0.0263157894736842,2.5148544,MLP,0.0026453429234021275,6,0.020396208111067834,0.017750865187665707
87309e023ffffff,4,True,0.0350877192982456,3.5606008,MLP,0.0037453500804420147,6,0.014634429918982112,0.010889079838540098
87309e024ffffff,0,False,0.0,0.33278385,MLP,0.00035005104177005837,6,0.02464415607567119,0.024294105033901132
87309e025ffffff,5,True,0.043859649122807,62.587925,MLP,0.06583543146242307,6,0.0006380525042297432,0.06519737895819333
87309e026ffffff,1,True,0.0087719298245614,0.0,MLP,0.0,6,0.018578551736793947,0.018578551736793947
87309e028ffffff,0,False,0.0,2.9020226,MLP,0.003052600161847558,6,0.0009056585453548546,0.002146941616492703
87309e029ffffff,0,False,0.0,0.46021423,MLP,0.0004840934157378889,6,0.0013024008660565245,0.0008183074503186356
87309e02affffff,1,True,0.0087719298245614,0.30635637,MLP,0.0003222523162448943,6,0.0027374582500747147,0.0024152059338298205
87309e02bffffff,3,True,0.0263157894736842,3.1361442,MLP,0.003298869654735728,6,0.0008310274740710881,0.00246784218066464
87309e02cffffff,1,True,0.0087719298245614,0.37681803,MLP,0.00039637002805046316,6,0.0007618766732631209,0.00036550664521265775
87309e02dffffff,0,False,0.0,0.46021423,MLP,0.0004840934157378889,6,0.0021679685294872073,0.0016838751137493184
87309e02effffff,1,True,0.0087719298245614,0.42616022,MLP,0.00044827244162226403,6,0.0014016512043469249,0.0009533787627246608
87309e030ffffff,4,True,0.0350877192982456,8.2716055,MLP,0.008700795192993724,6,0.07634086583731119,0.06764007064431746
87309e031ffffff,4,True,0.0350877192982456,0.0,MLP,0.0,6,0.07317198936620674,0.07317198936620674
87309e032ffffff,9,True,0.0789473684210526,100.81586,MLP,0.10604690347787117,6,0.09015069714799885,0.01589620632987232
87309e033ffffff,18,True,0.1578947368421052,293.809,MLP,0.3090538994948796,6,0.057846580550632604,0.25120731894424697
87309e034ffffff,3,True,0.0263157894736842,6.7516084,MLP,0.007101929838372497,6,0.00797473349808971,0.0008728036597172124
87309e035ffffff,5,True,0.043859649122807,33.095062,MLP,0.03481226907659333,6,0.003568906010899486,0.031243363065693842
87309e036ffffff,0,False,0.0,0.97937614,MLP,0.001030193136150503,6,0.03734669227331556,0.03631649913716505
87309e040ffffff,21,True,0.1842105263157894,116.05818,MLP,0.12208010339124616,6,0.2579429343740115,0.13586283098276536
87309e041ffffff,9,True,0.0789473684210526,37.437206,MLP,0.03937971437394057,6,0.18937938285418687,0.14999966848024632
87309e042ffffff,24,True,0.2105263157894736,406.04596,MLP,0.42711451082894636,6,0.25135553536025806,0.1757589754686883
87309e043ffffff,28,True,0.2456140350877192,668.93933,MLP,0.7036486576721342,6,0.18886614206391775,0.5147825156082165
87309e044ffffff,7,True,0.0614035087719298,50.137783,MLP,0.05273928759220474,6,0.0758671438952252,0.023127856303020458
87309e045ffffff,12,True,0.1052631578947368,130.56853,MLP,0.13734335349772872,6,0.04268309211878913,0.0946602613789396
87309e046ffffff,16,True,0.1403508771929824,178.1865,MLP,0.18743208227911454,6,0.10919487287923253,0.078237209399882
87309e048ffffff,10,True,0.087719298245614,161.9879,MLP,0.1703929837615138,6,0.04305662116862217,0.12733636259289163
87309e049ffffff,0,False,0.0,0.46021423,MLP,0.0004840934157378889,6,0.04226072763210801,0.04177663421637012
87309e04affffff,8,True,0.0701754385964912,38.11476,MLP,0.04009242469193066,6,0.05705814737441895,0.01696572268248829
87309e04bffffff,0,False,0.0,0.46386173,MLP,0.0004879301739665598,6,0.03532294811677635,0.03483501794280979
87309e04cffffff,6,True,0.0526315789473684,25.020102,MLP,0.02631832275001663,6,0.07542795956888167,0.049109636818865036
87309e04dffffff,9,True,0.0789473684210526,77.35166,MLP,0.08136521398392185,6,0.040145483469544996,0.04121973051437686
87309e04effffff,11,True,0.0964912280701754,104.18584,MLP,0.10959174199615943,6,0.16903990771331567,0.05944816571715625
87309e050ffffff,8,True,0.0701754385964912,68.428154,MLP,0.07197869305887888,6,0.0456857862576335,0.026292906801245387
87309e051ffffff,11,True,0.0964912280701754,58.717175,MLP,0.061763839436754,6,0.15786039059064821,0.0960965511538942
87309e052ffffff,10,True,0.087719298245614,109.2349,MLP,0.1149027831207799,6,0.015932517081910322,0.09897026603886958
87309e053ffffff,1,True,0.0087719298245614,0.15293844,MLP,0.0001608739734475924,6,0.04449388490338214,0.044333010929934545
87309e054ffffff,7,True,0.0614035087719298,42.570183,MLP,0.04477902670905463,6,0.024217341415781427,0.0205616852932732
87309e055ffffff,9,True,0.0789473684210526,30.977745,MLP,0.03258509061944327,6,0.13495789075007925,0.10237280013063597
87309e056ffffff,5,True,0.043859649122807,18.940344,MLP,0.019923103686321542,6,0.03872624965135201,0.01880314596503047
87309e058ffffff,6,True,0.0526315789473684,30.893995,MLP,0.03249699507409682,6,0.08254031848750358,0.05004332341340676
87309e059ffffff,3,True,0.0263157894736842,26.11391,MLP,0.0274688852845159,6,0.023890480697962718,0.0035784045865531813
87309e05affffff,0,False,0.0,0.46021423,MLP,0.0004840934157378889,6,0.012982643417408986,0.012498550001671098
87309e05bffffff,5,True,0.043859649122807,16.692299,MLP,0.017558414131236547,6,0.015237833749228456,0.002320580382008091
87309e05cffffff,17,True,0.1491228070175438,380.86163,MLP,0.4006234387628562,6,0.21235518039043436,0.18826825837242187
87309e05dffffff,8,True,0.0701754385964912,32.71011,MLP,0.03440734303035801,6,0.21898702391361555,0.18457968088325755
87309e05effffff,3,True,0.0263157894736842,13.974633,MLP,0.014699736300316967,6,0.08265127564909254,0.06795153934877557
87309e060ffffff,2,True,0.0175438596491228,26.476664,MLP,0.027850461540714196,6,0.08839807340845236,0.06054761186773817
87309e061ffffff,3,True,0.0263157894736842,0.0,MLP,0.0,6,0.05789471174906147,0.05789471174906147
87309e062ffffff,3,True,0.0263157894736842,4.1604004,MLP,0.004376271547434071,6,0.026006949264132734,0.021630677716698663
87309e063ffffff,8,True,0.0701754385964912,0.0,MLP,0.0,6,0.03781911728593154,0.03781911728593154
87309e064ffffff,31,True,0.2719298245614035,167.98288,MLP,0.17669902593991477,6,0.22244125971363396,0.04574223377371919
87309e065ffffff,22,True,0.1929824561403508,264.12744,MLP,0.27783224916731564,6,0.2887789602578397,0.010946711090524086
87309e066ffffff,9,True,0.0789473684210526,67.95491,MLP,0.07148089379604977,6,0.03482095983801051,0.036659933958039265
87309e068ffffff,3,True,0.0263157894736842,0.0,MLP,0.0,6,0.03474834946465327,0.03474834946465327
87309e069ffffff,3,True,0.0263157894736842,0.06566085,MLP,6.90678016556619e-05,6,0.048685437571082145,0.04861636976942648
87309e06affffff,5,True,0.043859649122807,35.454487,MLP,0.03729411781783579,6,0.037031784273185354,0.0002623335446504324
87309e06bffffff,2,True,0.0175438596491228,13.826565,MLP,0.014543985479918654,6,0.028971697786957153,0.0144277123070385
87309e06cffffff,3,True,0.0263157894736842,0.0,MLP,0.0,6,0.0322771926562235,0.0322771926562235
87309e06dffffff,13,True,0.1140350877192982,144.4809,MLP,0.151977596151002,6,5.975091320280593e-05,0.1519178452377992
87309e06effffff,4,True,0.0350877192982456,4.3781595,MLP,0.004605329537507538,6,0.02910624521926075,0.024500915681753214
87309e070ffffff,0,False,0.0,2.0999303,MLP,0.0022088896115587077,6,0.00409588536370196,0.001886995752143252
87309e071ffffff,5,True,0.043859649122807,3.77517,MLP,0.003971052655827713,6,0.043905953869673185,0.03993490121384547
87309e072ffffff,1,True,0.0087719298245614,3.2712388,MLP,0.003440973922919143,6,0.010793994175518752,0.007353020252599609
87309e073ffffff,4,True,0.0350877192982456,15.856447,MLP,0.01667919218772701,6,0.045736185966319655,0.029056993778592645
87309e074ffffff,0,False,0.0,0.46021423,MLP,0.0004840934157378889,6,0.0005312885959294465,4.719518019155762e-05
87309e075ffffff,0,False,0.0,0.0,MLP,0.0,6,0.013753533504434694,0.013753533504434694
87309e076ffffff,1,True,0.0087719298245614,0.0,MLP,0.0,6,0.0017194635910104715,0.0017194635910104715
87309e080ffffff,1,True,0.0087719298245614,0.471921,MLP,0.0004964076161844024,4,0.0018926730787671158,0.0013962654625827133
87309e082ffffff,0,False,0.0,0.46021423,MLP,0.0004840934157378889,3,0.003444782139944267,0.0029606887242063784
87309e084ffffff,1,True,0.0087719298245614,0.2971397,MLP,0.0003125574198875415,6,0.0012924237518942207,0.0009798663320066793
87309e085ffffff,1,True,0.0087719298245614,3.219947,MLP,0.0033870207397215164,5,0.0004522490566571221,0.002934771683064394
87309e086ffffff,0,False,0.0,3.219947,MLP,0.0033870207397215164,6,0.0013205995070688708,0.0020664212326526456
87309e090ffffff,1,True,0.0087719298245614,0.032788545,MLP,3.4489847795722176e-05,3,0.0034269771378788515,0.0033924872900831294
87309e094ffffff,0,False,0.0,3.1808736,MLP,0.0033459199339717837,5,0.0015266430539749782,0.0018192768799968056
87309e095ffffff,1,True,0.0087719298245614,6.1327095,MLP,0.006450918063926882,5,0.001486228892780684,0.0049646891711461975
87309e096ffffff,0,False,0.0,0.46021423,MLP,0.0004840934157378889,2,0.001690204890883753,0.001206111475145864
87309e0a0ffffff,1,True,0.0087719298245614,3.1808736,MLP,0.0033459199339717837,6,0.00025796984532785474,0.003087950088643929
87309e0a1ffffff,2,True,0.0175438596491228,0.0,MLP,0.0,6,0.00609784385302489,0.00609784385302489
87309e0a2ffffff,2,True,0.0175438596491228,0.0,MLP,0.0,6,0.027347237227976207,0.027347237227976207
87309e0a3ffffff,0,False,0.0,0.46021423,MLP,0.0004840934157378889,6,0.0012549319182197885,0.0007708385024818997
87309e0a4ffffff,1,True,0.0087719298245614,0.0,MLP,0.0,6,0.0009009335210573144,0.0009009335210573144
87309e0a5ffffff,1,True,0.0087719298245614,0.34940678,MLP,0.00036753648754445746,6,0.007865114398263,0.007497577910718542
87309e0a6ffffff,4,True,0.0350877192982456,0.6618478,MLP,0.0006961891686847821,6,0.027244592201039693,0.026548403032354912
87309e0a8ffffff,0,False,0.0,0.6764336,MLP,0.0007115317836736097,6,0.0006625813948491501,4.895038882445958e-05
87309e0a9ffffff,0,False,0.0,0.46021423,MLP,0.0004840934157378889,6,0.0010979646114181055,0.0006138711956802166
87309e0aaffffff,0,False,0.0,0.46021423,MLP,0.0004840934157378889,4,0.001268951505542877,0.0007848580898049881
87309e0abffffff,0,False,0.0,0.46883366,MLP,0.0004931600830384928,4,0.001315934640195072,0.0008227745571565792
87309e0acffffff,3,True,0.0263157894736842,1.4131728,MLP,0.001486498250564474,6,0.005359682767047103,0.0038731845164826292
87309e0adffffff,1,True,0.0087719298245614,0.51673776,MLP,0.0005435497882782666,6,0.0033425148456684563,0.0027989650573901894
87309e0aeffffff,0,False,0.0,0.46021423,MLP,0.0004840934157378889,6,0.001092206267572563,0.000608112851834674
87309e0b0ffffff,0,False,0.0,0.05661568,MLP,5.955330393743645e-05,6,0.027104822387669567,0.02704526908373213
87309e0b1ffffff,3,True,0.0263157894736842,0.0,MLP,0.0,6,0.02719723590329971,0.02719723590329971
87309e0b2ffffff,0,False,0.0,0.46021423,MLP,0.0004840934157378889,4,0.0010556268960002161,0.0005715334802623272
87309e0b3ffffff,2,True,0.0175438596491228,0.17076027,MLP,0.00017962052667650923,6,0.002287917576215918,0.0021082970495394085
87309e0b4ffffff,4,True,0.0350877192982456,1.9803866,MLP,0.002083143134612644,4,0.04001574437538081,0.037932601240768166
87309e0b5ffffff,14,True,0.1228070175438596,151.3895,MLP,0.15924466342957525,6,0.0004933720926383792,0.15875129133693686
87309e0b6ffffff,0,False,0.0,0.6059717,MLP,0.0006374138194151348,4,0.0007777208175064646,0.00014030699809132983
87309e0c1ffffff,0,False,0.0,0.46021423,MLP,0.0004840934157378889,2,0.0005947189839410078,0.00011062556820311893
87309e0c5ffffff,0,False,0.0,0.5758671,MLP,0.0006057471787651426,4,0.0004533692238617308,0.00015237795490341175
87309e0e0ffffff,5,True,0.043859649122807,10.351807,MLP,0.010888932334164002,6,0.0014386909623626796,0.009450241371801322
87309e0e1ffffff,2,True,0.0175438596491228,0.27815485,MLP,0.00029258750091356396,6,0.021629542069572735,0.02133695456865917
87309e0e2ffffff,3,True,0.0263157894736842,0.053816885,MLP,5.660928755728209e-05,4,0.004792970329967308,0.004736361042410027
87309e0e3ffffff,0,False,0.0,0.46883366,MLP,0.0004931600830384928,5,0.002419281781790732,0.0019261216987522393
87309e0e4ffffff,4,True,0.0350877192982456,0.0,MLP,0.0,6,0.0031938024420947717,0.0031938024420947717
87309e0e5ffffff,5,True,0.043859649122807,0.0,MLP,0.0,6,0.0243345677736965,0.0243345677736965
87309e0e6ffffff,3,True,0.0263157894736842,7.405537,MLP,0.00778978890266674,6,0.0019060053989929122,0.0058837835036738275
87309e0e8ffffff,0,False,0.0,0.46021423,MLP,0.0004840934157378889,6,0.0009185924370410853,0.0004344990213031964
87309e0e9ffffff,1,True,0.0087719298245614,0.54471654,MLP,0.0005729803062750242,6,0.002417351392580019,0.0018443710863049949
87309e0eaffffff,0,False,0.0,0.5548987,MLP,0.000583690789116873,5,0.00046211200670649553,0.00012157878241037743
87309e0ebffffff,0,False,0.0,0.46021423,MLP,0.0004840934157378889,4,0.0005312144817169186,4.712106597902976e-05
87309e0ecffffff,4,True,0.0350877192982456,3.0800304,MLP,0.0032398442719003633,6,0.01941188064168255,0.016172036369782188
87309e0edffffff,1,True,0.0087719298245614,0.359747,MLP,0.00037841323166269393,6,0.003273603613902621,0.002895190382239927
87309e0eeffffff,1,True,0.0087719298245614,0.24007577,MLP,0.00025253260755366864,6,0.0009498538732453874,0.0006973212656917187
87309e0f4ffffff,5,True,0.043859649122807,0.7333797,MLP,0.0007714326521494745,5,0.0010085395098685733,0.00023710685771909882
87309e0f5ffffff,4,True,0.0350877192982456,0.0,MLP,0.0,4,0.0022770804036524213,0.0022770804036524213
87309e0f6ffffff,2,True,0.0175438596491228,3.4072287,MLP,0.0035840199456309008,3,0.000582895383641952,0.003001124561988949
87309e100ffffff,6,True,0.0526315789473684,5.6970706,MLP,0.005992675121005937,6,0.0019615387937999304,0.0040311363272060065
87309e101ffffff,2,True,0.0175438596491228,0.23263893,MLP,0.0002447098914288409,6,0.0026162469528408293,0.0023715370614119883
87309e102ffffff,0,False,0.0,0.3288723,MLP,0.00034593653275035786,6,0.012777171136366406,0.012431234603616049
87309e103ffffff,0,False,0.0,0.7232176,MLP,0.0007607432701630244,6,0.0016361932753572426,0.0008754500051942183
87309e104ffffff,0,False,0.0,0.079835266,MLP,8.397768711819917e-05,6,0.006200932252130832,0.006116954565012633
87309e105ffffff,1,True,0.0087719298245614,0.16679719,MLP,0.0001754518139141018,6,0.009272589629091561,0.00909713781517746
87309e106ffffff,5,True,0.043859649122807,9.657323,MLP,0.010158413567425058,6,0.003241501384346548,0.00691691218307851
87309e108ffffff,4,True,0.0350877192982456,1.4915887,MLP,0.001568982924884868,6,0.015747521701377748,0.01417853877649288
87309e109ffffff,1,True,0.0087719298245614,0.24717322,MLP,0.0002599983237127037,6,0.02425474943684418,0.023994751113131478
87309e10affffff,3,True,0.0263157894736842,8.021483,MLP,0.008437694559669327,6,0.012708364101907834,0.004270669542238507
87309e10bffffff,1,True,0.0087719298245614,2.7508001,MLP,0.0028935311635651215,6,0.012786928032703088,0.009893396869137967
87309e10cffffff,2,True,0.0175438596491228,4.337466,MLP,0.004562524569453139,6,0.015352411358981058,0.010789886789527919
87309e10dffffff,12,True,0.1052631578947368,73.886246,MLP,0.0777199896713101,6,0.032244231251237813,0.04547575842007228
87309e10effffff,0,False,0.0,0.5812334,MLP,0.0006113919205560999,6,0.002617100584650075,0.0020057086640939753
87309e110ffffff,0,False,0.0,3.1808736,MLP,0.0033459199339717837,6,0.01034689665147447,0.007000976717502686
87309e111ffffff,4,True,0.0350877192982456,53.972145,MLP,0.05677260354976555,6,0.0011924235320498152,0.05558018001771574
87309e112ffffff,1,True,0.0087719298245614,0.48539066,MLP,0.000510576177895821,5,0.024303436771844295,0.023792860593948473
87309e113ffffff,0,False,0.0,0.46021423,MLP,0.0004840934157378889,6,0.03008795484843309,0.0296038614326952
87309e114ffffff,0,False,0.0,0.46021423,MLP,0.0004840934157378889,4,0.0019150066748548364,0.0014309132591169475
87309e115ffffff,0,False,0.0,0.46021423,MLP,0.0004840934157378889,6,0.011931843402564757,0.011447749986826869
87309e116ffffff,1,True,0.0087719298245614,3.1808736,MLP,0.0033459199339717837,3,0.001446863175868498,0.0018990567581032858
87309e118ffffff,1,True,0.0087719298245614,0.0,MLP,0.0,6,0.012714348927566732,0.012714348927566732
87309e119ffffff,7,True,0.0614035087719298,67.2109,MLP,0.0706982792683696,6,0.0019801770007282006,0.0687181022676414
87309e11affffff,2,True,0.0175438596491228,0.0,MLP,0.0,6,0.0027379166414389076,0.0027379166414389076
87309e11bffffff,0,False,0.0,2.8190935,MLP,0.002965368110628566,6,0.018768746363889238,0.015803378253260673
87309e11cffffff,2,True,0.0175438596491228,2.3714502,MLP,0.002494497894100971,6,0.00966787194083003,0.00717337404672906
87309e11dffffff,1,True,0.0087719298245614,0.121636905,MLP,0.00012794829230125087,6,0.013833767818809836,0.013705819526508586
87309e11effffff,1,True,0.0087719298245614,0.0,MLP,0.0,6,0.010961936881177442,0.010961936881177442
87309e121ffffff,0,False,0.0,0.46021423,MLP,0.0004840934157378889,4,0.013061227003591434,0.012577133587853546
87309e122ffffff,0,False,0.0,0.5608946,MLP,0.0005899977990314139,3,0.006791010966175561,0.006201013167144147
87309e123ffffff,3,True,0.0263157894736842,7.824816,MLP,0.008230823077679465,5,0.007764435538233171,0.00046638753944629446
87309e128ffffff,2,True,0.0175438596491228,20.095713,MLP,0.021138421443114216,6,0.00960655427070584,0.011531867172408377
87309e129ffffff,0,False,0.0,0.36912602,MLP,0.0003882789018921303,6,0.024627209062857366,0.024238930160965236
87309e12affffff,2,True,0.0175438596491228,3.4173772,MLP,0.0035946950219526734,6,0.011997410569504721,0.008402715547552047
87309e12bffffff,2,True,0.0175438596491228,7.9615946,MLP,0.008374698723753786,6,0.03717108493263301,0.028796386208879227
87309e12cffffff,3,True,0.0263157894736842,5.731623,MLP,0.006029020345137625,6,0.010309274753712202,0.004280254408574578
87309e12dffffff,1,True,0.0087719298245614,1.6769629,MLP,0.0017639756561345697,6,0.004820401040515507,0.0030564253843809374
87309e12effffff,5,True,0.043859649122807,35.63943,MLP,0.03748865697536425,6,0.0066087508529226605,0.03087990612244159
87309e131ffffff,2,True,0.0175438596491228,11.463428,MLP,0.012058232133729016,4,0.00282912061732814,0.009229111516400875
87309e133ffffff,1,True,0.0087719298245614,0.46021423,MLP,0.0004840934157378889,4,0.005796208133157463,0.005312114717419574
87309e140ffffff,0,False,0.0,0.46021423,MLP,0.0004840934157378889,6,0.01409408749578737,0.013609994080049481
87309e141ffffff,4,True,0.0350877192982456,1.9653803,MLP,0.0020673582010946445,6,0.023561843656630558,0.021494485455535915
87309e142ffffff,4,True,0.0350877192982456,7.9359694,MLP,0.00834774390621812,6,0.011554429375997988,0.003206685469779867
87309e143ffffff,11,True,0.0964912280701754,59.119427,MLP,0.06218696312996835,6,0.013324850387992769,0.048862112741975584
87309e144ffffff,3,True,0.0263157894736842,4.020791,MLP,0.0042294182193326835,6,0.008206760162530304,0.00397734194319762
87309e145ffffff,4,True,0.0350877192982456,6.8913746,MLP,0.007248948102372514,6,0.0053421679245343094,0.0019067801778382045
87309e146ffffff,0,False,0.0,0.46021423,MLP,0.0004840934157378889,6,0.009908776919035843,0.009424683503297955
87309e148ffffff,15,True,0.131578947368421,39.11247,MLP,0.04114190297906631,6,0.4484783856659091,0.40733648268684275
87309e149ffffff,29,True,0.2543859649122807,950.67236,MLP,1.0,6,0.42510200534984177,0.5748979946501582
87309e14affffff,18,True,0.1578947368421052,100.62407,MLP,0.10584516204931002,6,0.18975493790871686,0.08390977585940684
87309e14bffffff,30,True,0.2631578947368421,809.62946,MLP,0.8516387917284142,6,0.373487265370795,0.47815152635761915
87309e14cffffff,11,True,0.0964912280701754,65.783424,MLP,0.06919673566611319,6,0.13278318998706698,0.06358645432095379
87309e14dffffff,16,True,0.1403508771929824,631.21716,MLP,0.6639691933401746,6,0.23978486517338807,0.42418432816678653
87309e14effffff,2,True,0.0175438596491228,0.20955786,MLP,0.00022043121144281507,6,0.05821126626983594,0.05799083505839313
87309e150ffffff,5,True,0.043859649122807,8.48526,MLP,0.008925535607241174,6,0.0011186345437314141,0.00780690106350976
87309e151ffffff,3,True,0.0263157894736842,0.0,MLP,0.0,6,0.00533745080516839,0.00533745080516839
87309e152ffffff,5,True,0.043859649122807,0.0,MLP,0.0,6,0.012668840166974034,0.012668840166974034
87309e153ffffff,0,False,0.0,0.25760472,MLP,0.0002709710840862145,6,0.003019171164991761,0.0027482000809055463
87309e154ffffff,2,True,0.0175438596491228,0.0,MLP,0.0,6,0.01311715884780045,0.01311715884780045
87309e155ffffff,4,True,0.0350877192982456,5.8670044,MLP,0.006171426294543789,6,0.0029595621548661973,0.003211864139677592
87309e156ffffff,2,True,0.0175438596491228,0.25612053,MLP,0.00026940988375848016,6,0.012985749426157012,0.012716339542398532
87309e158ffffff,2,True,0.0175438596491228,0.0,MLP,0.0,6,0.012938875346777375,0.012938875346777375
87309e159ffffff,8,True,0.0701754385964912,0.0,MLP,0.0,6,0.07047575956312295,0.07047575956312295
87309e15affffff,0,False,0.0,0.47034377,MLP,0.0004947485482800825,6,0.0016268846976891175,0.001132136149409035
87309e15bffffff,2,True,0.0175438596491228,0.0,MLP,0.0,6,0.012076622626677956,0.012076622626677956
87309e15cffffff,6,True,0.0526315789473684,0.0,MLP,0.0,6,0.024612201761428445,0.024612201761428445
87309e15dffffff,5,True,0.043859649122807,65.43428,MLP,0.06882947559346314,6,0.02804209273178687,0.04078738286167627
87309e15effffff,3,True,0.0263157894736842,7.8991632,MLP,0.008309027938921038,6,0.00020830217468403097,0.008100725764237007
87309e160ffffff,1,True,0.0087719298245614,2.7508001,MLP,0.0028935311635651215,6,0.012213476566907517,0.009319945403342396
87309e161ffffff,1,True,0.0087719298245614,3.581952,MLP,0.0037678091324754616,6,0.027115786820603466,0.023347977688128005
87309e162ffffff,3,True,0.0263157894736842,0.09937185,MLP,0.00010452796797416093,6,0.018400953398918635,0.018296425430944476
87309e163ffffff,1,True,0.0087719298245614,0.6644424,MLP,0.000698918394976793,6,0.006797260581272536,0.006098342186295742
87309e164ffffff,3,True,0.0263157894736842,5.807016,MLP,0.0061083252699173874,6,0.012201006916830947,0.006092681646913559
87309e165ffffff,1,True,0.0087719298245614,0.3288723,MLP,0.00034593653275035786,6,0.005547835130776987,0.00520189859802663
87309e166ffffff,5,True,0.043859649122807,59.184433,MLP,0.06225534210335094,6,0.001649084453238969,0.06060625765011197
87309e168ffffff,1,True,0.0087719298245614,0.16694546,MLP,0.00017560777721569603,6,0.04135679815073197,0.04118119037351627
87309e169ffffff,1,True,0.0087719298245614,0.0,MLP,0.0,6,0.016614089222074364,0.016614089222074364
87309e16affffff,5,True,0.043859649122807,1.9335634,MLP,0.0020338904141485713,6,0.03141572373753105,0.029381833323382477
87309e16bffffff,7,True,0.0614035087719298,82.96172,MLP,0.087266363776475,6,0.12316697992215392,0.035900616145678924
87309e16cffffff,9,True,0.0789473684210526,121.38669,MLP,0.12768509436836892,6,0.010207826483283193,0.11747726788508572
87309e16dffffff,3,True,0.0263157894736842,8.191099,MLP,0.008616111443484061,6,0.02488250669242135,0.01626639524893729
87309e16effffff,5,True,0.043859649122807,21.427517,MLP,0.022539328901915272,6,0.023601711364926326,0.0010623824630110537
87309e170ffffff,3,True,0.0263157894736842,0.0,MLP,0.0,6,0.03655978515808889,0.03655978515808889
87309e171ffffff,6,True,0.0526315789473684,38.236023,MLP,0.040219979678382575,6,0.0008210950728247392,0.039398884605557835
87309e172ffffff,12,True,0.1052631578947368,59.965164,MLP,0.06307658297754655,6,0.0322670979971831,0.030809484980363448
87309e173ffffff,3,True,0.0263157894736842,0.0,MLP,0.0,6,0.018325347061035134,0.018325347061035134
87309e174ffffff,0,False,0.0,0.31468916,MLP,0.0003310174706246851,6,0.019524726405916192,0.019193708935291508
87309e175ffffff,2,True,0.0175438596491228,0.103177264,MLP,0.00010853083390370159,6,0.017234545806086125,0.017126014972182423
87309e176ffffff,8,True,0.0701754385964912,109.91921,MLP,0.11562259998807581,6,0.024981761290854543,0.09064083869722127
87309e180ffffff,2,True,0.0175438596491228,0.09937185,MLP,0.00010452796797416093,4,0.0034349010893721574,0.0033303731213979964
87309e181ffffff,3,True,0.0263157894736842,9.795197,MLP,0.010303441450638157,6,0.00578980087138889,0.004513640579249267
87309e182ffffff,0,False,0.0,0.3288723,MLP,0.00034593653275035786,3,0.004258990850784105,0.003913054318033748
87309e183ffffff,2,True,0.0175438596491228,2.9377928,MLP,0.0030902263741001156,6,0.006168853948448304,0.003078627574348188
87309e185ffffff,1,True,0.0087719298245614,0.0,MLP,0.0,5,0.002870327173075696,0.002870327173075696
87309e188ffffff,1,True,0.0087719298245614,3.4853818,MLP,0.0036662281840191503,6,0.004809819641753338,0.0011435914577341876
87309e189ffffff,6,True,0.0526315789473684,0.0,MLP,0.0,6,0.05754304526114549,0.05754304526114549
87309e18affffff,3,True,0.0263157894736842,0.0,MLP,0.0,6,0.0035565305415351865,0.0035565305415351865
87309e18bffffff,1,True,0.0087719298245614,0.2284776,MLP,0.00024033264204715072,6,0.0028698794784216366,0.0026295468363744857
87309e18cffffff,2,True,0.0175438596491228,11.257802,MLP,0.011841936795133078,6,0.022593755564044516,0.010751818768911438
87309e18dffffff,1,True,0.0087719298245614,0.56665444,MLP,0.0005960565004750953,6,0.03731332579186377,0.036717269291388674
87309e18effffff,2,True,0.0175438596491228,15.3824415,MLP,0.0161805919128647,6,0.004899706736679151,0.01128088517618555
87309e198ffffff,0,False,0.0,0.46021423,MLP,0.0004840934157378889,4,0.002738898917288392,0.002254805501550503
87309e199ffffff,0,False,0.0,0.7183498,MLP,0.0007556228940957114,6,0.0002996728582004144,0.000455950035895297
87309e19bffffff,5,True,0.043859649122807,0.11536119,MLP,0.00012134694859541303,5,0.032652742408541255,0.03253139545994584
87309e19cffffff,0,False,0.0,9.10955,MLP,0.00958221821027804,4,0.0011041659846931912,0.00847805222558485
87309e19dffffff,0,False,0.0,0.471921,MLP,0.0004964076161844024,6,0.0050154588011794106,0.0045190511849950085
87309e1a1ffffff,0,False,0.0,0.44020653,MLP,0.0004630475740348652,4,0.028702730861976465,0.0282396832879416
87309e1a3ffffff,1,True,0.0087719298245614,0.36912602,MLP,0.0003882789018921303,3,0.00016563764688253552,0.00022264125500959478
87309e1a8ffffff,0,False,0.0,0.46021423,MLP,0.0004840934157378889,6,0.03751474760067005,0.03703065418493216
87309e1a9ffffff,1,True,0.0087719298245614,0.32301515,MLP,0.00033977547217213717,6,0.019321889329288307,0.018982113857116168
87309e1aaffffff,5,True,0.043859649122807,3.3478138,MLP,0.0035215221782612886,6,0.02065967169768843,0.01713814951942714
87309e1abffffff,8,True,0.0701754385964912,96.298065,MLP,0.10129469315800871,6,0.0029689295829883316,0.09832576357502038
87309e1acffffff,6,True,0.0526315789473684,108.26086,MLP,0.11387820300150515,6,0.0013326837295799083,0.11254551927192524
87309e1adffffff,0,False,0.0,5.723453,MLP,0.006020426427460245,6,0.01919769421752551,0.013177267790065264
87309e1aeffffff,5,True,0.043859649122807,0.032194868,MLP,3.3865366612741326e-05,6,0.019789190845238554,0.019755325478625813
87309e300ffffff,0,False,0.0,0.46021423,MLP,0.0004840934157378889,6,0.00048409341573788894,5.421010862427522e-20
87309e301ffffff,0,False,0.0,0.46021423,MLP,0.0004840934157378889,6,0.00048409341573788894,5.421010862427522e-20
87309e302ffffff,0,False,0.0,0.46021423,MLP,0.0004840934157378889,6,0.00048409341573788894,5.421010862427522e-20
87309e303ffffff,0,False,0.0,0.46021423,MLP,0.0004840934157378889,6,0.00048409341573788894,5.421010862427522e-20
87309e304ffffff,0,False,0.0,0.46021423,MLP,0.0004840934157378889,6,0.00048409341573788894,5.421010862427522e-20
87309e305ffffff,0,False,0.0,0.46021423,MLP,0.0004840934157378889,6,0.00048409341573788894,5.421010862427522e-20
87309e306ffffff,0,False,0.0,0.46021423,MLP,0.0004840934157378889,6,0.00048409341573788894,5.421010862427522e-20
87309e308ffffff,0,False,0.0,0.46021423,MLP,0.0004840934157378889,5,0.00048409341573788894,5.421010862427522e-20
87309e309ffffff,0,False,0.0,0.46021423,MLP,0.0004840934157378889,3,0.0004840934157378889,0.0
87309e30affffff,0,False,0.0,0.46021423,MLP,0.0004840934157378889,3,0.0004840934157378889,0.0
87309e30cffffff,0,False,0.0,0.46021423,MLP,0.0004840934157378889,6,0.00048409341573788894,5.421010862427522e-20
87309e30dffffff,0,False,0.0,0.46021423,MLP,0.0004840934157378889,6,0.00048409341573788894,5.421010862427522e-20
87309e30effffff,0,False,0.0,0.46021423,MLP,0.0004840934157378889,6,0.00048409341573788894,5.421010862427522e-20
87309e310ffffff,0,False,0.0,0.46021423,MLP,0.0004840934157378889,6,0.00048409341573788894,5.421010862427522e-20
87309e311ffffff,0,False,0.0,0.46021423,MLP,0.0004840934157378889,6,0.00048409341573788894,5.421010862427522e-20
87309e312ffffff,0,False,0.0,0.46021423,MLP,0.0004840934157378889,6,0.00048409341573788894,5.421010862427522e-20
87309e313ffffff,0,False,0.0,0.46021423,MLP,0.0004840934157378889,5,0.00048409341573788894,5.421010862427522e-20
87309e314ffffff,0,False,0.0,0.46021423,MLP,0.0004840934157378889,6,0.00046175302007658386,2.2340395661305022e-05
87309e315ffffff,0,False,0.0,0.46021423,MLP,0.0004840934157378889,6,0.00048409341573788894,5.421010862427522e-20
87309e316ffffff,0,False,0.0,0.46021423,MLP,0.0004840934157378889,6,0.00048473287544266745,6.394597047785621e-07
87309e318ffffff,0,False,0.0,0.46021423,MLP,0.0004840934157378889,3,0.0004840934157378889,0.0
87309e31cffffff,0,False,0.0,0.46021423,MLP,0.0004840934157378889,6,0.00048409341573788894,5.421010862427522e-20
87309e31dffffff,0,False,0.0,0.46021423,MLP,0.0004840934157378889,5,0.00048409341573788894,5.421010862427522e-20
87309e31effffff,0,False,0.0,0.46021423,MLP,0.0004840934157378889,4,0.0004840934157378889,0.0
87309e320ffffff,0,False,0.0,0.46021423,MLP,0.0004840934157378889,6,0.002991792026715352,0.002507698610977463
87309e321ffffff,0,False,0.0,0.46021423,MLP,0.0004840934157378889,6,0.00048409341573788894,5.421010862427522e-20
87309e322ffffff,0,False,0.0,0.46021423,MLP,0.0004840934157378889,6,0.0014390616745535059,0.000954968258815617
87309e323ffffff,0,False,0.0,0.46021423,MLP,0.0004840934157378889,6,0.00048409341573788894,5.421010862427522e-20
87309e324ffffff,4,True,0.0350877192982456,9.173066,MLP,0.00964902987186879,6,0.0014344116129907608,0.00821461825887803
87309e325ffffff,0,False,0.0,0.46021423,MLP,0.0004840934157378889,6,0.0019546747419899742,0.0014705813262520853
87309e326ffffff,5,True,0.043859649122807,6.051361,MLP,0.006365348625471766,6,0.0019398392049601613,0.004425509420511605
87309e328ffffff,0,False,0.0,0.46021423,MLP,0.0004840934157378889,6,0.00048409341573788894,5.421010862427522e-20
87309e329ffffff,0,False,0.0,0.46021423,MLP,0.0004840934157378889,6,0.00048409341573788894,5.421010862427522e-20
87309e32affffff,0,False,0.0,0.46021423,MLP,0.0004840934157378889,6,0.00048409341573788894,5.421010862427522e-20
87309e32bffffff,0,False,0.0,0.46021423,MLP,0.0004840934157378889,6,0.00048409341573788894,5.421010862427522e-20
87309e32cffffff,0,False,0.0,0.46021423,MLP,0.0004840934157378889,6,0.00048409341573788894,5.421010862427522e-20
87309e32dffffff,0,False,0.0,0.46021423,MLP,0.0004840934157378889,5,0.00048409341573788894,5.421010862427522e-20
87309e32effffff,0,False,0.0,0.46021423,MLP,0.0004840934157378889,6,0.00048409341573788894,5.421010862427522e-20
87309e330ffffff,0,False,0.0,2.7508001,MLP,0.0028935311635651215,6,0.021206988237952626,0.018313457074387505
87309e331ffffff,0,False,0.0,0.46021423,MLP,0.0004840934157378889,6,0.0008604254309023985,0.00037633201516450957
87309e332ffffff,0,False,0.0,0.33278385,MLP,0.00035005104177005837,6,0.01908241496050227,0.018732363918732214
87309e333ffffff,0,False,0.0,0.46021423,MLP,0.0004840934157378889,6,0.0008633259780477893,0.00037923256230990043
87309e334ffffff,12,True,0.1052631578947368,92.03229,MLP,0.09680757942725925,6,0.005461313643325025,0.09134626578393422
87309e335ffffff,0,False,0.0,0.31623903,MLP,0.00033264775889771316,6,0.0179539694692151,0.017621321710317387
87309e336ffffff,5,True,0.043859649122807,27.363644,MLP,0.02878346436831297,6,0.032671571483015104,0.003888107114702135
87309e370ffffff,0,False,0.0,0.46021423,MLP,0.0004840934157378889,6,0.00048409341573788894,5.421010862427522e-20
87309e371ffffff,0,False,0.0,0.46021423,MLP,0.0004840934157378889,3,0.0004840934157378889,0.0
87309e372ffffff,0,False,0.0,0.46021423,MLP,0.0004840934157378889,5,0.00048409341573788894,5.421010862427522e-20
87309e373ffffff,0,False,0.0,0.46021423,MLP,0.0004840934157378889,3,0.0004840934157378889,0.0
87309e374ffffff,0,False,0.0,0.46021423,MLP,0.0004840934157378889,5,0.00048409341573788894,5.421010862427522e-20
87309e375ffffff,0,False,0.0,0.46021423,MLP,0.0004840934157378889,3,0.0004840934157378889,0.0
87309e376ffffff,0,False,0.0,0.46021423,MLP,0.0004840934157378889,6,0.00048409341573788894,5.421010862427522e-20
87309e3a0ffffff,1,True,0.0087719298245614,17.933304,MLP,0.018863811292462524,6,0.0062867012511019045,0.012577110041360619
87309e3a1ffffff,0,False,0.0,0.46021423,MLP,0.0004840934157378889,5,0.004160036991082817,0.003675943575344928
87309e3a2ffffff,6,True,0.0526315789473684,16.617962,MLP,0.01748021999924348,5,0.008138322992792175,0.009341897006451307
87309e3a3ffffff,0,False,0.0,0.46021423,MLP,0.0004840934157378889,3,0.012276041569147966,0.011791948153410078
87309e3a4ffffff,0,False,0.0,0.0,MLP,0.0,6,0.01769747535312797,0.01769747535312797
87309e3a5ffffff,0,False,0.0,0.46021423,MLP,0.0004840934157378889,6,0.003467336952273792,0.0029832435365359034
87309e3a6ffffff,6,True,0.0526315789473684,17.860954,MLP,0.018787707260154274,6,0.013561888451243077,0.005225818808911197
87309e3acffffff,0,False,0.0,0.46021423,MLP,0.0004840934157378889,3,0.0004840934157378889,0.0
87309e3b0ffffff,0,False,0.0,0.0,MLP,0.0,4,0.003807354468052484,0.003807354468052484
87309e3b1ffffff,0,False,0.0,2.4299214,MLP,0.0025560029956061834,3,0.005826739999747827,0.0032707370041416437
87309e3b4ffffff,2,True,0.0175438596491228,11.588051,MLP,0.012189321460865866,6,0.0031832635448312253,0.00900605791603464
87309e3b5ffffff,2,True,0.0175438596491228,0.0,MLP,0.0,6,0.011428610974517724,0.011428610974517724
87309e3b6ffffff,0,False,0.0,0.46021423,MLP,0.0004840934157378889,4,0.003311598795719695,0.0028275053799818057
87309e56bffffff,0,False,0.0,0.46021423,MLP,0.0004840934157378889,1,0.0006374138194151348,0.0001533204036772459
87309e850ffffff,1,True,0.0087719298245614,0.33278385,MLP,0.00035005104177005837,4,0.01119573876640318,0.010845687724633122
87309e851ffffff,4,True,0.0350877192982456,28.520226,MLP,0.030000058064168396,4,0.008732436885511218,0.02126762117865718
87309e852ffffff,0,False,0.0,2.0496619,MLP,0.002156012929628037,4,0.061023180607144185,0.058867167677516145
87309e853ffffff,3,True,0.0263157894736842,11.865183,MLP,0.012480833039050383,6,0.04879197317955753,0.036311140140507146
87309e855ffffff,1,True,0.0087719298245614,0.13884668,MLP,0.00014605103276590475,2,0.015175054552969226,0.015029003520203322
87309e85affffff,1,True,0.0087719298245614,0.09937185,MLP,0.00010452796797416093,4,0.008532254556133302,0.008427726588159141
87309e85effffff,3,True,0.0263157894736842,20.869932,MLP,0.021952812428458524,4,0.012467323350496905,0.00948548907796162
87309e8c0ffffff,2,True,0.0175438596491228,0.44226408,MLP,0.00046521188435519464,6,0.028517529500559653,0.02805231761620446
87309e8c1ffffff,2,True,0.0175438596491228,0.0,MLP,0.0,6,0.03442507720009867,0.03442507720009867
87309e8c2ffffff,3,True,0.0263157894736842,0.4191437,MLP,0.00044089185468692914,6,0.0024514612671954965,0.0020105694125085675
87309e8c3ffffff,0,False,0.0,0.46021423,MLP,0.0004840934157378889,6,0.009382136301932666,0.008898042886194777
87309e8c4ffffff,5,True,0.043859649122807,11.9186945,MLP,0.012537121096063001,6,0.027411170510942384,0.014874049414879383
87309e8c5ffffff,10,True,0.087719298245614,144.48012,MLP,0.1519767756790573,6,0.002269138826475752,0.14970763685258154
87309e8c6ffffff,3,True,0.0263157894736842,5.38679,MLP,0.005666294957812805,6,0.004324332514165728,0.001341962443647077
87309e8c8ffffff,4,True,0.0350877192982456,10.704469,MLP,0.011259892945662162,6,0.07563591218044179,0.06437601923477962
87309e8c9ffffff,23,True,0.2017543859649122,370.751,MLP,0.38998819740588647,6,0.0160718797834128,0.3739163176224737
87309e8caffffff,3,True,0.0263157894736842,0.0,MLP,0.0,6,0.013197196178783052,0.013197196178783052
87309e8cbffffff,3,True,0.0263157894736842,7.156707,MLP,0.007528047833430226,6,0.06869328966290762,0.0611652418294774
87309e8ccffffff,1,True,0.0087719298245614,0.0,MLP,0.0,6,0.01840827664328013,0.01840827664328013
87309e8cdffffff,6,True,0.0526315789473684,2.5429018,MLP,0.0026748456218922785,6,0.07861779863534336,0.07594295301345108
87309e8ceffffff,5,True,0.043859649122807,50.979218,MLP,0.053624382221441676,6,0.002037221882626313,0.051587160338815365
87309e8d0ffffff,11,True,0.0964912280701754,113.59442,MLP,0.11948850600852642,6,0.002032373124848186,0.11745613288367823
87309e8d1ffffff,2,True,0.0175438596491228,0.0,MLP,0.0,6,0.02147611827766473,0.02147611827766473
87309e8d2ffffff,0,False,0.0,0.471921,MLP,0.0004964076161844024,5,0.026027803555790763,0.02553139593960636
87309e8d3ffffff,0,False,0.0,0.46021423,MLP,0.0004840934157378889,6,0.02135466011129218,0.02087056669555429
87309e8d4ffffff,1,True,0.0087719298245614,0.7132445,MLP,0.0007502526948401023,5,0.026107915235907348,0.025357662541067246
87309e8d5ffffff,2,True,0.0175438596491228,6.4742503,MLP,0.006810180428512721,6,0.021073395096918565,0.014263214668405844
87309e8d6ffffff,3,True,0.0263157894736842,3.4730957,MLP,0.003653304593814003,3,0.04024505543985031,0.03659175084603631
87309e8d8ffffff,2,True,0.0175438596491228,0.0,MLP,0.0,6,0.0005540859120661367,0.0005540859120661367
87309e8d9ffffff,2,True,0.0175438596491228,0.17414784,MLP,0.00018318386788903802,6,0.011556569987301757,0.011373386119412719
87309e8daffffff,1,True,0.0087719298245614,0.5062721,MLP,0.0005325410954411255,6,0.0005549551144343076,2.241401899318214e-05
87309e8dbffffff,1,True,0.0087719298245614,0.471921,MLP,0.0004964076161844024,6,0.010568435895201582,0.01007202827901718
87309e8dcffffff,1,True,0.0087719298245614,1.2197002,MLP,0.0012829869167543693,6,0.0002923968744254505,0.0009905900423289188
87309e8ddffffff,1,True,0.0087719298245614,0.45569998,MLP,0.0004793449343578265,6,0.009262441070303827,0.008783096135946
87309e8deffffff,1,True,0.0087719298245614,0.33278385,MLP,0.00035005104177005837,6,0.0006772661806779923,0.0003272151389079339
87309e8e0ffffff,0,False,0.0,0.46021423,MLP,0.0004840934157378889,3,0.00033779461797613076,0.00014629879776175813
87309e8e1ffffff,0,False,0.0,0.24033764,MLP,0.0002528080652308015,5,0.04685232732126555,0.04659951925603475
87309e8e2ffffff,0,False,0.0,0.23378722,MLP,0.00024591776287679175,4,0.004783509323338274,0.004537591560461482
87309e8e3ffffff,1,True,0.0087719298245614,0.48927116,MLP,0.000514658025820799,6,0.027599092995263547,0.02708443496944275
87309e8e8ffffff,2,True,0.0175438596491228,0.74417186,MLP,0.0007827847861275782,6,0.04688021427277007,0.046097429486642486
87309e8e9ffffff,2,True,0.0175438596491228,0.0,MLP,0.0,6,0.009325676270143515,0.009325676270143515
87309e8eaffffff,2,True,0.0175438596491228,0.0,MLP,0.0,6,0.03262465691474751,0.03262465691474751
87309e8ebffffff,6,True,0.0526315789473684,40.77485,MLP,0.042890539070684665,6,0.0005762717346699762,0.04231426733601469
87309e8ecffffff,16,True,0.1403508771929824,219.6139,MLP,0.2310090302825255,6,0.003842359183907832,0.22716667109861768
87309e8edffffff,2,True,0.0175438596491228,6.924578,MLP,0.007283874330794681,6,0.04438833141735602,0.03710445708656134
87309e8eeffffff,2,True,0.0175438596491228,0.09301564,MLP,9.784195261551518e-05,6,0.06408934280646034,0.06399150085384482
87309e8f1ffffff,3,True,0.0263157894736842,5.3220205,MLP,0.005598164755731406,4,0.0046359397205994295,0.0009622250351319769
87309e8f2ffffff,0,False,0.0,0.46883366,MLP,0.0004931600830384928,2,0.00042233888024261054,7.082120279588229e-05
87309e8f3ffffff,1,True,0.0087719298245614,0.0897673,MLP,9.442506564511878e-05,5,0.003863610583987105,0.0037691855183419865
87309ea00ffffff,3,True,0.0263157894736842,2.6548307,MLP,0.0027925821888836657,6,0.017897133578877445,0.01510455138999378
87309ea01ffffff,6,True,0.0526315789473684,0.0,MLP,0.0,4,0.006878025411404619,0.006878025411404619
87309ea02ffffff,3,True,0.0263157894736842,1.2660824,MLP,0.0013317757550035429,6,0.06664877965948227,0.06531700390447873
87309ea03ffffff,4,True,0.0350877192982456,1.8111039,MLP,0.0019050768447712101,6,0.03460358422888547,0.03269850738411426
87309ea04ffffff,4,True,0.0350877192982456,36.135735,MLP,0.03801071380680511,4,0.017846929435289358,0.020163784371515753
87309ea05ffffff,3,True,0.0263157894736842,3.174778,MLP,0.003339508050912514,3,0.013601098665229593,0.010261590614317079
87309ea06ffffff,9,True,0.0789473684210526,59.698162,MLP,0.0627957270157723,6,0.00951951167838027,0.053276215337392026
87309ea08ffffff,2,True,0.0175438596491228,0.41645402,MLP,0.0004380626149686312,3,0.01088253475676941,0.01044447214180078
87309ea0affffff,2,True,0.0175438596491228,0.0,MLP,0.0,6,0.007217315669091295,0.007217315669091295
87309ea0bffffff,5,True,0.043859649122807,12.522893,MLP,0.01317266970925714,4,0.0005332641100452316,0.012639405599211909
87309ea0effffff,6,True,0.0526315789473684,18.514282,MLP,0.019474934561051087,5,0.0008384212032839578,0.01863651335776713
87309ea10ffffff,13,True,0.1140350877192982,102.56177,MLP,0.10788340369967209,6,0.14673708195323992,0.038853678253567836
87309ea11ffffff,11,True,0.0964912280701754,141.39868,MLP,0.14873544866708863,6,0.06529212154998736,0.08344332711710127
87309ea12ffffff,13,True,0.1140350877192982,21.84503,MLP,0.022978505444294185,6,0.1387153902493459,0.11573688480505172
87309ea13ffffff,8,True,0.0701754385964912,41.05846,MLP,0.04318886477355879,6,0.056123397532387855,0.012934532758829068
87309ea14ffffff,3,True,0.0263157894736842,1.7645887,MLP,0.001856148105536591,6,0.13047187289986353,0.12861572479432695
87309ea15ffffff,3,True,0.0263157894736842,1.4170693,MLP,0.00149059692868319,6,0.055605667358065054,0.054115070429381865
87309ea16ffffff,23,True,0.2017543859649122,629.5095,MLP,0.6621729278002781,6,0.024654774805906842,0.6375181529943713
87309ea18ffffff,1,True,0.0087719298245614,4.1975145,MLP,0.004415311390771895,6,0.042046045670946684,0.03763073428017479
87309ea19ffffff,2,True,0.0175438596491228,6.685415,MLP,0.007032301854237142,6,0.002189692356260363,0.004842609497976779
87309ea1affffff,0,False,0.0,0.0,MLP,0.0,6,0.012958293428242723,0.012958293428242723
87309ea1bffffff,3,True,0.0263157894736842,5.2637944,MLP,0.0055369174717565155,6,0.03394666643616314,0.028409748964406626
87309ea1cffffff,9,True,0.0789473684210526,173.18707,MLP,0.1821732463116946,6,0.03565357017427118,0.14651967613742342
87309ea1dffffff,1,True,0.0087719298245614,1.7577614,MLP,0.0018489665566799479,6,0.035833478493754324,0.03398451193707438
87309ea1effffff,12,True,0.1052631578947368,52.93804,MLP,0.05568484183131189,6,0.06308547852385232,0.00740063669254043
87309ea30ffffff,0,False,0.0,0.46021423,MLP,0.0004840934157378889,5,0.0029156707827289728,0.002431577366991084
87309ea31ffffff,4,True,0.0350877192982456,2.3385594,MLP,0.002459900485588957,4,0.028080508785908113,0.025620608300319155
87309ea32ffffff,0,False,0.0,0.24033764,MLP,0.0002528080652308015,6,0.0022869655780602825,0.002034157512829481
87309ea33ffffff,5,True,0.043859649122807,10.487343,MLP,0.011031500905317158,6,0.011556545669424956,0.0005250447641077984
87309ea34ffffff,0,False,0.0,0.46021423,MLP,0.0004840934157378889,2,0.00041707222875397366,6.702118698391523e-05
87309ea36ffffff,1,True,0.0087719298245614,0.33278385,MLP,0.00035005104177005837,4,0.0003052487241766448,4.480231759341357e-05
87309ea80ffffff,2,True,0.0175438596491228,0.047177773,MLP,4.962569123183512e-05,6,0.01713481884196851,0.01708519315073667
87309ea81ffffff,1,True,0.0087719298245614,0.0,MLP,0.0,6,0.010662484747987555,0.010662484747987555
87309ea82ffffff,7,True,0.0614035087719298,49.954895,MLP,0.05254691006268448,6,0.045464554646531076,0.007082355416153402
87309ea83ffffff,6,True,0.0526315789473684,42.54948,MLP,0.04475724949024499,6,0.011862664278469187,0.0328945852117758
87309ea84ffffff,3,True,0.0263157894736842,0.0,MLP,0.0,6,0.05492636141102633,0.05492636141102633
87309ea85ffffff,3,True,0.0263157894736842,5.233217,MLP,0.00550475349888157,6,0.011551387559186707,0.006046634060305137
87309ea86ffffff,9,True,0.0789473684210526,0.0,MLP,0.0,6,0.031945228177420314,0.031945228177420314
87309ea88ffffff,0,False,0.0,0.043855257,MLP,4.613077948327013e-05,6,0.00924128773099774,0.00919515695151447
87309ea89ffffff,3,True,0.0263157894736842,38.456738,MLP,0.040452146941560393,6,0.009951635368011191,0.030500511573549202
87309ea8affffff,3,True,0.0263157894736842,1.0745348,MLP,0.0011302893038775208,6,0.002281058277708491,0.0011507689738309702
87309ea8bffffff,2,True,0.0175438596491228,0.13560858,MLP,0.00014264491711950055,6,0.008707630621377626,0.008564985704258125
87309ea8cffffff,8,True,0.0701754385964912,9.150772,MLP,0.009625579100669341,6,0.01903840259207003,0.00941282349140069
87309ea8dffffff,0,False,0.0,0.23626302,MLP,0.0002485220249802992,6,0.03909299892008361,0.038844476895103314
87309ea8effffff,3,True,0.0263157894736842,3.6587045,MLP,0.003848544097779386,6,0.009259874779045853,0.0054113306812664675
87309ea90ffffff,25,True,0.219298245614035,62.85164,MLP,0.06611282987127132,6,0.16778569748256908,0.10167286761129776
87309ea91ffffff,9,True,0.0789473684210526,70.51585,MLP,0.07417471356798466,6,0.04545915279020699,0.02871556077777767
87309ea92ffffff,14,True,0.1228070175438596,35.25115,MLP,0.03708023024883147,6,0.16389172185462508,0.1268114916057936
87309ea93ffffff,6,True,0.0526315789473684,0.0,MLP,0.0,6,0.05493913458610844,0.05493913458610844
87309ea94ffffff,20,True,0.175438596491228,111.20885,MLP,0.11697915567882924,6,0.34701177525907384,0.2300326195802446
87309ea95ffffff,18,True,0.1578947368421052,132.2146,MLP,0.13907483331060555,6,0.051635601530128285,0.08743923178047727
87309ea96ffffff,27,True,0.2368421052631578,607.8649,MLP,0.6394052520891635,6,0.3916072094491103,0.24779804264005323
87309ea98ffffff,17,True,0.1491228070175438,177.26938,MLP,0.18646737557406215,6,0.0026182523773665475,0.1838491231966956
87309ea99ffffff,2,True,0.0175438596491228,0.0,MLP,0.0,6,0.03405020235713315,0.03405020235713315
87309ea9affffff,1,True,0.0087719298245614,0.0,MLP,0.0,6,0.07271670456650982,0.07271670456650982
87309ea9bffffff,3,True,0.0263157894736842,0.6551756,MLP,0.0006891707675186853,6,0.04832882523094848,0.0476396544634298
87309ea9cffffff,12,True,0.1052631578947368,14.004265,MLP,0.014730905819119428,6,0.05970594772875624,0.04497504190963681
87309ea9dffffff,2,True,0.0175438596491228,0.0,MLP,0.0,6,0.041822394047513915,0.041822394047513915
87309ea9effffff,1,True,0.0087719298245614,0.2751604,MLP,0.0002894376775611737,6,0.0712250985186947,0.07093566084113352
87309eaa0ffffff,5,True,0.043859649122807,18.607328,MLP,0.019572808448959218,6,0.05747179928880369,0.03789899083984448
87309eaa1ffffff,0,False,0.0,2.2610488,MLP,0.0023783680846679923,6,0.021381605680987015,0.01900323759631902
87309eaa2ffffff,17,True,0.1491228070175438,252.38559,MLP,0.265481148521032,6,0.013553456236664615,0.2519276922843674
87309eaa3ffffff,10,True,0.087719298245614,55.635857,MLP,0.05852264075501259,6,0.050580663475549736,0.007941977279462852
87309eaa4ffffff,4,True,0.0350877192982456,0.48103008,MLP,0.0005059893400077394,6,0.006252576246843514,0.005746586906835775
87309eaa5ffffff,7,True,0.0614035087719298,14.460289,MLP,0.015210591585938188,6,0.11793476651970121,0.10272417493376303
87309eaa6ffffff,3,True,0.0263157894736842,2.5972915,MLP,0.002732057446163681,6,0.053630114645035705,0.050898057198872027
87309eaa8ffffff,1,True,0.0087719298245614,0.0,MLP,0.0,6,0.022285582728698104,0.022285582728698104
87309eaa9ffffff,4,True,0.0350877192982456,11.047944,MLP,0.011621189870293482,6,0.0210228692722275,0.009401679401934019
87309eaaaffffff,3,True,0.0263157894736842,0.17982596,MLP,0.00018915660911820347,6,0.02259588282339459,0.022406726214276387
87309eaabffffff,12,True,0.1052631578947368,104.47705,MLP,0.10989806204105902,6,0.006238683532007458,0.10365937850905156
87309eaacffffff,3,True,0.0263157894736842,1.3862567,MLP,0.0014581855519602987,6,0.01318210676704643,0.011723921215086131
87309eaadffffff,4,True,0.0350877192982456,0.0,MLP,0.0,6,0.018658847004520744,0.018658847004520744
87309eaaeffffff,6,True,0.0526315789473684,10.0266485,MLP,0.010546902299757615,6,0.011342184083273444,0.0007952817835158287
87309eab0ffffff,6,True,0.0526315789473684,16.724607,MLP,0.01759239849994166,6,0.04026623656475437,0.022673838064812712
87309eab1ffffff,2,True,0.0175438596491228,0.0,MLP,0.0,6,0.04726112963180431,0.04726112963180431
87309eab2ffffff,14,True,0.1228070175438596,225.76352,MLP,0.23747773628340263,6,0.3003611999757028,0.06288346369230019
87309eab3ffffff,6,True,0.0526315789473684,0.0,MLP,0.0,6,0.08518735396212984,0.08518735396212984
87309eab4ffffff,8,True,0.0701754385964912,0.0,MLP,0.0,6,0.00957326539923807,0.00957326539923807
87309eab5ffffff,1,True,0.0087719298245614,0.46890086,MLP,0.0004932307698521918,6,0.05358885254291674,0.053095621773064546
87309eab6ffffff,10,True,0.087719298245614,3.447568,MLP,0.0036264523352714283,6,0.16771761531666565,0.16409116298139423
87309eac4ffffff,3,True,0.0263157894736842,0.4769175,MLP,0.0005016633701225941,3,0.01378230744326398,0.013280644073141386
87309eac6ffffff,0,False,0.0,0.46021423,MLP,0.0004840934157378889,4,0.005793774137390509,0.00530968072165262
87309ead0ffffff,0,False,0.0,0.46021423,MLP,0.0004840934157378889,5,0.0003872747325903111,9.681868314757777e-05
87309ead2ffffff,0,False,0.0,0.46021423,MLP,0.0004840934157378889,6,0.00048409341573788894,5.421010862427522e-20
87309ead3ffffff,0,False,0.0,0.46021423,MLP,0.0004840934157378889,4,0.0004840934157378889,0.0
87309ead4ffffff,1,True,0.0087719298245614,0.0,MLP,0.0,6,0.016939423569300643,0.016939423569300643
87309ead5ffffff,0,False,0.0,0.46021423,MLP,0.0004840934157378889,4,0.00047796999693984997,6.123418798038914e-06
87309ead6ffffff,0,False,0.0,0.46021423,MLP,0.0004840934157378889,6,0.007007845350982259,0.00652375193524437
87309eadaffffff,0,False,0.0,0.46021423,MLP,0.0004840934157378889,3,0.0004840934157378889,0.0
87309eae0ffffff,2,True,0.0175438596491228,0.0,MLP,0.0,4,0.005328044032962102,0.005328044032962102
87309eae2ffffff,5,True,0.043859649122807,18.649513,MLP,0.019617182306636113,5,0.042697639068837556,0.023080456762201444
87309eae4ffffff,3,True,0.0263157894736842,1.2710097,MLP,0.0013369587183538186,6,0.0034271677783921264,0.0020902090600383076
87309eae5ffffff,1,True,0.0087719298245614,0.34037408,MLP,0.0003580351068584765,3,0.004836542809203653,0.0044785077023451764
87309eae6ffffff,3,True,0.0263157894736842,0.0,MLP,0.0,6,0.03754404095293847,0.03754404095293847
87309eaf0ffffff,4,True,0.0350877192982456,5.8387823,MLP,0.0061417398313757645,6,0.04815963329890016,0.042017893467524395
87309eaf1ffffff,2,True,0.0175438596491228,20.197649,MLP,0.021245646607417932,6,0.036571542907800535,0.015325896300382603
87309eaf2ffffff,7,True,0.0614035087719298,55.888527,MLP,0.05878842107074619,6,0.01058895925686392,0.048199461813882266
87309eaf3ffffff,2,True,0.0175438596491228,0.897143,MLP,0.0009436931562836222,6,0.014523999056835943,0.013580305900552321
87309eaf4ffffff,0,False,0.0,0.46725547,MLP,0.0004915000053225488,6,0.03846473102117607,0.03797323101585352
87309eaf5ffffff,19,True,0.1666666666666666,182.28276,MLP,0.19174088536664724,6,0.008838831037084811,0.18290205432956244
87309eaf6ffffff,5,True,0.043859649122807,14.970859,MLP,0.015747653586983427,6,0.031198239140629552,0.015450585553646125
87309eb80ffffff,0,False,0.0,0.46021423,MLP,0.0004840934157378889,6,0.00040644460305967034,7.764881267821854e-05
87309eb81ffffff,0,False,0.0,0.46021423,MLP,0.0004840934157378889,6,0.00403087626319545,0.003546782847457561
87309eb82ffffff,0,False,0.0,0.0,MLP,0.0,6,0.0004871268390159852,0.0004871268390159852
87309eb83ffffff,0,False,0.0,0.47751698,MLP,0.0005022939554064662,6,0.006624085801407612,0.0061217918460011456
87309eb84ffffff,0,False,0.0,0.46021423,MLP,0.0004840934157378889,6,0.0031935268336471534,0.0027094334179092643
87309eb85ffffff,0,False,0.0,0.46021423,MLP,0.0004840934157378889,5,0.00048409341573788894,5.421010862427522e-20
87309eb86ffffff,0,False,0.0,0.46021423,MLP,0.0004840934157378889,6,0.0008049841377527796,0.0003208907220148907
87309eb88ffffff,6,True,0.0526315789473684,52.90689,MLP,0.05565207554787855,6,0.0037051138960920945,0.05194696165178646
87309eb89ffffff,4,True,0.0350877192982456,0.0,MLP,0.0,6,0.119988993253154,0.119988993253154
87309eb8affffff,2,True,0.0175438596491228,0.0,MLP,0.0,6,0.01574171657485305,0.01574171657485305
87309eb8bffffff,1,True,0.0087719298245614,0.0,MLP,0.0,6,0.12225693071235044,0.12225693071235044
87309eb8cffffff,0,False,0.0,0.46021423,MLP,0.0004840934157378889,5,0.0156733704680338,0.015189277052295913
87309eb8dffffff,0,False,0.0,0.0,MLP,0.0,5,0.01134780561412346,0.01134780561412346
87309eb8effffff,2,True,0.0175438596491228,20.673882,MLP,0.021746589960814678,6,0.012278033489196353,0.009468556471618325
87309eb90ffffff,0,False,0.0,0.46021423,MLP,0.0004840934157378889,6,0.01241943639762494,0.011935342981887052
87309eb91ffffff,0,False,0.0,0.46021423,MLP,0.0004840934157378889,6,0.003814436376026192,0.003330342960288303
87309eb92ffffff,9,True,0.0789473684210526,8.1110525,MLP,0.008531911562044362,6,0.025726084892521043,0.01719417333047668
87309eb93ffffff,3,True,0.0263157894736842,16.747225,MLP,0.017616190082564303,6,0.02493657535529205,0.007320385272727745
87309eb94ffffff,8,True,0.0701754385964912,40.82467,MLP,0.042942944086435834,6,0.07097924393566395,0.028036299849228112
87309eb95ffffff,0,False,0.0,0.46021423,MLP,0.0004840934157378889,6,0.007881459249535771,0.007397365833797882
87309eb96ffffff,7,True,0.0614035087719298,4.2375135,MLP,0.004457385823229362,6,0.0749701884727142,0.07051280264948483
87309eb98ffffff,16,True,0.1403508771929824,211.10182,MLP,0.2220552830630313,6,0.009429232788816256,0.21262605027421505
87309eb99ffffff,4,True,0.0350877192982456,0.0,MLP,0.0,6,0.046261080873330536,0.046261080873330536
87309eb9affffff,8,True,0.0701754385964912,0.0,MLP,0.0,6,0.045036175537209615,0.045036175537209615
87309eb9bffffff,13,True,0.1140350877192982,33.965157,MLP,0.03572751079036315,6,0.03754676187984119,0.001819251089478044
87309eb9cffffff,0,False,0.0,0.46021423,MLP,0.0004840934157378889,6,0.04056757716016202,0.040083483744424137
87309eb9dffffff,4,True,0.0350877192982456,15.729487,MLP,0.01654564460041733,6,0.040798043399165054,0.024252398798747726
87309eb9effffff,3,True,0.0263157894736842,3.6298077,MLP,0.0038181479263791787,6,0.04154262857009257,0.03772448064371339
87309eba2ffffff,1,True,0.0087719298245614,15.914915,MLP,0.016740693923193474,4,0.0279504230800399,0.011209729156846426
87309eba3ffffff,0,False,0.0,0.46021423,MLP,0.0004840934157378889,3,0.005902960251556417,0.005418866835818528
87309ebaaffffff,0,False,0.0,0.46021423,MLP,0.0004840934157378889,3,0.0004840934157378889,0.0
87309ebb0ffffff,4,True,0.0350877192982456,11.487343,MLP,0.012083388013931528,6,0.024364588417892647,0.012281200403961119
87309ebb1ffffff,0,False,0.0,0.46021423,MLP,0.0004840934157378889,6,0.02383920200085197,0.02335510858511408
87309ebb2ffffff,14,True,0.1228070175438596,26.20829,MLP,0.027568162389826924,6,0.07509715104861854,0.04752898865879161
87309ebb3ffffff,1,True,0.0087719298245614,2.7508001,MLP,0.0028935311635651215,6,0.01400779578956799,0.01111426462600287
87309ebb4ffffff,3,True,0.0263157894736842,4.6510043,MLP,0.004892331465280004,5,0.024507465610970326,0.01961513414569032
87309ebb5ffffff,9,True,0.0789473684210526,104.906136,MLP,0.11034941207294593,4,0.008550126704535725,0.10179928536841021
87309ebb6ffffff,2,True,0.0175438596491228,0.0,MLP,0.0,6,0.015018211093602567,0.015018211093602567
87309e000ffffff,2,True,0.0175438596491228,1.9709789692468749,SVR,0.030409129175448475,6,0.043151422321553064,0.012742293146104589
87309e001ffffff,4,True,0.0350877192982456,3.065422057550285,SVR,0.03277114006730529,6,0.027934556724432902,0.004836583342872389
87309e002ffffff,1,True,0.0087719298245614,1.5835857862984897,SVR,0.029573062935609885,6,0.03317047048675891,0.003597407551149026
87309e003ffffff,0,False,0.0,0.2693879697620938,SVR,0.02673678063834999,6,0.028367332933034298,0.0016305522946843086
87309e004ffffff,7,True,0.0614035087719298,40.4444561976572,SVR,0.11344201890019708,6,0.03123625500263805,0.08220576389755903
87309e005ffffff,0,False,0.0,1.5953521429847632,SVR,0.029598456912644847,6,0.04417962754700344,0.014581170634358594
87309e006ffffff,2,True,0.0175438596491228,0.2926917328086216,SVR,0.026787074475211326,6,0.0886316518787238,0.06184457740351247
87309e008ffffff,0,False,0.0,0.5102053451569392,SVR,0.02725650913744697,6,0.02638520811822016,0.000871301019226809
87309e009ffffff,1,True,0.0087719298245614,1.189759516425676,SVR,0.028723112902684058,6,0.03733602890297666,0.008612916000292601
87309e00affffff,0,False,0.0,0.3190665490400568,SVR,0.026843996213650866,6,0.022888142350507956,0.00395585386314291
87309e00bffffff,2,True,0.0175438596491228,-1.6728268591362512,SVR,0.02254512131022975,6,0.026496931624161887,0.003951810313932137
87309e00cffffff,1,True,0.0087719298245614,1.8435466424882725,SVR,0.03013410661192251,6,0.027623504677265872,0.002510601934656638
87309e00dffffff,0,False,0.0,0.3624065326530482,SVR,0.02693753192550362,6,0.02691972302222732,1.780890327629861e-05
87309e00effffff,0,False,0.0,-1.4030360964861115,SVR,0.023127379745330145,6,0.028055639819754206,0.004928260074424061
87309e010ffffff,2,True,0.0175438596491228,-5.002815226528796,SVR,0.015358389649535889,6,0.06981823218718157,0.05445984253764568
87309e011ffffff,0,False,0.0,10.729205818933837,SVR,0.0493110048722306,6,0.030674063657043296,0.018636941215187303
87309e012ffffff,6,True,0.0526315789473684,21.13295928813584,SVR,0.07176423179017127,6,0.025271900384711596,0.04649233140545968
87309e013ffffff,3,True,0.0263157894736842,-0.4026999822928592,SVR,0.025286290357032185,6,0.04026648473537955,0.014980194378347363
87309e014ffffff,18,True,0.1578947368421052,82.53115244297335,SVR,0.20427290448585947,6,0.08341196981898376,0.12086093466687571
87309e015ffffff,5,True,0.043859649122807,4.58323167117776,SVR,0.03604685433465072,6,0.10276320249626458,0.06671634816161387
87309e016ffffff,5,True,0.043859649122807,2.8138065889700363,SVR,0.032228107283145166,6,0.06103117823202742,0.02880307094888225
87309e018ffffff,5,True,0.043859649122807,-7.489695378910816,SVR,0.009991241673139313,6,0.029731017932065354,0.01973977625892604
87309e019ffffff,0,False,0.0,-1.8621395245787664,SVR,0.022136549514655757,6,0.023235298050506382,0.0010987485358506244
87309e01affffff,0,False,0.0,0.3190665490400568,SVR,0.026843996213650866,6,0.026560687640648423,0.0002833085730024436
87309e01bffffff,0,False,0.0,0.4073234483220797,SVR,0.027034470948804804,6,0.021102724599655922,0.005931746349148882
87309e01cffffff,0,False,0.0,1.657220100882116,SVR,0.029731979424662366,6,0.03137520026832469,0.0016432208436623214
87309e01dffffff,3,True,0.0263157894736842,-0.7247224400253672,SVR,0.02459130624984961,6,0.023094654534964742,0.0014966517148848682
87309e01effffff,3,True,0.0263157894736842,10.143899413037426,SVR,0.0480478052407687,6,0.02810158050413199,0.019946224736636712
87309e020ffffff,1,True,0.0087719298245614,0.3176488127798297,SVR,0.026840936476215247,6,0.03960877494366934,0.012767838467454096
87309e021ffffff,0,False,0.0,0.3679793643169283,SVR,0.026949559128406398,6,0.03700895738889424,0.01005939826048784
87309e022ffffff,3,True,0.0263157894736842,4.36265472132752,SVR,0.035570808422709814,6,0.04800558051977969,0.012434772097069877
87309e023ffffff,4,True,0.0350877192982456,3.63944767249313,SVR,0.034009993662517474,6,0.043207629342304044,0.00919763567978657
87309e024ffffff,0,False,0.0,0.3190665490400568,SVR,0.026843996213650866,6,0.04828366261578688,0.02143966640213601
87309e025ffffff,5,True,0.043859649122807,27.13705419458533,SVR,0.08472218064684507,6,0.026914701863956655,0.057807478782888416
87309e026ffffff,1,True,0.0087719298245614,1.5757313409962628,SVR,0.02955611158788644,6,0.04199597126899205,0.01243985968110561
87309e028ffffff,0,False,0.0,1.873153338693132,SVR,0.030198003345937415,6,0.027154224843277522,0.0030437785026598933
87309e029ffffff,0,False,0.0,0.3190665490400568,SVR,0.026843996213650866,6,0.02607056017692827,0.0007734360367225961
87309e02affffff,1,True,0.0087719298245614,0.6700517397358945,SVR,0.027601487262901462,6,0.029598780512761446,0.001997293249859984
87309e02bffffff,3,True,0.0263157894736842,0.8764717722270554,SVR,0.02804697992510775,6,0.026548413609099136,0.001498566316008615
87309e02cffffff,1,True,0.0087719298245614,0.2731469577752139,SVR,0.02674489323070334,6,0.02676295919175631,1.806596105297098e-05
87309e02dffffff,0,False,0.0,0.3190665490400568,SVR,0.026843996213650866,6,0.02925494352617189,0.002410947312521023
87309e02effffff,1,True,0.0087719298245614,0.3190665490400568,SVR,0.026843996213650866,6,0.029183732257185156,0.0023397360435342893
87309e030ffffff,4,True,0.0350877192982456,5.80866628040544,SVR,0.038691569190259234,6,0.09074418728068977,0.05205261809043053
87309e031ffffff,4,True,0.0350877192982456,2.2642523117955293,SVR,0.03104206736729636,6,0.09315176744534721,0.062109700078050854
87309e032ffffff,9,True,0.0789473684210526,36.5899701456384,SVR,0.1051233240912308,6,0.10188016832651298,0.0032431557647178283
87309e033ffffff,18,True,0.1578947368421052,122.84459424944524,SVR,0.2912767785591403,6,0.07366063232408467,0.21761614623505565
87309e034ffffff,3,True,0.0263157894736842,4.091801030597742,SVR,0.03498625599194331,6,0.032455366847487094,0.0025308891444562193
87309e035ffffff,5,True,0.043859649122807,12.504470622747313,SVR,0.05314235512456553,6,0.03326313199745959,0.01987922312710594
87309e036ffffff,0,False,0.0,1.269099160718744,SVR,0.02889434254996227,6,0.06109247792722631,0.03219813537726404
87309e040ffffff,21,True,0.1842105263157894,111.47675383810392,SVR,0.2667428734566811,6,0.26025772328724717,0.006485150169433906
87309e041ffffff,9,True,0.0789473684210526,19.058653152907677,SVR,0.0672874949576974,6,0.22401306048438427,0.15672556552668687
87309e042ffffff,24,True,0.2105263157894736,141.51420082891354,SVR,0.33156924744918154,6,0.27880520214062954,0.052764045308552
87309e043ffffff,28,True,0.2456140350877192,318.2547038278532,SVR,0.713007987916621,6,0.20736864639228778,0.5056393415243332
87309e044ffffff,7,True,0.0614035087719298,44.25764371289357,SVR,0.12167158381767754,6,0.11587802346567795,0.005793560351999585
87309e045ffffff,12,True,0.1052631578947368,46.74194519334817,SVR,0.12703316654244598,6,0.09475204275279596,0.03228112378965002
87309e046ffffff,16,True,0.1403508771929824,81.00392233173832,SVR,0.2009768590398593,6,0.14878216213113668,0.05219469690872261
87309e048ffffff,10,True,0.087719298245614,-3.7721785116841433,SVR,0.018014331612573913,6,0.07223469947544985,0.05422036786287593
87309e049ffffff,0,False,0.0,0.3190665490400568,SVR,0.026843996213650866,6,0.04250832974915675,0.01566433353550588
87309e04affffff,8,True,0.0701754385964912,22.05434388538665,SVR,0.07375275040530478,6,0.05744722065051483,0.016305529754789952
87309e04bffffff,0,False,0.0,0.4115549285943731,SVR,0.027043603266966115,6,0.032397044433198345,0.00535344116623223
87309e04cffffff,6,True,0.0526315789473684,6.275024043840748,SVR,0.03969805562021492,6,0.07495664259203437,0.03525858697181945
87309e04dffffff,9,True,0.0789473684210526,47.866449436594905,SVR,0.12946005497444787,6,0.03433887099158554,0.09512118398286233
87309e04effffff,11,True,0.0964912280701754,51.179270480826574,SVR,0.1366097363721145,6,0.16705083520260436,0.03044109883048987
87309e050ffffff,8,True,0.0701754385964912,41.742174833259895,SVR,0.11624273607281022,6,0.06671259907926605,0.049530136993544166
87309e051ffffff,11,True,0.0964912280701754,13.511848502902003,SVR,0.05531646317145317,6,0.15810102467589401,0.10278456150444085
87309e052ffffff,10,True,0.087719298245614,41.35251536788605,SVR,0.11540177877574793,6,0.042334029687084725,0.0730677490886632
87309e053ffffff,1,True,0.0087719298245614,0.2679702335018667,SVR,0.02673372090091437,6,0.06399313371984912,0.037259412818934745
87309e054ffffff,7,True,0.0614035087719298,15.323854559810224,SVR,0.059227107852998465,6,0.05987958848399045,0.0006524806309919848
87309e055ffffff,9,True,0.0789473684210526,27.418176126687115,SVR,0.0853288938443249,6,0.13404421641312417,0.04871532256879926
87309e056ffffff,5,True,0.043859649122807,14.879278294453744,SVR,0.05826762993015747,6,0.057059701721661145,0.0012079282084963283
87309e058ffffff,6,True,0.0526315789473684,22.738366479063085,SVR,0.07522899785371662,6,0.10068000283174065,0.025451004978024036
87309e059ffffff,3,True,0.0263157894736842,11.22826453184463,SVR,0.050388066007861394,6,0.059779761305940766,0.009391695298079372
87309e05affffff,0,False,0.0,0.3190665490400568,SVR,0.026843996213650866,6,0.0421562638438207,0.015312267630169834
87309e05bffffff,5,True,0.043859649122807,9.923440594270096,SVR,0.04757201427758437,6,0.04367915438594434,0.003892859891640031
87309e05cffffff,17,True,0.1491228070175438,150.72976204545893,SVR,0.3514581354148379,6,0.21715675024458025,0.13430138517025764
87309e05dffffff,8,True,0.0701754385964912,29.834788390821267,SVR,0.09054439070321428,6,0.23340761232840937,0.1428632216251951
87309e05effffff,3,True,0.0263157894736842,5.151561038883707,SVR,0.03727341437329514,6,0.09374397320753902,0.05647055883424388
87309e060ffffff,2,True,0.0175438596491228,35.45351102478248,SVR,0.10267063481912538,6,0.14390246799027315,0.04123183317114777
87309e061ffffff,3,True,0.0263157894736842,-12.119159802819658,SVR,0.0,6,0.10659282225381377,0.10659282225381377
87309e062ffffff,3,True,0.0263157894736842,4.183774707877903,SVR,0.035184752222420346,6,0.07288568722867313,0.03770093500625278
87309e063ffffff,8,True,0.0701754385964912,-3.3696789544036894,SVR,0.01888300020614853,6,0.06991681641366877,0.05103381620752025
87309e064ffffff,31,True,0.2719298245614035,127.81157591659752,SVR,0.30199644495646183,6,0.2636844429548782,0.038312002001583634
87309e065ffffff,22,True,0.1929824561403508,164.78444234254982,SVR,0.38179073863384677,6,0.2986343804575102,0.0831563581763366
87309e066ffffff,9,True,0.0789473684210526,46.059290799540165,SVR,0.12555987192276136,6,0.08668731608144999,0.03887255584131137
87309e068ffffff,3,True,0.0263157894736842,-0.0053797428591561,SVR,0.02614378102340605,6,0.05846815131422715,0.032324370290821094
87309e069ffffff,3,True,0.0263157894736842,3.069340611349171,SVR,0.0327795970321783,6,0.0697759646312547,0.036996367599076395
87309e06affffff,5,True,0.043859649122807,16.139092813220923,SVR,0.06098654299822783,6,0.05508082564354208,0.005905717354685751
87309e06bffffff,2,True,0.0175438596491228,5.201732944008465,SVR,0.037381694637144754,6,0.05771986388345882,0.02033816924631407
87309e06cffffff,3,True,0.0263157894736842,1.514333987727572,SVR,0.029423604727820612,6,0.04878294801394161,0.019359343286121
87309e06dffffff,13,True,0.1140350877192982,60.76462529354855,SVR,0.15729670740964805,6,0.025119365298031063,0.13217734211161697
87309e06effffff,4,True,0.0350877192982456,3.144016337530348,SVR,0.03294076108034337,6,0.0437450159163415,0.010804254835998131
87309e070ffffff,0,False,0.0,1.7289064958688776,SVR,0.02988669194244085,6,0.030610590544770305,0.0007238986023294543
87309e071ffffff,5,True,0.043859649122807,9.40238941513779,SVR,0.0464474893265125,6,0.07512238586577563,0.028674896539263132
87309e072ffffff,1,True,0.0087719298245614,1.680523863928644,SVR,0.029782273261523703,6,0.03388044763512471,0.004098174373601007
87309e073ffffff,4,True,0.0350877192982456,6.847184979627813,SVR,0.040932884892442345,6,0.07527488587794329,0.03434200098550094
87309e074ffffff,0,False,0.0,0.3190665490400568,SVR,0.026843996213650866,6,0.02421477419835868,0.0026292220152921847
87309e075ffffff,0,False,0.0,-1.887626787886612,SVR,0.022081543279813456,6,0.04765147166980169,0.02556992838998823
87309e076ffffff,1,True,0.0087719298245614,-3.975578717950028,SVR,0.017575356294678948,6,0.028056911580312944,0.010481555285633996
87309e080ffffff,1,True,0.0087719298245614,0.3437880483468116,SVR,0.026897349787947823,4,0.028430884528164262,0.0015335347402164398
87309e082ffffff,0,False,0.0,0.3190665490400568,SVR,0.026843996213650866,3,0.02962501518614884,0.002781018972497974
87309e084ffffff,1,True,0.0087719298245614,0.6333556007414538,SVR,0.027522290198275356,6,0.026227501336771677,0.001294788861503679
87309e085ffffff,1,True,0.0087719298245614,1.6324986015753613,SVR,0.029678625850365414,5,0.026990325725435155,0.0026883001249302582
87309e086ffffff,0,False,0.0,1.6324986015753613,SVR,0.029678625850365414,6,0.028008513762245182,0.0016701120881202312
87309e090ffffff,1,True,0.0087719298245614,-0.5728987880135784,SVR,0.024918969810911733,3,0.029572043023131347,0.004653073212219614
87309e094ffffff,0,False,0.0,1.5835857862984897,SVR,0.029573062935609885,5,0.027707719533871723,0.001865343401738162
87309e095ffffff,1,True,0.0087719298245614,2.8466872872966955,SVR,0.03229906992013328,5,0.02772944406430995,0.004569625855823333
87309e096ffffff,0,False,0.0,0.3190665490400568,SVR,0.026843996213650866,2,0.02724601637326081,0.0004020201596099428
87309e0a0ffffff,1,True,0.0087719298245614,1.5835857862984897,SVR,0.029573062935609885,6,0.02489520744940729,0.004677855486202594
87309e0a1ffffff,2,True,0.0175438596491228,-1.886861023885521,SVR,0.022083195940358805,6,0.035283451038546736,0.013200255098187931
87309e0a2ffffff,2,True,0.0175438596491228,-4.051919208879047,SVR,0.017410599375848598,6,0.058728828005518374,0.04131822862966977
87309e0a3ffffff,0,False,0.0,0.3190665490400568,SVR,0.026843996213650866,6,0.02551862841901815,0.0013253677946327147
87309e0a4ffffff,1,True,0.0087719298245614,-1.3804154693775557,SVR,0.023176199248310304,6,0.027693607673457608,0.004517408425147303
87309e0a5ffffff,1,True,0.0087719298245614,0.3927008636236832,SVR,0.02700291270270335,6,0.03436251049421505,0.007359597791511699
87309e0a6ffffff,4,True,0.0350877192982456,3.103973497754541,SVR,0.032854341215571826,6,0.057585367739844164,0.024731026524272337
87309e0a8ffffff,0,False,0.0,0.6844519162796437,SVR,0.027632565511011852,6,0.027433170771488297,0.00019939473952355555
87309e0a9ffffff,0,False,0.0,0.3190665490400568,SVR,0.026843996213650866,6,0.027014221448346015,0.00017022523469514828
87309e0aaffffff,0,False,0.0,0.3190665490400568,SVR,0.026843996213650866,4,0.027776186675858634,0.000932190462207768
87309e0abffffff,0,False,0.0,0.3679793643169283,SVR,0.026949559128406398,4,0.028633288501948427,0.001683729373542029
87309e0acffffff,3,True,0.0263157894736842,1.629663129054907,SVR,0.029672506375494172,6,0.03350920838271693,0.0038367020072227614
87309e0adffffff,1,True,0.0087719298245614,0.5975293363130659,SVR,0.027444970484076625,6,0.03072119331860144,0.003276222834524816
87309e0aeffffff,0,False,0.0,0.3190665490400568,SVR,0.026843996213650866,6,0.02712581435075533,0.00028181813710446285
87309e0b0ffffff,0,False,0.0,0.3562054042755016,SVR,0.026924148741922758,6,0.05827119326103591,0.031347044519113146
87309e0b1ffffff,3,True,0.0263157894736842,0.3245409303484047,SVR,0.026855810942451923,6,0.05631528270082906,0.02945947175837714
87309e0b2ffffff,0,False,0.0,0.3190665490400568,SVR,0.026843996213650866,4,0.02812042588470666,0.0012764296710557933
87309e0b3ffffff,2,True,0.0175438596491228,0.6844519162796437,SVR,0.027632565511011852,6,0.028695785767355684,0.0010632202563438317
87309e0b4ffffff,4,True,0.0350877192982456,2.3464170179281862,SVR,0.03121939402126829,4,0.07559250733326792,0.044373113311999626
87309e0b5ffffff,14,True,0.1228070175438596,84.59333042969934,SVR,0.2087234665275504,6,0.0289391303350633,0.1797843361924871
87309e0b6ffffff,0,False,0.0,1.017769387951668,SVR,0.028351926350282133,4,0.027957883797623196,0.0003940425526589367
87309e0c1ffffff,0,False,0.0,0.3190665490400568,SVR,0.026843996213650866,2,0.027638647324452363,0.0007946511108014968
87309e0c5ffffff,0,False,0.0,0.6961909753028763,SVR,0.027657900574634034,4,0.02719254542253126,0.00046535515210277545
87309e0e0ffffff,5,True,0.043859649122807,21.172078471894025,SVR,0.07184865823418184,6,0.018643632678826922,0.05320502555535492
87309e0e1ffffff,2,True,0.0175438596491228,-2.991188101918207,SVR,0.019699853568002863,6,0.04576957767712613,0.02606972410912327
87309e0e2ffffff,3,True,0.0263157894736842,-5.612185032660946,SVR,0.014043256743462119,4,0.036610284068906894,0.022567027325444775
87309e0e3ffffff,0,False,0.0,0.3679793643169283,SVR,0.026949559128406398,5,0.03212138027881559,0.005171821150409189
87309e0e4ffffff,4,True,0.0350877192982456,-3.9308041313278688,SVR,0.0176719881455355,6,0.02947857729337881,0.01180658914784331
87309e0e5ffffff,5,True,0.043859649122807,-12.017985253954784,SVR,0.00021835341549644927,6,0.05090583832730922,0.050687484911812776
87309e0e6ffffff,3,True,0.0263157894736842,3.3006405185146326,SVR,0.033278785072058205,6,0.027849842904603527,0.005428942167454678
87309e0e8ffffff,0,False,0.0,0.3190665490400568,SVR,0.026843996213650866,6,0.02827794255439928,0.001433946340748414
87309e0e9ffffff,1,True,0.0087719298245614,0.9115210873898756,SVR,0.028122622838888712,6,0.028686086429007135,0.000563463590118423
87309e0eaffffff,0,False,0.0,0.6783489012791256,SVR,0.027619394074270692,5,0.027109424297876744,0.0005099697763939481
87309e0ebffffff,0,False,0.0,0.3190665490400568,SVR,0.026843996213650866,4,0.027357502335115285,0.0005135061214644188
87309e0ecffffff,4,True,0.0350877192982456,3.0982015276946515,SVR,0.03284188423512704,6,0.04048651790379574,0.007644633668668702
87309e0edffffff,1,True,0.0087719298245614,0.336919269345202,SVR,0.02688252569066131,6,0.02977660579592117,0.00289408010525986
87309e0eeffffff,1,True,0.0087719298245614,0.5568756381647608,SVR,0.02735723227379708,6,0.02693543129901532,0.0004218009747817622
87309e0f4ffffff,5,True,0.043859649122807,-2.851354081488865,SVR,0.020001641283450215,5,0.025659838657313565,0.00565819737386335
87309e0f5ffffff,4,True,0.0350877192982456,-5.463505903879071,SVR,0.014364133840981159,4,0.023589538511943835,0.009225404670962676
87309e0f6ffffff,2,True,0.0175438596491228,3.26997169448718,SVR,0.03321259606948013,3,0.024598398875169163,0.008614197194310964
87309e100ffffff,6,True,0.0526315789473684,4.435464937995056,SVR,0.03572794635582406,6,0.028836523044503192,0.006891423311320869
87309e101ffffff,2,True,0.0175438596491228,0.6086341014346989,SVR,0.0274689366239784,6,0.03058923983355975,0.00312030320958135
87309e102ffffff,0,False,0.0,0.3176488127798297,SVR,0.026840936476215247,6,0.039512740279698415,0.012671803803483168
87309e103ffffff,0,False,0.0,0.659730416972889,SVR,0.0275792119367149,6,0.031097470708815658,0.003518258772100758
87309e104ffffff,0,False,0.0,0.2693879697620938,SVR,0.02673678063834999,6,0.03442302280870346,0.007686242170353474
87309e105ffffff,1,True,0.0087719298245614,0.3190665490400568,SVR,0.026843996213650866,6,0.035476471758298274,0.008632475544647408
87309e106ffffff,5,True,0.043859649122807,5.279382322661767,SVR,0.03754927637810977,6,0.03123948668150389,0.006309789696605884
87309e108ffffff,4,True,0.0350877192982456,0.6654812136778726,SVR,0.027591623221138176,6,0.05031532921807974,0.022723705996941564
87309e109ffffff,1,True,0.0087719298245614,0.3679793643169283,SVR,0.026949559128406398,6,0.05731927341878199,0.030369714290375594
87309e10affffff,3,True,0.0263157894736842,6.027536701011401,SVR,0.03916393209601614,6,0.0364839983266885,0.0026799337693276387
87309e10bffffff,1,True,0.0087719298245614,1.5835857862984897,SVR,0.029573062935609885,6,0.03894336727208012,0.009370304336470237
87309e10cffffff,2,True,0.0175438596491228,3.187351155229528,SVR,0.03303428564319731,6,0.049006913384466666,0.015972627741269355
87309e10dffffff,12,True,0.1052631578947368,55.34195299502548,SVR,0.14559357622907917,6,0.057582087408928374,0.08801148882015081
87309e10effffff,0,False,0.0,0.658964652971798,SVR,0.027577559276169547,6,0.03038499764707649,0.002807438370906943
87309e110ffffff,0,False,0.0,1.5835857862984897,SVR,0.029573062935609885,6,0.034155719428900916,0.0045826564932910305
87309e111ffffff,4,True,0.0350877192982456,19.33252523431542,SVR,0.06787856163459824,6,0.028930588992638468,0.038947972641959774
87309e112ffffff,1,True,0.0087719298245614,0.3685095476535665,SVR,0.02695070336224478,5,0.0444806141240899,0.01752991076184512
87309e113ffffff,0,False,0.0,0.3190665490400568,SVR,0.026843996213650866,6,0.049498220387146775,0.02265422417349591
87309e114ffffff,0,False,0.0,0.3190665490400568,SVR,0.026843996213650866,4,0.028208529574630378,0.0013645333609795113
87309e115ffffff,0,False,0.0,0.3190665490400568,SVR,0.026843996213650866,6,0.03592163830863914,0.009077642094988275
87309e116ffffff,1,True,0.0087719298245614,1.5835857862984897,SVR,0.029573062935609885,3,0.027789254170501845,0.0017838087651080407
87309e118ffffff,1,True,0.0087719298245614,-1.886861023885521,SVR,0.022083195940358805,6,0.036308944253665924,0.01422574831330712
87309e119ffffff,7,True,0.0614035087719298,24.87754993111447,SVR,0.0798457519521485,6,0.029141868603998103,0.0507038833481504
87309e11affffff,2,True,0.0175438596491228,-4.092788596811099,SVR,0.017322395667066743,6,0.02925549571955687,0.011933100052490125
87309e11bffffff,0,False,0.0,1.657220100882116,SVR,0.029731979424662366,6,0.03948934437732822,0.009757364952665853
87309e11cffffff,2,True,0.0175438596491228,7.108777109404869,SVR,0.04149744915929268,6,0.03230633255111875,0.009191116608173934
87309e11dffffff,1,True,0.0087719298245614,0.6100518376949261,SVR,0.027471996361414015,6,0.03962451672678343,0.012152520365369415
87309e11effffff,1,True,0.0087719298245614,-1.932780615150364,SVR,0.02198409295741128,6,0.035903914914921065,0.013919821957509786
87309e121ffffff,0,False,0.0,0.3190665490400568,SVR,0.026843996213650866,4,0.037335756897261325,0.01049176068361046
87309e122ffffff,0,False,0.0,0.6100518376949261,SVR,0.027471996361414015,3,0.03522723406052402,0.007755237699110004
87309e123ffffff,3,True,0.0263157894736842,3.867261154834965,SVR,0.03450165735188975,5,0.03270956788620229,0.0017920894656874645
87309e128ffffff,2,True,0.0175438596491228,8.993131423911056,SVR,0.045564234780718325,6,0.034800835617295224,0.010763399163423101
87309e129ffffff,0,False,0.0,0.2693879697620938,SVR,0.02673678063834999,6,0.05010783390945012,0.023371053271100128
87309e12affffff,2,True,0.0175438596491228,3.066024187750908,SVR,0.03277243957580179,6,0.036933311441020585,0.004160871865218796
87309e12bffffff,2,True,0.0175438596491228,3.1887688914897554,SVR,0.03303734538063293,6,0.07027580044796557,0.037238455067332636
87309e12cffffff,3,True,0.0263157894736842,2.843851814776241,SVR,0.03229295044526204,6,0.03501917910994875,0.0027262286646867057
87309e12dffffff,1,True,0.0087719298245614,1.0003942849057212,SVR,0.02831442765977893,6,0.031161274923548744,0.0028468472637698146
87309e12effffff,5,True,0.043859649122807,13.666889335432892,SVR,0.05565107000394567,6,0.0331365457634956,0.022514524240450064
87309e131ffffff,2,True,0.0175438596491228,8.473727166303886,SVR,0.04444326419133231,4,0.02965051239788116,0.014792751793451148
87309e133ffffff,1,True,0.0087719298245614,0.3190665490400568,SVR,0.026843996213650866,4,0.033920133249185955,0.0070761370355350885
87309e140ffffff,0,False,0.0,0.3190665490400568,SVR,0.026843996213650866,6,0.040953579786687906,0.01410958357303704
87309e141ffffff,4,True,0.0350877192982456,1.729102633563135,SVR,0.02988711524391271,6,0.046735214442933236,0.016848099199020528
87309e142ffffff,4,True,0.0350877192982456,3.435631715113318,SVR,0.033570121076715295,6,0.0386043566963326,0.005034235619617307
87309e143ffffff,11,True,0.0964912280701754,27.023268780249904,SVR,0.08447661064794149,6,0.044929867541951274,0.03954674310599021
87309e144ffffff,3,True,0.0263157894736842,4.34030074057037,SVR,0.03552256439194291,6,0.0353289131784003,0.00019365121354261022
87309e145ffffff,4,True,0.0350877192982456,4.293273615524575,SVR,0.035421071145964184,6,0.032701827684909784,0.002719243461054399
87309e146ffffff,0,False,0.0,0.3190665490400568,SVR,0.026843996213650866,6,0.03816235673288694,0.011318360519236074
87309e148ffffff,15,True,0.131578947368421,17.71485761828322,SVR,0.06438733530286153,6,0.4378204224251963,0.3734330871223348
87309e149ffffff,29,True,0.2543859649122807,451.23310164380337,SVR,1.0,6,0.37821144743898866,0.6217885525610114
87309e14affffff,18,True,0.1578947368421052,63.49929384247882,SVR,0.16319862863992846,6,0.21925186886975412,0.05605324022982566
87309e14bffffff,30,True,0.2631578947368421,345.904927062558,SVR,0.7726822908937525,6,0.4086636442588704,0.3640186466348821
87309e14cffffff,11,True,0.0964912280701754,22.14726074735312,SVR,0.07395328220302681,6,0.1405680921793003,0.06661480997627349
87309e14dffffff,16,True,0.1403508771929824,260.9983112653473,SVR,0.5894380880228625,6,0.21958895654194485,0.3698491314809176
87309e14effffff,2,True,0.0175438596491228,0.6926436509245191,SVR,0.027650244791607784,6,0.08808222941527616,0.060431984623668375
87309e150ffffff,5,True,0.043859649122807,8.297602203849038,SVR,0.04406315390136637,6,0.026399594457854312,0.01766355944351206
87309e151ffffff,3,True,0.0263157894736842,-2.158409718251201,SVR,0.021497143563020914,6,0.035737567969334846,0.014240424406313932
87309e152ffffff,5,True,0.043859649122807,-1.512218404036365,SVR,0.022891744103433462,6,0.03961985922986735,0.016728115126433886
87309e153ffffff,0,False,0.0,0.3220597730520856,SVR,0.02685045614545887,6,0.030003035694152008,0.0031525795486931386
87309e154ffffff,2,True,0.0175438596491228,-0.1450992073496834,SVR,0.025842240540892136,6,0.04182017370775871,0.015977933166866572
87309e155ffffff,4,True,0.0350877192982456,3.1376725759515645,SVR,0.032927070067896434,6,0.030580462809759328,0.002346607258137106
87309e156ffffff,2,True,0.0175438596491228,1.0349069236388435,SVR,0.028388912326424064,6,0.03900699020942555,0.010618077883001488
87309e158ffffff,2,True,0.0175438596491228,-1.9464141487133428,SVR,0.021954669266847183,6,0.04578509355966346,0.023830424292816278
87309e159ffffff,8,True,0.0701754385964912,4.656273819788061,SVR,0.03620449281985474,6,0.12454767460516818,0.08834318178531345
87309e15affffff,0,False,0.0,0.3519797829916865,SVR,0.026915029068543754,6,0.027074994908593508,0.00015996584004975348
87309e15bffffff,2,True,0.0175438596491228,-1.931883827608934,SVR,0.021986028391024207,6,0.043259933761911895,0.021273905370887688
87309e15cffffff,6,True,0.0526315789473684,5.968872308678446,SVR,0.039037323471835035,6,0.052011038693541324,0.012973715221706289
87309e15dffffff,5,True,0.043859649122807,40.04985871812468,SVR,0.11259040445398598,6,0.062086994939669106,0.05050340951431687
87309e15effffff,3,True,0.0263157894736842,5.477700229599802,SVR,0.037977283152737074,6,0.027183102954892766,0.010794180197844307
87309e160ffffff,1,True,0.0087719298245614,1.5835857862984897,SVR,0.029573062935609885,6,0.03882586048993235,0.009252797554322463
87309e161ffffff,1,True,0.0087719298245614,5.944688691787021,SVR,0.03898513074741427,6,0.05069072648255709,0.01170559573514282
87309e162ffffff,3,True,0.0263157894736842,0.3176488127798297,SVR,0.026840936476215247,6,0.044669706052273335,0.017828769576058088
87309e163ffffff,1,True,0.0087719298245614,0.659730416972889,SVR,0.0275792119367149,6,0.035109127060829255,0.007529915124114356
87309e164ffffff,3,True,0.0263157894736842,3.011058551132929,SVR,0.03265381355151872,6,0.03991414622258289,0.007260332671064164
87309e165ffffff,1,True,0.0087719298245614,0.3176488127798297,SVR,0.026840936476215247,6,0.04202702746589628,0.015186090989681034
87309e166ffffff,5,True,0.043859649122807,24.97456746135702,SVR,0.08005513375151571,6,0.02828441812548173,0.051770715626033983
87309e168ffffff,1,True,0.0087719298245614,0.3519797829916865,SVR,0.026915029068543754,6,0.06264992641679472,0.035734897348250964
87309e169ffffff,1,True,0.0087719298245614,1.3357432313188478,SVR,0.029038172797800136,6,0.03645689739652928,0.007418724598729141
87309e16affffff,5,True,0.043859649122807,2.7387316479458392,SVR,0.03206608165540827,6,0.051744697064737576,0.019678615409329303
87309e16bffffff,7,True,0.0614035087719298,34.2066547581149,SVR,0.09997968805914888,6,0.12749448418482492,0.027514796125676047
87309e16cffffff,9,True,0.0789473684210526,50.65371146683128,SVR,0.13547548267848955,6,0.03737701024737459,0.09809847243111497
87309e16dffffff,3,True,0.0263157894736842,4.111206524555128,SVR,0.0350281366420923,6,0.04593187884440059,0.01090374220230829
87309e16effffff,5,True,0.043859649122807,8.412904062434162,SVR,0.04431199666782906,6,0.04940700120542249,0.005095004537593428
87309e170ffffff,3,True,0.0263157894736842,0.5317957192709425,SVR,0.027303105163646552,6,0.06315431908437096,0.035851213920724406
87309e171ffffff,6,True,0.0526315789473684,19.59464613370373,SVR,0.06844426708420573,6,0.029170120003669472,0.039274147080536254
87309e172ffffff,12,True,0.1052631578947368,28.158303250210736,SVR,0.08692622525954857,6,0.06588468140759694,0.02104154385195163
87309e173ffffff,3,True,0.0263157894736842,2.553409234598554,SVR,0.03166612156291041,6,0.04471448405497338,0.013048362492062968
87309e174ffffff,0,False,0.0,0.4338955960966622,SVR,0.027091818565263222,6,0.04573673481231708,0.01864491624705386
87309e175ffffff,2,True,0.0175438596491228,0.3190665490400568,SVR,0.026843996213650866,6,0.04277210180479905,0.01592810559114818
87309e176ffffff,8,True,0.0701754385964912,51.80189982662172,SVR,0.1379534858206469,6,0.05778147520608675,0.08017201061456014
87309e180ffffff,2,True,0.0175438596491228,0.3176488127798297,SVR,0.026840936476215247,4,0.028117407063348282,0.001276470587133035
87309e181ffffff,3,True,0.0263157894736842,3.508042975895045,SVR,0.03372639798913535,6,0.03305095542248775,0.0006754425666475952
87309e182ffffff,0,False,0.0,0.3176488127798297,SVR,0.026840936476215247,3,0.03466178413565593,0.007820847659440685
87309e183ffffff,2,True,0.0175438596491228,1.0260758752788124,SVR,0.02836985328842032,6,0.03378731226843038,0.005417458980010063
87309e185ffffff,1,True,0.0087719298245614,-1.2153502799616038,SVR,0.02353244049962222,5,0.02990014787043076,0.00636770737080854
87309e188ffffff,1,True,0.0087719298245614,2.0042857768387536,SVR,0.03048101143515277,6,0.030196740998082932,0.0002842704370698383
87309e189ffffff,6,True,0.0526315789473684,-2.64899716155903,SVR,0.02043836499619969,6,0.07119377720679002,0.05075541221059032
87309e18affffff,3,True,0.0263157894736842,-2.33192160206845,SVR,0.021122672780736332,6,0.02930115118604526,0.008178478405308928
87309e18bffffff,1,True,0.0087719298245614,0.5536476918079198,SVR,0.02735026576769487,6,0.02574154474104127,0.0016087210266536
87309e18cffffff,2,True,0.0175438596491228,8.693883357178667,SVR,0.044918402027473284,6,0.04994261147150028,0.005024209444026997
87309e18dffffff,1,True,0.0087719298245614,0.7189645550127661,SVR,0.02770705017765699,6,0.06049209234731332,0.03278504216965633
87309e18effffff,2,True,0.0175438596491228,6.249833721388264,SVR,0.039643690238736394,6,0.030919281218144315,0.008724409020592079
87309e198ffffff,0,False,0.0,0.3190665490400568,SVR,0.026843996213650866,4,0.03557519769550647,0.008731201481855601
87309e199ffffff,0,False,0.0,0.9744294043386768,SVR,0.02825839063842938,6,0.028210841159922267,4.75494785071133e-05
87309e19bffffff,5,True,0.043859649122807,5.659892451955369,SVR,0.03837048771331642,5,0.06557991772329415,0.027209430009977727
87309e19cffffff,0,False,0.0,10.48064409857496,SVR,0.04877456264233223,4,0.027238033941558562,0.021536528700773667
87309e19dffffff,0,False,0.0,0.3437880483468116,SVR,0.026897349787947823,6,0.03216886096705092,0.0052715111791030965
87309e1a1ffffff,0,False,0.0,-0.2536638301355933,SVR,0.025607937977121405,4,0.04792217720076159,0.022314239223640186
87309e1a3ffffff,1,True,0.0087719298245614,0.2693879697620938,SVR,0.02673678063834999,3,0.02544553090691259,0.001291249731437398
87309e1a8ffffff,0,False,0.0,0.3190665490400568,SVR,0.026843996213650866,6,0.062141032298956206,0.035297036085305336
87309e1a9ffffff,1,True,0.0087719298245614,0.3679793643169283,SVR,0.026949559128406398,6,0.04682366504684057,0.01987410591843417
87309e1aaffffff,5,True,0.043859649122807,4.098359324305456,SVR,0.03500041000445906,6,0.04821909332628949,0.013218683321830432
87309e1abffffff,8,True,0.0701754385964912,49.55168663686004,SVR,0.13309710898386112,6,0.03171896001693481,0.10137814896692632
87309e1acffffff,6,True,0.0526315789473684,39.222592419058536,SVR,0.11080501055845744,6,0.028873456480870186,0.08193155407758726
87309e1adffffff,0,False,0.0,6.321282934713202,SVR,0.03979789087455905,6,0.038458175123107265,0.001339715751451788
87309e1aeffffff,5,True,0.043859649122807,0.4822675699218892,SVR,0.027196214243994144,6,0.0414210959819435,0.014224881737949353
87309e300ffffff,0,False,0.0,0.3190665490400568,SVR,0.026843996213650866,6,0.026843996213650866,0.0
87309e301ffffff,0,False,0.0,0.3190665490400568,SVR,0.026843996213650866,6,0.026843996213650866,0.0
87309e302ffffff,0,False,0.0,0.3190665490400568,SVR,0.026843996213650866,6,0.026843996213650866,0.0
87309e303ffffff,0,False,0.0,0.3190665490400568,SVR,0.026843996213650866,6,0.026843996213650866,0.0
87309e304ffffff,0,False,0.0,0.3190665490400568,SVR,0.026843996213650866,6,0.026843996213650866,0.0
87309e305ffffff,0,False,0.0,0.3190665490400568,SVR,0.026843996213650866,6,0.026843996213650866,0.0
87309e306ffffff,0,False,0.0,0.3190665490400568,SVR,0.026843996213650866,6,0.026843996213650866,0.0
87309e308ffffff,0,False,0.0,0.3190665490400568,SVR,0.026843996213650866,5,0.026843996213650866,0.0
87309e309ffffff,0,False,0.0,0.3190665490400568,SVR,0.026843996213650866,3,0.026843996213650866,0.0
87309e30affffff,0,False,0.0,0.3190665490400568,SVR,0.026843996213650866,3,0.026843996213650866,0.0
87309e30cffffff,0,False,0.0,0.3190665490400568,SVR,0.026843996213650866,6,0.026843996213650866,0.0
87309e30dffffff,0,False,0.0,0.3190665490400568,SVR,0.026843996213650866,6,0.026843996213650866,0.0
87309e30effffff,0,False,0.0,0.3190665490400568,SVR,0.026843996213650866,6,0.026843996213650866,0.0
87309e310ffffff,0,False,0.0,0.3190665490400568,SVR,0.026843996213650866,6,0.026843996213650866,0.0
87309e311ffffff,0,False,0.0,0.3190665490400568,SVR,0.026843996213650866,6,0.026843996213650866,0.0
87309e312ffffff,0,False,0.0,0.3190665490400568,SVR,0.026843996213650866,6,0.026843996213650866,0.0
87309e313ffffff,0,False,0.0,0.3190665490400568,SVR,0.026843996213650866,5,0.026843996213650866,0.0
87309e314ffffff,0,False,0.0,0.3190665490400568,SVR,0.026843996213650866,6,0.026843996213650866,0.0
87309e315ffffff,0,False,0.0,0.3190665490400568,SVR,0.026843996213650866,6,0.026843996213650866,0.0
87309e316ffffff,0,False,0.0,0.3190665490400568,SVR,0.026843996213650866,6,0.026877264055870074,3.326784221920759e-05
87309e318ffffff,0,False,0.0,0.3190665490400568,SVR,0.026843996213650866,3,0.026843996213650866,0.0
87309e31cffffff,0,False,0.0,0.3190665490400568,SVR,0.026843996213650866,6,0.026843996213650866,0.0
87309e31dffffff,0,False,0.0,0.3190665490400568,SVR,0.026843996213650866,5,0.026843996213650866,0.0
87309e31effffff,0,False,0.0,0.3190665490400568,SVR,0.026843996213650866,4,0.026843996213650866,0.0
87309e320ffffff,0,False,0.0,0.3190665490400568,SVR,0.026843996213650866,6,0.02952947828453513,0.002685482070884263
87309e321ffffff,0,False,0.0,0.3190665490400568,SVR,0.026843996213650866,6,0.026843996213650866,0.0
87309e322ffffff,0,False,0.0,0.3190665490400568,SVR,0.026843996213650866,6,0.02820547073438408,0.001361474520733215
87309e323ffffff,0,False,0.0,0.3190665490400568,SVR,0.026843996213650866,6,0.026843996213650866,0.0
87309e324ffffff,4,True,0.0350877192982456,3.999957904249401,SVR,0.034788041514557146,6,0.0279441589481657,0.006843882566391447
87309e325ffffff,0,False,0.0,0.3190665490400568,SVR,0.026843996213650866,6,0.028272670455095766,0.0014286742414449
87309e326ffffff,5,True,0.043859649122807,4.10412033754222,SVR,0.03501284333805018,6,0.027793133023906843,0.007219710314143337
87309e328ffffff,0,False,0.0,0.3190665490400568,SVR,0.026843996213650866,6,0.026843996213650866,0.0
87309e329ffffff,0,False,0.0,0.3190665490400568,SVR,0.026843996213650866,6,0.026843996213650866,0.0
87309e32affffff,0,False,0.0,0.3190665490400568,SVR,0.026843996213650866,6,0.026843996213650866,0.0
87309e32bffffff,0,False,0.0,0.3190665490400568,SVR,0.026843996213650866,6,0.026843996213650866,0.0
87309e32cffffff,0,False,0.0,0.3190665490400568,SVR,0.026843996213650866,6,0.026843996213650866,0.0
87309e32dffffff,0,False,0.0,0.3190665490400568,SVR,0.026843996213650866,5,0.026843996213650866,0.0
87309e32effffff,0,False,0.0,0.3190665490400568,SVR,0.026843996213650866,6,0.026843996213650866,0.0
87309e330ffffff,0,False,0.0,1.5835857862984897,SVR,0.029573062935609885,6,0.04597566958739338,0.016402606651783495
87309e331ffffff,0,False,0.0,0.3190665490400568,SVR,0.026843996213650866,6,0.027298840667310698,0.0004548444536598313
87309e332ffffff,0,False,0.0,0.3190665490400568,SVR,0.026843996213650866,6,0.04946937636721471,0.022625380153563846
87309e333ffffff,0,False,0.0,0.3190665490400568,SVR,0.026843996213650866,6,0.027298840667310698,0.0004548444536598313
87309e334ffffff,12,True,0.1052631578947368,39.418067050283646,SVR,0.11122688101747888,6,0.03422940713614989,0.07699747388132899
87309e335ffffff,0,False,0.0,0.3190665490400568,SVR,0.026843996213650866,6,0.043178973775675096,0.01633497756202423
87309e336ffffff,5,True,0.043859649122807,14.408290785686898,SVR,0.05725115165227795,6,0.061210881135085084,0.003959729482807137
87309e370ffffff,0,False,0.0,0.3190665490400568,SVR,0.026843996213650866,6,0.026843996213650866,0.0
87309e371ffffff,0,False,0.0,0.3190665490400568,SVR,0.026843996213650866,3,0.026843996213650866,0.0
87309e372ffffff,0,False,0.0,0.3190665490400568,SVR,0.026843996213650866,5,0.026843996213650866,0.0
87309e373ffffff,0,False,0.0,0.3190665490400568,SVR,0.026843996213650866,3,0.026843996213650866,0.0
87309e374ffffff,0,False,0.0,0.3190665490400568,SVR,0.026843996213650866,5,0.026843996213650866,0.0
87309e375ffffff,0,False,0.0,0.3190665490400568,SVR,0.026843996213650866,3,0.026843996213650866,0.0
87309e376ffffff,0,False,0.0,0.3190665490400568,SVR,0.026843996213650866,6,0.026843996213650866,0.0
87309e3a0ffffff,1,True,0.0087719298245614,17.435902398074646,SVR,0.06378529827095486,6,0.02981018927203634,0.03397510899891852
87309e3a1ffffff,0,False,0.0,0.3190665490400568,SVR,0.026843996213650866,5,0.03423225662511166,0.007388260411460793
87309e3a2ffffff,6,True,0.0526315789473684,0.2749258434383851,SVR,0.026748732395440806,5,0.03870447353210517,0.011955741136664363
87309e3a3ffffff,0,False,0.0,0.3190665490400568,SVR,0.026843996213650866,3,0.03912600896001551,0.012282012746364642
87309e3a4ffffff,0,False,0.0,-1.886861023885521,SVR,0.022083195940358805,6,0.04855182213670064,0.026468626196341834
87309e3a5ffffff,0,False,0.0,0.3190665490400568,SVR,0.026843996213650866,6,0.03224068101987206,0.005396684806221196
87309e3a6ffffff,6,True,0.0526315789473684,10.815488396508409,SVR,0.04949721865546582,6,0.03880599107473225,0.01069122758073357
87309e3acffffff,0,False,0.0,0.3190665490400568,SVR,0.026843996213650866,3,0.026843996213650866,0.0
87309e3b0ffffff,0,False,0.0,-1.8374180252720111,SVR,0.022189903088952717,4,0.029524464690720804,0.007334561601768087
87309e3b1ffffff,0,False,0.0,2.308339166020307,SVR,0.031137214964261,3,0.023732425013528943,0.0074047899507320575
87309e3b4ffffff,2,True,0.0175438596491228,5.422433831179057,SVR,0.03785800802877804,6,0.028971862031486804,0.008886145997291237
87309e3b5ffffff,2,True,0.0175438596491228,-1.805568827732228,SVR,0.022258639556193314,6,0.03583384856841379,0.013575209012220476
87309e3b6ffffff,0,False,0.0,0.3190665490400568,SVR,0.026843996213650866,4,0.028753632542567582,0.001909636328916716
87309e56bffffff,0,False,0.0,0.3190665490400568,SVR,0.026843996213650866,1,0.028351926350282133,0.0015079301366312664
87309e850ffffff,1,True,0.0087719298245614,0.3190665490400568,SVR,0.026843996213650866,4,0.040310496496296026,0.01346650028264516
87309e851ffffff,4,True,0.0350877192982456,13.391549215118127,SVR,0.05505683502718062,4,0.036914176064407556,0.01814265896277306
87309e852ffffff,0,False,0.0,1.6324986015753613,SVR,0.029678625850365414,4,0.08105817972344087,0.051379553873075454
87309e853ffffff,3,True,0.0263157894736842,10.991442427923488,SVR,0.04987696004458895,6,0.06895344498932565,0.019076484944736703
87309e855ffffff,1,True,0.0087719298245614,0.2197093904841309,SVR,0.02662956506304911,2,0.040950415620415744,0.014320850557366635
87309e85affffff,1,True,0.0087719298245614,0.3176488127798297,SVR,0.026840936476215247,4,0.0355648854838956,0.008723949007680355
87309e85effffff,3,True,0.0263157894736842,8.410210256801863,SVR,0.044306182936341296,4,0.04223549875863195,0.0020706841777093435
87309e8c0ffffff,2,True,0.0175438596491228,1.2220986881480445,SVR,0.028792906824961252,6,0.0561164722644682,0.027323565439506946
87309e8c1ffffff,2,True,0.0175438596491228,0.8736545095225235,SVR,0.028040899750392003,6,0.06169873190576478,0.03365783215537278
87309e8c2ffffff,3,True,0.0263157894736842,0.6556962682437429,SVR,0.027570505496572462,6,0.03088471675885325,0.0033142112622807883
87309e8c3ffffff,0,False,0.0,0.3190665490400568,SVR,0.026843996213650866,6,0.03664015360586787,0.009796157392217005
87309e8c4ffffff,5,True,0.043859649122807,9.358898600293566,SVR,0.046353628092926535,6,0.05374255700917696,0.007388928916250426
87309e8c5ffffff,10,True,0.087719298245614,68.91352250992438,SVR,0.17488353690074476,6,0.031177885161107945,0.1437056517396368
87309e8c6ffffff,3,True,0.0263157894736842,3.1743687149460054,SVR,0.03300626713252254,6,0.03379458208561676,0.0007883149530942199
87309e8c8ffffff,4,True,0.0350877192982456,9.076741360894976,SVR,0.04574468051054575,6,0.1029257301124581,0.05718104960191236
87309e8c9ffffff,23,True,0.2017543859649122,160.0379290863168,SVR,0.37154688390135016,6,0.056482125524197624,0.31506475837715253
87309e8caffffff,3,True,0.0263157894736842,0.6820710844751781,SVR,0.027627427235012006,6,0.043458346068943186,0.01583091883393118
87309e8cbffffff,3,True,0.0263157894736842,10.3492394854945,SVR,0.04849096714919662,6,0.09441821064763271,0.04592724349843609
87309e8ccffffff,1,True,0.0087719298245614,1.4838148082653406,SVR,0.0293577386859307,6,0.05140390752550764,0.022046168839576944
87309e8cdffffff,6,True,0.0526315789473684,15.87150306736198,SVR,0.06040903476502421,6,0.09844618173651436,0.038037146971490146
87309e8ceffffff,5,True,0.043859649122807,25.00570250308168,SVR,0.08012232893823489,6,0.030742613145291097,0.049379715792943785
87309e8d0ffffff,11,True,0.0964912280701754,61.74415399826881,SVR,0.15941071177786262,6,0.030406569039893912,0.1290041427379687
87309e8d1ffffff,2,True,0.0175438596491228,0.7514530325261141,SVR,0.027777166329484796,6,0.05159286229237281,0.023815695962888014
87309e8d2ffffff,0,False,0.0,0.3437880483468116,SVR,0.026897349787947823,5,0.055663744943664564,0.028766395155716742
87309e8d3ffffff,0,False,0.0,0.3190665490400568,SVR,0.026843996213650866,6,0.05025610036899784,0.02341210415534697
87309e8d4ffffff,1,True,0.0087719298245614,0.659730416972889,SVR,0.0275792119367149,5,0.05745063086077484,0.029871418924059943
87309e8d5ffffff,2,True,0.0175438596491228,6.607045725050915,SVR,0.04041461990366865,6,0.050482509349866235,0.010067889446197582
87309e8d6ffffff,3,True,0.0263157894736842,3.1376725759515645,SVR,0.032927070067896434,3,0.07129575783417512,0.038368687766278685
87309e8d8ffffff,2,True,0.0175438596491228,-1.5591795962362112,SVR,0.022790393152748063,6,0.027439777944042256,0.004649384791294193
87309e8d9ffffff,2,True,0.0175438596491228,0.3437880483468116,SVR,0.026897349787947823,6,0.036144175659159596,0.009246825871211773
87309e8daffffff,1,True,0.0087719298245614,1.1724201088700814,SVR,0.028685691249660375,6,0.026445794336289814,0.0022398969133705614
87309e8dbffffff,1,True,0.0087719298245614,0.3437880483468116,SVR,0.026897349787947823,6,0.03539406378679768,0.008496713998849856
87309e8dcffffff,1,True,0.0087719298245614,1.0740285994893477,SVR,0.02847334414883141,6,0.026444498980387046,0.002028845168444364
87309e8ddffffff,1,True,0.0087719298245614,0.3176488127798297,SVR,0.026840936476215247,6,0.035459139912737504,0.008618203436522257
87309e8deffffff,1,True,0.0087719298245614,0.3190665490400568,SVR,0.026843996213650866,6,0.027147503125692408,0.0003035069120415415
87309e8e0ffffff,0,False,0.0,0.3190665490400568,SVR,0.026843996213650866,3,0.026843996213650866,0.0
87309e8e1ffffff,0,False,0.0,0.3190665490400568,SVR,0.026843996213650866,5,0.06617567618263816,0.03933167996898729
87309e8e2ffffff,0,False,0.0,0.3190665490400568,SVR,0.026843996213650866,4,0.03303156482243995,0.006187568608789083
87309e8e3ffffff,1,True,0.0087719298245614,0.3190665490400568,SVR,0.026843996213650866,6,0.05476885830804579,0.02792486209439492
87309e8e8ffffff,2,True,0.0175438596491228,2.300169273767157,SVR,0.031119582823591948,6,0.06721789003115612,0.03609830720756417
87309e8e9ffffff,2,True,0.0175438596491228,-0.7569223519443767,SVR,0.02452181287602107,6,0.03734224103949851,0.012820428163477438
87309e8eaffffff,2,True,0.0175438596491228,1.8703178661726776,SVR,0.030191883871066177,6,0.059026728615348856,0.02883484474428268
87309e8ebffffff,6,True,0.0526315789473684,17.49582267087052,SVR,0.06391461731778285,6,0.03405780275296918,0.02985681456481367
87309e8ecffffff,16,True,0.1403508771929824,90.12774879713028,SVR,0.22066776642187277,6,0.033588404105398505,0.18707936231647426
87309e8edffffff,2,True,0.0175438596491228,5.102375785452538,SVR,0.037167263486543,6,0.06622220692977188,0.029054943443228877
87309e8eeffffff,2,True,0.0175438596491228,0.3190665490400568,SVR,0.026843996213650866,6,0.08509179374076291,0.05824779752711204
87309e8f1ffffff,3,True,0.0263157894736842,2.747330128740769,SVR,0.03208463876953152,4,0.03343877121628502,0.0013541324467534963
87309e8f2ffffff,0,False,0.0,0.3679793643169283,SVR,0.026949559128406398,2,0.027565202681377514,0.0006156435529711159
87309e8f3ffffff,1,True,0.0087719298245614,0.6467479766893668,SVR,0.027551193426040125,5,0.032006859374168806,0.004455665948128681
87309ea00ffffff,3,True,0.0263157894736842,2.892764630053114,SVR,0.032398513360017575,6,0.05033164692280515,0.017933133562787577
87309ea01ffffff,6,True,0.0526315789473684,6.212833799794338,SVR,0.0395638375549955,4,0.043885069304611356,0.004321231749615857
87309ea02ffffff,3,True,0.0263157894736842,3.0033941585301585,SVR,0.03263727237272132,6,0.05311833022937684,0.02048105785665552
87309ea03ffffff,4,True,0.0350877192982456,4.461438115791377,SVR,0.03578400128413116,6,0.0376659294574569,0.0018819281733257406
87309ea04ffffff,4,True,0.0350877192982456,16.914366929309992,SVR,0.06265972813315866,4,0.04895663541520702,0.013703092717951643
87309ea05ffffff,3,True,0.0263157894736842,2.560030687985342,SVR,0.03168041188571172,3,0.04487402634939058,0.013193614463678865
87309ea06ffffff,9,True,0.0789473684210526,34.06067203575926,SVR,0.09966463030611261,6,0.03785067564609399,0.06181395466001862
87309ea08ffffff,2,True,0.0175438596491228,1.5613448198206492,SVR,0.029525062810589663,3,0.056007504789934826,0.026482441979345163
87309ea0affffff,2,True,0.0175438596491228,0.3190665490400568,SVR,0.026843996213650866,6,0.045102259903727154,0.018258263690076288
87309ea0bffffff,5,True,0.043859649122807,18.230954270672243,SVR,0.06550116746756864,4,0.029789234014550647,0.035711933453017985
87309ea0effffff,6,True,0.0526315789473684,22.94611177902534,SVR,0.07567735068858497,5,0.03255207844902103,0.043125272239563944
87309ea10ffffff,13,True,0.1140350877192982,43.10894248356971,SVR,0.11919247380807595,6,0.1558373431384501,0.036644869330374155
87309ea11ffffff,11,True,0.0964912280701754,37.28098637635676,SVR,0.10661466510370574,6,0.06149591063722307,0.04511875446648267
87309ea12ffffff,13,True,0.1140350877192982,20.542490370384545,SVR,0.07048989050195181,6,0.15635260856422803,0.08586271806227622
87309ea13ffffff,8,True,0.0701754385964912,34.12434888717144,SVR,0.09980205674536939,6,0.06968869509380753,0.030113361651561865
87309ea14ffffff,3,True,0.0263157894736842,2.6933983406821254,SVR,0.031968243981923786,6,0.14077803510819856,0.10880979112627477
87309ea15ffffff,3,True,0.0263157894736842,1.5835857862984897,SVR,0.029573062935609885,6,0.07130496275643496,0.04173189982082507
87309ea16ffffff,23,True,0.2017543859649122,264.3057435883941,SVR,0.59657613956214,6,0.05813629939262734,0.5384398401695126
87309ea18ffffff,1,True,0.0087719298245614,6.235673980441892,SVR,0.03961313089517743,6,0.03447287097211716,0.005140259923060268
87309ea19ffffff,2,True,0.0175438596491228,3.184515682709074,SVR,0.03302816616832607,6,0.03227224897981119,0.000755917188514886
87309ea1affffff,0,False,0.0,-1.886861023885521,SVR,0.022083195940358805,6,0.04157545182363096,0.019492255883272157
87309ea1bffffff,3,True,0.0263157894736842,3.130583894650429,SVR,0.03291177138071834,6,0.05835654624569233,0.02544477486497399
87309ea1cffffff,9,True,0.0789473684210526,-5.319415144875297,SVR,0.014675108386684056,6,0.05313134226872523,0.03845623388204117
87309ea1dffffff,1,True,0.0087719298245614,2.264913522164154,SVR,0.03104349438173794,6,0.03760362560609243,0.006560131224354487
87309ea1effffff,12,True,0.1052631578947368,21.749800593248004,SVR,0.07309548957487776,6,0.0507139647016825,0.02238152487319526
87309ea30ffffff,0,False,0.0,0.3190665490400568,SVR,0.026843996213650866,5,0.030073493143201825,0.003229496929550959
87309ea31ffffff,4,True,0.0350877192982456,2.7465643647396787,SVR,0.032082986108986175,4,0.056730211404748127,0.02464722529576195
87309ea32ffffff,0,False,0.0,0.3190665490400568,SVR,0.026843996213650866,6,0.030054588899009107,0.0032105926853582406
87309ea33ffffff,5,True,0.043859649122807,5.373542261552244,SVR,0.03775249096607035,6,0.041162819293322356,0.0034103283272520074
87309ea34ffffff,0,False,0.0,0.3190665490400568,SVR,0.026843996213650866,2,0.026843996213650866,0.0
87309ea36ffffff,1,True,0.0087719298245614,0.3190665490400568,SVR,0.026843996213650866,4,0.02568018687401673,0.001163809339634135
87309ea80ffffff,2,True,0.0175438596491228,0.3190665490400568,SVR,0.026843996213650866,6,0.04653457375198458,0.019690577538333715
87309ea81ffffff,1,True,0.0087719298245614,-4.1424671760890615,SVR,0.017215180091765866,6,0.04261324753662845,0.025398067444862584
87309ea82ffffff,7,True,0.0614035087719298,22.019474500718104,SVR,0.07367749581485629,6,0.0796554214452849,0.005977925630428607
87309ea83ffffff,6,True,0.0526315789473684,26.372262271672707,SVR,0.08307161802624864,6,0.036878736395770384,0.04619288163047826
87309ea84ffffff,3,True,0.0263157894736842,2.1301648089245497,SVR,0.03075268170108131,6,0.08319888028738671,0.052446198586305406
87309ea85ffffff,3,True,0.0263157894736842,3.422890559652336,SVR,0.033542623303377136,6,0.04255024063568235,0.009007617332305214
87309ea86ffffff,9,True,0.0789473684210526,6.854116118823737,SVR,0.04094784357457824,6,0.06098407148855801,0.02003622791397977
87309ea88ffffff,0,False,0.0,0.1933345742526956,SVR,0.026572643324609565,6,0.035672111655419954,0.009099468330810389
87309ea89ffffff,3,True,0.0263157894736842,14.71470653944535,SVR,0.05791245360168853,6,0.03544625499996054,0.022466198601727987
87309ea8affffff,3,True,0.0263157894736842,1.6083072856052445,SVR,0.029626416509906838,6,0.027362363224052107,0.0022640532858547308
87309ea8bffffff,2,True,0.0175438596491228,0.6100518376949261,SVR,0.027471996361414015,6,0.033764591229677295,0.006292594868263279
87309ea8cffffff,8,True,0.0701754385964912,6.409839636229633,SVR,0.03998901263846272,6,0.04916852870521984,0.00917951606675712
87309ea8dffffff,0,False,0.0,0.3176488127798297,SVR,0.026840936476215247,6,0.0674999689539756,0.04065903247776036
87309ea8effffff,3,True,0.0263157894736842,2.797008708018733,SVR,0.032191854344832405,6,0.036293134889595284,0.0041012805447628795
87309ea90ffffff,25,True,0.219298245614035,4.477544622241382,SVR,0.03581876210821718,6,0.18840489072561287,0.15258612861739568
87309ea91ffffff,9,True,0.0789473684210526,43.58443034629234,SVR,0.1202186646833252,6,0.0582267168423648,0.061991947840960404
87309ea92ffffff,14,True,0.1228070175438596,22.098567916590717,SVR,0.07384819405559796,6,0.16501834466744372,0.09117015061184576
87309ea93ffffff,6,True,0.0526315789473684,-10.975493125151402,SVR,0.0024682445146542204,6,0.07452522090452729,0.07205697638987307
87309ea94ffffff,20,True,0.175438596491228,97.46136573463303,SVR,0.23649507006900858,6,0.30671562292226756,0.07022055285325898
87309ea95ffffff,18,True,0.1578947368421052,60.53005117305269,SVR,0.15679045301096767,6,0.09142940971982648,0.06536104329114119
87309ea96ffffff,27,True,0.2368421052631578,238.37311224956431,SVR,0.5406087180201236,6,0.41677250929340387,0.12383620872671969
87309ea98ffffff,17,True,0.1491228070175438,71.75603975466083,SVR,0.18101821559177325,6,0.030447270731262563,0.1505709448605107
87309ea99ffffff,2,True,0.0175438596491228,-1.987635918701674,SVR,0.021865705052321428,6,0.05521708643941257,0.033351381387091136
87309ea9affffff,1,True,0.0087719298245614,1.4828108914823366,SVR,0.029355572047572505,6,0.09040664273820719,0.06105107069063468
87309ea9bffffff,3,True,0.0263157894736842,1.5835857862984897,SVR,0.029573062935609885,6,0.06755386887680785,0.037980805941197966
87309ea9cffffff,12,True,0.1052631578947368,11.076232703140056,SVR,0.050059953162938785,6,0.0849692208842227,0.03490926772128391
87309ea9dffffff,2,True,0.0175438596491228,-2.2571986521013043,SVR,0.021283938746578076,6,0.06630562711467022,0.045021688368092144
87309ea9effffff,1,True,0.0087719298245614,2.03411686221265,SVR,0.030545392442554702,6,0.09006955956831868,0.05952416712576397
87309eaa0ffffff,5,True,0.043859649122807,14.026324316761926,SVR,0.056426797266410825,6,0.08604136211857409,0.029614564852163267
87309eaa1ffffff,0,False,0.0,1.5835857862984897,SVR,0.029573062935609885,6,0.06005630186948879,0.030483238933878908
87309eaa2ffffff,17,True,0.1491228070175438,106.48960140079896,SVR,0.2559796748014405,6,0.04845119088193336,0.20752848391950715
87309eaa3ffffff,10,True,0.087719298245614,36.74502616951212,SVR,0.1054579637094548,6,0.07354434690214368,0.031913616807311126
87309eaa4ffffff,4,True,0.0350877192982456,0.5896633988329275,SVR,0.02742799433410472,6,0.040126602791507086,0.012698608457402366
87309eaa5ffffff,7,True,0.0614035087719298,18.33601032869364,SVR,0.06572789789873866,6,0.13453385460027445,0.06880595670153579
87309eaa6ffffff,3,True,0.0263157894736842,2.745912392480542,SVR,0.03208157903209591,6,0.08252833607857422,0.050446757046478316
87309eaa8ffffff,1,True,0.0087719298245614,0.5403021368323052,SVR,0.02732146358826027,6,0.05522730814579544,0.02790584455753517
87309eaa9ffffff,4,True,0.0350877192982456,13.570200644956758,SVR,0.05544239790170046,6,0.049482989354827034,0.005959408546873428
87309eaaaffffff,3,True,0.0263157894736842,6.433641140557758,SVR,0.04004038069319891,6,0.05086828305458424,0.010827902361385332
87309eaabffffff,12,True,0.1052631578947368,58.37996892896296,SVR,0.15215017730069705,6,0.03943122823469532,0.11271894906600173
87309eaacffffff,3,True,0.0263157894736842,0.5044186768368165,SVR,0.02724402043543426,6,0.04727889105248887,0.020034870617054612
87309eaadffffff,4,True,0.0350877192982456,-2.1591105034344245,SVR,0.021495631138799577,6,0.050831437364333494,0.029335806225533917
87309eaaeffffff,6,True,0.0526315789473684,4.094111032985086,SVR,0.034991241404942336,6,0.04386325244422254,0.008872011039280203
87309eab0ffffff,6,True,0.0526315789473684,15.909541048977928,SVR,0.060491127774556945,6,0.036127728344257336,0.02436339943029961
87309eab1ffffff,2,True,0.0175438596491228,4.756676371179816,SVR,0.03642118012181867,6,0.07652614889689482,0.040104968775076154
87309eab2ffffff,14,True,0.1228070175438596,18.30324410783227,SVR,0.06565718232532358,6,0.3235665265494516,0.25790934422412803
87309eab3ffffff,6,True,0.0526315789473684,7.072252398842127,SVR,0.041418622068973295,6,0.09946714281270895,0.058048520743735656
87309eab4ffffff,8,True,0.0701754385964912,1.8491458447138065,SVR,0.030146190727381564,6,0.040212937715078646,0.010066746987697082
87309eab5ffffff,1,True,0.0087719298245614,1.5807503137780354,SVR,0.029566943460738643,6,0.08510479913877676,0.05553785567803812
87309eab6ffffff,10,True,0.087719298245614,-5.837840077818617,SVR,0.013556251361308252,6,0.1457917416178456,0.13223549025653736
87309eac4ffffff,3,True,0.0263157894736842,1.392423218533548,SVR,0.029160498708194402,3,0.04067168280209583,0.011511184093901426
87309eac6ffffff,0,False,0.0,0.3190665490400568,SVR,0.026843996213650866,4,0.03598554327400101,0.009141547060350145
87309ead0ffffff,0,False,0.0,0.3190665490400568,SVR,0.026843996213650866,5,0.026180318746083113,0.0006636774675677533
87309ead2ffffff,0,False,0.0,0.3190665490400568,SVR,0.026843996213650866,6,0.026843996213650866,0.0
87309ead3ffffff,0,False,0.0,0.3190665490400568,SVR,0.026843996213650866,4,0.026843996213650866,0.0
87309ead4ffffff,1,True,0.0087719298245614,-1.218515728303379,SVR,0.023525608875812093,6,0.041571779119000944,0.01804617024318885
87309ead5ffffff,0,False,0.0,0.3190665490400568,SVR,0.026843996213650866,4,0.026694371256604215,0.00014962495704665124
87309ead6ffffff,0,False,0.0,0.3190665490400568,SVR,0.026843996213650866,6,0.03157367457997787,0.004729678366327001
87309eadaffffff,0,False,0.0,0.3190665490400568,SVR,0.026843996213650866,3,0.026843996213650866,0.0
87309eae0ffffff,2,True,0.0175438596491228,0.9715939318182224,SVR,0.02825227116355814,4,0.031741979469442454,0.003489708305884312
87309eae2ffffff,5,True,0.043859649122807,4.9309327868687705,SVR,0.03679725774178089,5,0.06886141174847756,0.03206415400669667
87309eae4ffffff,3,True,0.0263157894736842,4.486605845162561,SVR,0.03583831790555566,6,0.03465965720725616,0.0011786606982994996
87309eae5ffffff,1,True,0.0087719298245614,0.3679793643169283,SVR,0.026949559128406398,3,0.04319725217889415,0.01624769305048775
87309eae6ffffff,3,True,0.0263157894736842,0.5687146722068612,SVR,0.027382783102026857,6,0.06132758261294862,0.03394479951092176
87309eaf0ffffff,4,True,0.0350877192982456,6.917174630404248,SVR,0.041083935521952435,6,0.07405753440013656,0.03297359887818412
87309eaf1ffffff,2,True,0.0175438596491228,14.92846986520468,SVR,0.05837379445085573,6,0.06076454720443903,0.002390752753583303
87309eaf2ffffff,7,True,0.0614035087719298,25.60806962189024,SVR,0.08142234874806148,6,0.03764666605155094,0.04377568269651054
87309eaf3ffffff,2,True,0.0175438596491228,1.5793325775178082,SVR,0.029563883723303028,6,0.04301561333733058,0.013451729614027554
87309eaf4ffffff,0,False,0.0,0.3423703120865844,SVR,0.026894290050512203,6,0.06660203169546948,0.03970774164495727
87309eaf5ffffff,19,True,0.1666666666666666,81.07845359845903,SVR,0.2011377113177526,6,0.0372406387079744,0.1638970726097782
87309eaf6ffffff,5,True,0.043859649122807,9.63670145670982,SVR,0.04695317811033431,6,0.06397234766652314,0.017019169556188832
87309eb80ffffff,0,False,0.0,0.3190665490400568,SVR,0.026843996213650866,6,0.02609460940207019,0.0007493868115806754
87309eb81ffffff,0,False,0.0,0.3190665490400568,SVR,0.026843996213650866,6,0.0298787733564706,0.003034777142819734
87309eb82ffffff,0,False,0.0,-1.8621395245787664,SVR,0.022136549514655757,6,0.026879183851902706,0.004742634337246948
87309eb83ffffff,0,False,0.0,0.4168921795938,SVR,0.027055122043161926,6,0.031890040135857736,0.00483491809269581
87309eb84ffffff,0,False,0.0,0.3190665490400568,SVR,0.026843996213650866,6,0.02868096784741613,0.0018369716337652622
87309eb85ffffff,0,False,0.0,0.3190665490400568,SVR,0.026843996213650866,5,0.026843996213650866,0.0
87309eb86ffffff,0,False,0.0,0.3190665490400568,SVR,0.026843996213650866,6,0.026514266217478183,0.00032972999617268337
87309eb88ffffff,6,True,0.0526315789473684,35.54721154350253,SVR,0.10287285789326665,6,0.03081135229864688,0.07206150559461977
87309eb89ffffff,4,True,0.0350877192982456,3.9730860906028576,SVR,0.03473004716364442,6,0.13452653991792082,0.0997964927542764
87309eb8affffff,2,True,0.0175438596491228,1.5750009723089835,SVR,0.029554535316984036,6,0.04599022702028709,0.016435691703303057
87309eb8bffffff,1,True,0.0087719298245614,0.2566283434200497,SVR,0.026709243001429413,6,0.1428149120281464,0.11610566902671698
87309eb8cffffff,0,False,0.0,0.3190665490400568,SVR,0.026843996213650866,5,0.04471822848334819,0.01787423226969732
87309eb8dffffff,0,False,0.0,-1.8379482086086492,SVR,0.022188758855114333,5,0.04362697873957273,0.0214382198844584
87309eb8effffff,2,True,0.0175438596491228,8.65826603115858,SVR,0.044841533241058204,6,0.042833446183199037,0.0020080870578591675
87309eb90ffffff,0,False,0.0,0.3190665490400568,SVR,0.026843996213650866,6,0.04426523749979889,0.017421241286148022
87309eb91ffffff,0,False,0.0,0.3190665490400568,SVR,0.026843996213650866,6,0.02895250635941292,0.0021085101457620527
87309eb92ffffff,9,True,0.0789473684210526,6.5834371381556736,SVR,0.04036366820048384,6,0.054816528080801424,0.014452859880317581
87309eb93ffffff,3,True,0.0263157894736842,5.793158328566085,SVR,0.0386581001578843,6,0.0494906132985587,0.010832513140674405
87309eb94ffffff,8,True,0.0701754385964912,20.67975917287453,SVR,0.07078614200196914,6,0.09471164466378529,0.023925502661816145
87309eb95ffffff,0,False,0.0,0.3190665490400568,SVR,0.026843996213650866,6,0.0338379571821979,0.006993960968547031
87309eb96ffffff,7,True,0.0614035087719298,16.652940839427707,SVR,0.06209552221115433,6,0.0974787656571443,0.035383243445989976
87309eb98ffffff,16,True,0.1403508771929824,86.27698697558112,SVR,0.21235710919204343,6,0.04032454343409452,0.1720325657579489
87309eb99ffffff,4,True,0.0350877192982456,1.901677715108005,SVR,0.030259564233383652,6,0.0734600716115125,0.04320050737812885
87309eb9affffff,8,True,0.0701754385964912,-6.041790525418792,SVR,0.013116088520700925,6,0.07241117526294488,0.05929508674224396
87309eb9bffffff,13,True,0.1140350877192982,32.135170970407984,SVR,0.09550904237536699,6,0.05792124586105735,0.03758779651430964
87309eb9cffffff,0,False,0.0,0.3190665490400568,SVR,0.026843996213650866,6,0.060768557704162784,0.033924561490511915
87309eb9dffffff,4,True,0.0350877192982456,8.189648316821609,SVR,0.04383016941847987,6,0.061818643373380354,0.017988473954900483
87309eb9effffff,3,True,0.0263157894736842,2.8880785090648304,SVR,0.03238839984298487,6,0.05880790449000378,0.026419504647018914
87309eba2ffffff,1,True,0.0087719298245614,5.426056313350659,SVR,0.037865826016242464,4,0.051389215645253214,0.01352338962901075
87309eba3ffffff,0,False,0.0,0.3190665490400568,SVR,0.026843996213650866,3,0.030517939481181398,0.0036739432675305314
87309ebaaffffff,0,False,0.0,0.3190665490400568,SVR,0.026843996213650866,3,0.026843996213650866,0.0
87309ebb0ffffff,4,True,0.0350877192982456,12.119524162672755,SVR,0.05231156936585848,6,0.04963656428824579,0.0026750050776126882
87309ebb1ffffff,0,False,0.0,0.3190665490400568,SVR,0.026843996213650866,6,0.04974388744751213,0.022899891233861266
87309ebb2ffffff,14,True,0.1228070175438596,11.681580814722317,SVR,0.05136640650729566,6,0.10222890941099881,0.05086250290370315
87309ebb3ffffff,1,True,0.0087719298245614,1.5835857862984897,SVR,0.029573062935609885,6,0.04249935108601265,0.012926288150402768
87309ebb4ffffff,3,True,0.0263157894736842,4.683977566624155,SVR,0.036264282636677046,5,0.051489191230867204,0.015224908594190158
87309ebb5ffffff,9,True,0.0789473684210526,45.81139827438622,SVR,0.12502487394006026,4,0.038321418558107216,0.08670345538195304
87309ebb6ffffff,2,True,0.0175438596491228,1.2007180724070263,SVR,0.028746763496180973,6,0.04813128724477655,0.019384523748595575
