id,n_out_of_range_features,has_out_of_range,pct_features_out_of_range,lat,lon,predicted_ohca,model,prediction_source,neighbor_count,neighbor_mean_predicted_ohca,local_abs_deviation
87309e000ffffff,2,True,0.017543859649122806,31.271219356703583,119.68567060623714,0.42599875,XGB,XGB_prediction.csv,6,1.7035924649999998,1.2775937149999999
87309e001ffffff,4,True,0.03508771929824561,31.2719618456506,119.70763028141194,0.42599875,XGB,XGB_prediction.csv,6,1.2447249183333333,0.8187261683333333
87309e002ffffff,1,True,0.008771929824561403,31.253827821225403,119.67822645372405,0.40675443,XGB,XGB_prediction.csv,6,1.2383100816666666,0.8315556516666666
87309e003ffffff,0,False,0.0,31.25457438548731,119.70018677860661,0.40675443,XGB,XGB_prediction.csv,6,2.0730732466666666,1.6663188166666667
87309e004ffffff,7,True,0.06140350877192982,31.287862374185497,119.6711495914689,8.149294,XGB,XGB_prediction.csv,6,1.247932305,6.901361694999999
87309e005ffffff,0,False,0.0,31.288604753760737,119.69311505867809,0.42599875,XGB,XGB_prediction.csv,6,2.5319407933333333,2.105942043333333
87309e006ffffff,2,True,0.017543859649122806,31.270472902420483,119.6637044906357,0.40675443,XGB,XGB_prediction.csv,6,3.543818605,3.137064175
87309e008ffffff,0,False,0.0,31.256055630125832,119.74408809900689,5.3768444,XGB,XGB_prediction.csv,6,2.8950068016666672,2.481837598333333
87309e009ffffff,1,True,0.008771929824561403,31.256790316985185,119.76602908731542,5.3768444,XGB,XGB_prediction.csv,6,3.6927218466666667,1.6841225533333337
87309e00affffff,0,False,0.0,31.23867018484057,119.73664619971696,0.40675443,XGB,XGB_prediction.csv,6,4.595817505,4.189063075
87309e00bffffff,2,True,0.017543859649122806,31.239408947056386,119.75858784328979,5.3768444,XGB,XGB_prediction.csv,6,4.595817505,0.7810268950000001
87309e00cffffff,1,True,0.008771929824561403,31.272700372503344,119.72958351254353,0.42599875,XGB,XGB_prediction.csv,6,2.0666584733333333,1.6406597233333333
87309e00dffffff,0,False,0.0,31.273434940504934,119.75153029602494,0.40675443,XGB,XGB_prediction.csv,6,2.0730732466666666,1.6663188166666667
87309e00effffff,0,False,0.0,31.255316987373888,119.72214066157072,5.3768444,XGB,XGB_prediction.csv,6,2.06986586,3.3069785400000002
87309e010ffffff,2,True,0.017543859649122806,31.23567554182513,119.64881519142165,0.42599875,XGB,XGB_prediction.csv,6,5.255342738333333,4.829343988333333
87309e011ffffff,0,False,0.0,31.236430148178197,119.67078260137208,0.40675443,XGB,XGB_prediction.csv,6,2.8905714383333336,2.4838170083333337
87309e012ffffff,6,True,0.05263157894736842,31.218267654709276,119.64137099350705,5.3575997,XGB,XGB_prediction.csv,6,2.64691938,2.71068032
87309e013ffffff,3,True,0.02631578947368421,31.219026338419575,119.66333904941428,5.3502326,XGB,XGB_prediction.csv,6,2.843250121666667,2.506982478333333
87309e014ffffff,18,True,0.15789473684210525,31.252322792619868,119.63428649268992,6.213337,XGB,XGB_prediction.csv,6,5.591825075,0.6215119250000001
87309e015ffffff,5,True,0.043859649122807015,31.25307729134889,119.65625969054221,5.3575997,XGB,XGB_prediction.csv,6,2.3928108399999997,2.96478886
87309e016ffffff,5,True,0.043859649122807015,31.234916966345743,119.62684134893098,8.846533,XGB,XGB_prediction.csv,6,3.0312147216666663,5.815318278333335
87309e018ffffff,5,True,0.043859649122807015,31.220531810579633,119.70725585547424,5.085549,XGB,XGB_prediction.csv,6,2.0666584733333333,3.018890526666667
87309e019ffffff,0,False,0.0,31.22127860549944,119.72920459838828,0.40675443,XGB,XGB_prediction.csv,6,2.893779001666667,2.4870245716666672
87309e01affffff,0,False,0.0,31.203130020625984,119.69981390081693,0.40675443,XGB,XGB_prediction.csv,6,3.619841893333333,3.2130874633333333
87309e01bffffff,0,False,0.0,31.203880892958427,119.72176329525408,0.40675443,XGB,XGB_prediction.csv,6,2.8464575683333333,2.4397031383333334
87309e01cffffff,0,False,0.0,31.237180788640348,119.69274357515094,0.42599875,XGB,XGB_prediction.csv,6,2.843250181666667,2.417251431666667
87309e01dffffff,3,True,0.02631578947368421,31.2379274664484,119.71469810913655,5.3768444,XGB,XGB_prediction.csv,6,2.01810924,3.3587351600000006
87309e01effffff,3,True,0.02631578947368421,31.219781055964916,119.68530067127807,5.3768444,XGB,XGB_prediction.csv,6,2.7902656516666666,2.586578748333334
87309e020ffffff,1,True,0.008771929824561403,31.321884695845736,119.66407008324529,0.40675443,XGB,XGB_prediction.csv,6,2.5351481799999998,2.12839375
87309e021ffffff,0,False,0.0,31.322622896406493,119.68604069442168,0.42599875,XGB,XGB_prediction.csv,6,2.5255260199999996,2.0995272699999994
87309e022ffffff,3,True,0.02631578947368421,31.304503432022237,119.65662373374485,0.42599875,XGB,XGB_prediction.csv,6,3.3570816716666663,2.9310829216666665
87309e023ffffff,4,True,0.03508771929824561,31.305245705795198,119.67859499280867,5.3768444,XGB,XGB_prediction.csv,6,1.7067998516666663,3.670044548333334
87309e024ffffff,0,False,0.0,31.338521718004966,119.64954032943177,0.40675443,XGB,XGB_prediction.csv,6,2.528733406666666,2.121978976666666
87309e025ffffff,5,True,0.043859649122807015,31.33925981694279,119.67151673359804,8.149294,XGB,XGB_prediction.csv,6,0.41316920333333335,7.736124796666666
87309e026ffffff,1,True,0.008771929824561403,31.321142524303745,119.64209303250995,0.42599875,XGB,XGB_prediction.csv,6,2.06665841,1.64065966
87309e028ffffff,0,False,0.0,31.306718352533736,119.72251818413874,0.40675443,XGB,XGB_prediction.csv,6,0.40675442999999994,5.551115123125783e-17
87309e029ffffff,0,False,0.0,31.307448731991375,119.74447010917218,0.40675443,XGB,XGB_prediction.csv,6,0.4099618166666667,0.0032073866666667006
87309e02affffff,1,True,0.008771929824561403,31.289343168280702,119.71507408333376,0.40675443,XGB,XGB_prediction.csv,6,0.41637659,0.00962215999999999
87309e02bffffff,3,True,0.02631578947368421,31.29007762098965,119.7370266618218,0.40675443,XGB,XGB_prediction.csv,6,0.41316920333333335,0.006414773333333346
87309e02cffffff,1,True,0.008771929824561403,31.323357129232466,119.70800486241069,0.40675443,XGB,XGB_prediction.csv,6,0.41316920333333335,0.006414773333333346
87309e02dffffff,0,False,0.0,31.324087397571486,119.72996258359358,0.40675443,XGB,XGB_prediction.csv,6,0.41316920333333335,0.006414773333333346
87309e02effffff,1,True,0.008771929824561403,31.30598401155059,119.70055981081373,0.40675443,XGB,XGB_prediction.csv,6,1.241517531666667,0.8347631016666669
87309e030ffffff,4,True,0.03508771929824561,31.28636570689912,119.62719934389479,5.3768444,XGB,XGB_prediction.csv,6,3.3632618216666668,2.0135825783333337
87309e031ffffff,4,True,0.03508771929824561,31.287116026312113,119.64917768532996,0.42599875,XGB,XGB_prediction.csv,6,4.368959546666666,3.942960796666666
87309e032ffffff,9,True,0.07894736842105263,31.268968084885945,119.61975295266791,7.0659533,XGB,XGB_prediction.csv,6,4.049507433333334,3.0164458666666665
87309e033ffffff,18,True,0.15789473684210525,31.26972247956095,119.64173193823395,6.497266,XGB,XGB_prediction.csv,6,4.141081263333334,2.356184736666666
87309e034ffffff,3,True,0.02631578947368421,31.303006967449054,119.61266190697448,0.40675443,XGB,XGB_prediction.csv,6,2.0698657966666665,1.6631113666666666
87309e035ffffff,5,True,0.043859649122807015,31.303757186987706,119.63464603725322,5.3575997,XGB,XGB_prediction.csv,6,1.2479323050000002,4.109667395
87309e036ffffff,0,False,0.0,31.285611412706388,119.60521457080657,0.42599875,XGB,XGB_prediction.csv,6,3.645014605,3.2190158550000003
87309e040ffffff,21,True,0.18421052631578946,31.276333688910285,119.83925288164927,11.070199,XGB,XGB_prediction.csv,6,8.616301166666666,2.4538978333333343
87309e041ffffff,9,True,0.07894736842105263,31.27704851135072,119.86116737311477,5.085549,XGB,XGB_prediction.csv,6,7.60897245,2.52342345
87309e042ffffff,24,True,0.21052631578947367,31.258970674648282,119.83181332162233,11.671445,XGB,XGB_prediction.csv,6,7.758344683333334,3.9131003166666662
87309e043ffffff,28,True,0.24561403508771928,31.259689570384623,119.85372847761596,11.177695,XGB,XGB_prediction.csv,6,7.415926166666668,3.761768833333332
87309e044ffffff,7,True,0.06140350877192982,31.29297587864782,119.82477244215505,8.827289,XGB,XGB_prediction.csv,6,7.0227602000000005,1.8045288
87309e045ffffff,12,True,0.10526315789473684,31.293690571012924,119.84669273593269,7.877243,XGB,XGB_prediction.csv,6,6.023913308333333,1.8533296916666666
87309e046ffffff,16,True,0.14035087719298245,31.275614923854693,119.81733192464415,7.058586,XGB,XGB_prediction.csv,6,7.946703583333335,0.8881175833333348
87309e048ffffff,10,True,0.08771929824561403,31.261115546120674,119.8975393851172,4.7663736,XGB,XGB_prediction.csv,6,3.991233146666667,0.7751404533333326
87309e049ffffff,0,False,0.0,31.26182263262181,119.91943512955102,0.40675443,XGB,XGB_prediction.csv,6,2.3816464399999995,1.9748920099999996
87309e04affffff,8,True,0.07017543859649122,31.243758622234452,119.89010211705896,5.0663047,XGB,XGB_prediction.csv,6,3.52130408,1.5450006199999997
87309e04bffffff,0,False,0.0,31.24446978203705,119.9119985315272,0.42599875,XGB,XGB_prediction.csv,6,1.9099493366666664,1.4839505866666665
87309e04cffffff,6,True,0.05263157894736842,31.277759394427196,119.88307539549179,5.085549,XGB,XGB_prediction.csv,6,4.763178121666667,0.32237087833333344
87309e04dffffff,9,True,0.07894736842105263,31.278466341392207,119.90497694524113,7.877243,XGB,XGB_prediction.csv,6,2.692955815,5.1842871850000005
87309e04effffff,11,True,0.09649122807017543,31.260404526458736,119.87563716662817,5.085549,XGB,XGB_prediction.csv,6,6.044503383333333,0.9589543833333325
87309e050ffffff,8,True,0.07017543859649122,31.2408746159241,119.80245177505209,8.168538,XGB,XGB_prediction.csv,6,4.927493471666666,3.241044528333334
87309e051ffffff,11,True,0.09649122807017543,31.241601529061885,119.8243740560853,5.3694777,XGB,XGB_prediction.csv,6,6.249615371666668,0.8801376716666676
87309e052ffffff,10,True,0.08771929824561403,31.22349526446706,119.7950121434376,7.8419952,XGB,XGB_prediction.csv,6,4.188637396666667,3.653357803333334
87309e053ffffff,1,True,0.008771929824561403,31.22422625299171,119.81693508527152,0.40675443,XGB,XGB_prediction.csv,6,4.601475466666667,4.1947210366666665
87309e054ffffff,7,True,0.06140350877192982,31.257521051195305,119.78796362290615,5.1930447,XGB,XGB_prediction.csv,6,5.013778275,0.17926642499999978
87309e055ffffff,9,True,0.07894736842105263,31.25824783600098,119.80989170219873,5.3768444,XGB,XGB_prediction.csv,6,7.136448516666667,1.759604116666667
87309e056ffffff,5,True,0.043859649122807015,31.24014375633681,119.78052303626251,5.3768444,XGB,XGB_prediction.csv,6,6.22235185,0.8455074499999995
87309e058ffffff,6,True,0.05263157894736842,31.22567640279713,119.86076158775425,5.085549,XGB,XGB_prediction.csv,6,4.683476321666666,0.40207267833333393
87309e059ffffff,3,True,0.02631578947368421,31.22639557056689,119.88266514129975,5.3575997,XGB,XGB_prediction.csv,6,4.3964335383333335,0.9611661616666662
87309e05affffff,0,False,0.0,31.208303148781194,119.85332423821066,0.40675443,XGB,XGB_prediction.csv,6,3.6780132833333337,3.2712588533333338
87309e05bffffff,5,True,0.043859649122807015,31.209026391957,119.87522845807295,5.3768444,XGB,XGB_prediction.csv,6,2.8400426683333335,2.536801731666667
87309e05cffffff,17,True,0.14912280701754385,31.24232449899512,119.84628987579856,6.497266,XGB,XGB_prediction.csv,6,7.2944266833333335,0.7971606833333338
87309e05dffffff,8,True,0.07017543859649122,31.243043528970116,119.86819923063787,5.085549,XGB,XGB_prediction.csv,6,6.378327233333333,1.2927782333333324
87309e05effffff,3,True,0.02631578947368421,31.224953298020456,119.83885156789592,5.3768444,XGB,XGB_prediction.csv,6,3.0319667183333334,2.344877681666667
87309e060ffffff,2,True,0.017543859649122806,31.326968891061917,119.81772892822886,5.3768444,XGB,XGB_prediction.csv,6,8.477909200000001,3.1010648000000005
87309e061ffffff,3,True,0.02631578947368421,31.32767938573095,119.83965436143957,5.3768444,XGB,XGB_prediction.csv,6,5.479482908333334,0.10263850833333343
87309e062ffffff,3,True,0.02631578947368421,31.309616133698732,119.81028715855275,5.3768444,XGB,XGB_prediction.csv,6,6.214454991666667,0.8376105916666665
87309e063ffffff,8,True,0.07017543859649122,31.31033069954861,119.83221325449803,5.3768444,XGB,XGB_prediction.csv,6,5.543510658333333,0.1666662583333327
87309e064ffffff,31,True,0.2719298245614035,31.343605139657743,119.8032397565454,11.56395,XGB,XGB_prediction.csv,6,10.10818215,1.4557678500000009
87309e065ffffff,22,True,0.19298245614035087,31.34431551197989,119.82517099307945,11.270063,XGB,XGB_prediction.csv,6,8.0895773,3.1804857
87309e066ffffff,9,True,0.07894736842105263,31.326254448165365,119.7957970302638,11.902909,XGB,XGB_prediction.csv,6,5.334800550000001,6.568108449999999
87309e068ffffff,3,True,0.02631578947368421,31.31174799868819,119.87604604422287,0.40675443,XGB,XGB_prediction.csv,6,3.300678285,2.893923855
87309e069ffffff,3,True,0.02631578947368421,31.31245073848872,119.89795273090517,0.40675443,XGB,XGB_prediction.csv,6,3.7174113816666665,3.3106569516666666
87309e06affffff,5,True,0.043859649122807015,31.294401321060885,119.86860656206154,5.3575997,XGB,XGB_prediction.csv,6,3.2146414350000003,2.1429582649999994
87309e06bffffff,2,True,0.017543859649122806,31.295108132045378,119.8905139169953,0.40675443,XGB,XGB_prediction.csv,6,4.036574926666667,3.629820496666667
87309e06cffffff,3,True,0.02631578947368421,31.328385935428344,119.8615733263353,5.3768444,XGB,XGB_prediction.csv,6,4.074602963333334,1.3022414366666668
87309e06dffffff,13,True,0.11403508771929824,31.329088543411288,119.88348581936518,7.830118,XGB,XGB_prediction.csv,6,2.0602436366666663,5.769874363333333
87309e06effffff,4,True,0.03508771929824561,31.311041320126854,119.85413288423922,0.42599875,XGB,XGB_prediction.csv,6,4.962021721666667,4.536022971666667
87309e070ffffff,0,False,0.0,31.29153465395828,119.78091246588711,0.42599875,XGB,XGB_prediction.csv,6,2.0698657966666665,1.6438670466666665
87309e071ffffff,5,True,0.043859649122807015,31.292257240713276,119.80284568428465,5.3768444,XGB,XGB_prediction.csv,6,4.578719433333334,0.7981249666666663
87309e072ffffff,1,True,0.008771929824561403,31.27416555289989,119.77347062825895,0.42599875,XGB,XGB_prediction.csv,6,2.8643734550000004,2.438374705
87309e073ffffff,4,True,0.03508771929824561,31.274892212934084,119.79540450565798,5.3575997,XGB,XGB_prediction.csv,6,3.9762195000000005,1.3813801999999993
87309e074ffffff,0,False,0.0,31.30817515317156,119.76641558231219,0.40675443,XGB,XGB_prediction.csv,6,0.41958397666666664,0.012829546666666636
87309e075ffffff,0,False,0.0,31.308897619323755,119.78835459996654,0.42599875,XGB,XGB_prediction.csv,6,3.985891621666667,3.5598928716666673
87309e076ffffff,1,True,0.008771929824561403,31.29080811513319,119.75897279053783,0.42599875,XGB,XGB_prediction.csv,6,0.41316920333333335,0.012829546666666636
87309e080ffffff,1,True,0.008771929824561403,31.14934974962239,119.6335678501855,0.40675443,XGB,XGB_prediction.csv,4,0.41637659,0.00962215999999999
87309e082ffffff,0,False,0.0,31.13191526937002,119.62612580369345,0.40675443,XGB,XGB_prediction.csv,3,0.41316920333333335,0.006414773333333346
87309e084ffffff,1,True,0.008771929824561403,31.16600717649517,119.61904020932923,0.40675443,XGB,XGB_prediction.csv,6,0.41316920333333323,0.006414773333333235
87309e085ffffff,1,True,0.008771929824561403,31.16677809753675,119.64101019823643,0.42599875,XGB,XGB_prediction.csv,5,0.40675443,0.01924431999999998
87309e086ffffff,0,False,0.0,31.148574747725384,119.61159721856829,0.42599875,XGB,XGB_prediction.csv,6,0.40675442999999994,0.019244320000000037
87309e090ffffff,1,True,0.008771929824561403,31.113691491460784,119.59671214439084,0.40675443,XGB,XGB_prediction.csv,3,0.40675443000000006,5.551115123125783e-17
87309e094ffffff,0,False,0.0,31.130353131406647,119.5821768369123,0.40675443,XGB,XGB_prediction.csv,5,0.40675443,0.0
87309e095ffffff,1,True,0.008771929824561403,31.131136185749174,119.60415453017794,0.40675443,XGB,XGB_prediction.csv,5,0.41060329399999995,0.003848863999999952
87309e096ffffff,0,False,0.0,31.112904354270555,119.57473381217156,0.40675443,XGB,XGB_prediction.csv,2,0.40675443,0.0
87309e0a0ffffff,1,True,0.008771929824561403,31.200086899254174,119.61195196770073,0.40675443,XGB,XGB_prediction.csv,6,1.2383100816666666,0.8315556516666666
87309e0a1ffffff,2,True,0.017543859649122806,31.200853630867094,119.63392709703146,0.40675443,XGB,XGB_prediction.csv,6,1.2383100816666668,0.8315556516666668
87309e0a2ffffff,2,True,0.017543859649122806,31.182662660178817,119.60450773069532,0.40675443,XGB,XGB_prediction.csv,6,2.249647653333333,1.8428932233333333
87309e0a3ffffff,0,False,0.0,31.183433471170012,119.6264835022279,0.40675443,XGB,XGB_prediction.csv,6,0.4099618166666666,0.0032073866666665896
87309e0a4ffffff,1,True,0.008771929824561403,31.216738375863557,119.59741559410753,0.42599875,XGB,XGB_prediction.csv,6,2.1107724566666666,1.6847737066666666
87309e0a5ffffff,1,True,0.008771929824561403,31.217505001601115,119.61939650719027,0.42599875,XGB,XGB_prediction.csv,6,2.6417324566666665,2.2157337066666667
87309e0a6ffffff,4,True,0.03508771929824561,31.199316194745062,119.58997041373762,5.3575997,XGB,XGB_prediction.csv,6,2.2528550399999996,3.10474466
87309e0a8ffffff,0,False,0.0,31.184963186577757,119.67041576321316,0.40675443,XGB,XGB_prediction.csv,6,1.1897609150000001,0.7830064850000001
87309e0a9ffffff,0,False,0.0,31.18572209745157,119.69237224539765,0.40675443,XGB,XGB_prediction.csv,6,2.890571618333333,2.483817188333333
87309e0aaffffff,0,False,0.0,31.167545051604787,119.6629737594871,0.40675443,XGB,XGB_prediction.csv,4,0.41637658999999994,0.009622159999999935
87309e0abffffff,0,False,0.0,31.16830804192613,119.68493088944943,0.42599875,XGB,XGB_prediction.csv,4,1.7202590725,1.2942603225
87309e0acffffff,3,True,0.02631578947368421,31.201616392812856,119.65589579808375,0.42599875,XGB,XGB_prediction.csv,6,2.832400048333333,2.406401298333333
87309e0adffffff,1,True,0.008771929824561403,31.20237518832187,119.67785806722114,5.0663047,XGB,XGB_prediction.csv,6,2.0622231733333334,3.0040815266666665
87309e0aeffffff,0,False,0.0,31.184200312227013,119.6484528476135,0.40675443,XGB,XGB_prediction.csv,6,0.41316920333333335,0.006414773333333346
87309e0b0ffffff,0,False,0.0,31.16445342059112,119.57508096312061,0.42599875,XGB,XGB_prediction.csv,6,1.3791649433333333,0.9531661933333333
87309e0b1ffffff,3,True,0.02631578947368421,31.165232285254632,119.5970637964069,0.40675443,XGB,XGB_prediction.csv,6,1.4309215483333333,1.0241671183333332
87309e0b2ffffff,0,False,0.0,31.14701282932548,119.56763669333915,0.40675443,XGB,XGB_prediction.csv,4,0.41156550999999997,0.004811079999999968
87309e0b3ffffff,2,True,0.017543859649122806,31.147795775366916,119.58962016506831,0.40675443,XGB,XGB_prediction.csv,6,0.41316920333333335,0.006414773333333346
87309e0b4ffffff,4,True,0.03508771929824561,31.181109115489175,119.56053692379335,0.13470344,XGB,XGB_prediction.csv,4,3.175905345,3.041201905
87309e0b5ffffff,14,True,0.12280701754385964,31.181887876026906,119.58252553666438,6.5132685,XGB,XGB_prediction.csv,6,2.0149017416666664,4.498366758333333
87309e0b6ffffff,0,False,0.0,31.163670579282048,119.5530917131312,0.40675443,XGB,XGB_prediction.csv,4,0.3435527625,0.0632016675
87309e0c1ffffff,0,False,0.0,31.1554072152313,119.80910128009788,0.40675443,XGB,XGB_prediction.csv,2,0.40675443,0.0
87309e0c5ffffff,0,False,0.0,31.172063650369346,119.79461994350193,0.40675443,XGB,XGB_prediction.csv,4,0.41637659,0.00962215999999999
87309e0e0ffffff,5,True,0.043859649122807015,31.205370770648063,119.76564275223268,5.0663047,XGB,XGB_prediction.csv,6,3.725334716666667,1.3409699833333328
87309e0e1ffffff,2,True,0.017543859649122806,31.20610978247857,119.78757280758848,5.3768444,XGB,XGB_prediction.csv,6,3.2605234250000006,2.116320975
87309e0e2ffffff,3,True,0.02631578947368421,31.187975081525696,119.7582030553129,5.085549,XGB,XGB_prediction.csv,4,2.8237866499999997,2.2617623500000006
87309e0e3ffffff,0,False,0.0,31.18871817081295,119.78013376773788,0.42599875,XGB,XGB_prediction.csv,5,3.2722902560000002,2.846291506
87309e0e4ffffff,4,True,0.03508771929824561,31.222021443961413,119.75114689641535,5.660773,XGB,XGB_prediction.csv,6,2.8432501850000005,2.8175228149999993
87309e0e5ffffff,5,True,0.043859649122807015,31.222760329204014,119.77308274596028,5.3768444,XGB,XGB_prediction.csv,6,5.783267683333334,0.4064232833333339
87309e0e6ffffff,3,True,0.02631578947368421,31.204627808553784,119.74370624692521,0.42599875,XGB,XGB_prediction.csv,6,3.667163326666666,3.241164576666666
87309e0e8ffffff,0,False,0.0,31.190192510696534,119.82397583476796,0.40675443,XGB,XGB_prediction.csv,6,1.2447249183333333,0.8379704883333333
87309e0e9ffffff,1,True,0.008771929824561403,31.19092376776938,119.84588718224036,5.3768444,XGB,XGB_prediction.csv,6,0.41316920333333335,4.963675196666667
87309e0eaffffff,0,False,0.0,31.172802926051922,119.81653841000913,0.40675443,XGB,XGB_prediction.csv,5,0.41060329400000006,0.003848864000000063
87309e0ebffffff,0,False,0.0,31.173538260614336,119.83845042007653,0.40675443,XGB,XGB_prediction.csv,4,1.6492769225000004,1.2425224925000005
87309e0ecffffff,4,True,0.03508771929824561,31.206844847284025,119.80949640941422,0.42599875,XGB,XGB_prediction.csv,6,2.480724326666667,2.0547255766666668
87309e0edffffff,1,True,0.008771929824561403,31.20757596830445,119.83141355414132,0.42599875,XGB,XGB_prediction.csv,6,2.0666584733333333,1.6406597233333333
87309e0eeffffff,1,True,0.008771929824561403,31.189457312790704,119.80205802874664,0.42599875,XGB,XGB_prediction.csv,6,1.241517531666667,0.8155187816666669
87309e0f4ffffff,5,True,0.043859649122807015,31.18647704807918,119.71432229054743,5.3768444,XGB,XGB_prediction.csv,5,2.451576138,2.9252682620000003
87309e0f5ffffff,4,True,0.03508771929824561,31.187228041692734,119.73626589505255,5.3768444,XGB,XGB_prediction.csv,4,2.823786645,2.553057755
87309e0f6ffffff,2,True,0.017543859649122806,31.169067071729035,119.70688158450136,5.660773,XGB,XGB_prediction.csv,3,2.06986586,3.5909071399999997
87309e100ffffff,6,True,0.05263157894736842,31.387679119708803,119.5839217814372,0.40675443,XGB,XGB_prediction.csv,6,1.2318953083333333,0.8251408783333333
87309e101ffffff,2,True,0.017543859649122806,31.388420918074317,119.60592199695967,0.40675443,XGB,XGB_prediction.csv,6,0.4099618166666667,0.0032073866666667006
87309e102ffffff,0,False,0.0,31.37030207930795,119.57647100623588,0.40675443,XGB,XGB_prediction.csv,6,1.2318953083333335,0.8251408783333335
87309e103ffffff,0,False,0.0,31.37104794873038,119.5984718622226,0.40675443,XGB,XGB_prediction.csv,6,0.4099618166666667,0.0032073866666667006
87309e104ffffff,0,False,0.0,31.40430829559534,119.56936685439803,0.40675443,XGB,XGB_prediction.csv,6,1.2318953083333335,0.8251408783333335
87309e105ffffff,1,True,0.008771929824561403,31.405050009612268,119.59137286062557,0.40675443,XGB,XGB_prediction.csv,6,1.2318953083333333,0.8251408783333333
87309e106ffffff,5,True,0.043859649122807015,31.38693333524492,119.56191513607266,5.3575997,XGB,XGB_prediction.csv,6,0.40675442999999994,4.950845269999999
87309e108ffffff,4,True,0.03508771929824561,31.372527741438407,119.64245427642805,0.40675443,XGB,XGB_prediction.csv,6,1.430921548333333,1.0241671183333332
87309e109ffffff,1,True,0.008771929824561403,31.373261671222036,119.66443582733717,0.42599875,XGB,XGB_prediction.csv,6,2.3954779433333333,1.9694791933333333
87309e10affffff,3,True,0.02631578947368421,31.35515676636641,119.63500573081397,0.40675443,XGB,XGB_prediction.csv,6,1.238310145,0.831555715
87309e10bffffff,1,True,0.008771929824561403,31.35589476725472,119.65698792778531,0.40675443,XGB,XGB_prediction.csv,6,1.7035924649999996,1.2968380349999995
87309e10cffffff,2,True,0.017543859649122806,31.389158733590865,119.62791577897312,0.40675443,XGB,XGB_prediction.csv,6,1.4277141616666664,1.0209597316666663
87309e10dffffff,12,True,0.10526315789473684,31.389892569509204,119.64990312382035,6.5132685,XGB,XGB_prediction.csv,6,2.44402709,4.06924141
87309e10effffff,0,False,0.0,31.371789835024437,119.62046628683987,0.42599875,XGB,XGB_prediction.csv,6,0.40675442999999994,0.019244320000000037
87309e110ffffff,0,False,0.0,31.35216496122327,119.54701261406116,0.40675443,XGB,XGB_prediction.csv,6,0.40675442999999994,5.551115123125783e-17
87309e111ffffff,4,True,0.03508771929824561,31.352918889239156,119.56902053525499,0.40675443,XGB,XGB_prediction.csv,6,0.40675442999999994,5.551115123125783e-17
87309e112ffffff,1,True,0.008771929824561403,31.33477154922135,119.53956181084165,0.40675443,XGB,XGB_prediction.csv,5,1.959111144,1.552356714
87309e113ffffff,0,False,0.0,31.335529550337423,119.56157036872783,0.40675443,XGB,XGB_prediction.csv,6,1.7035924116666665,1.2968379816666666
87309e114ffffff,0,False,0.0,31.368798378091924,119.53245001484179,0.40675443,XGB,XGB_prediction.csv,4,0.40675443,0.0
87309e115ffffff,0,False,0.0,31.369552223510293,119.55446372254923,0.40675443,XGB,XGB_prediction.csv,6,1.2318953083333335,0.8251408783333335
87309e116ffffff,1,True,0.008771929824561403,31.351407043314524,119.52499827099156,0.40675443,XGB,XGB_prediction.csv,3,0.40675443000000006,5.551115123125783e-17
87309e118ffffff,1,True,0.008771929824561403,31.337033595044616,119.60556821058236,0.40675443,XGB,XGB_prediction.csv,6,1.2383101450000003,0.8315557150000003
87309e119ffffff,7,True,0.06140350877192982,31.337779645120946,119.62755748721143,5.3768444,XGB,XGB_prediction.csv,6,0.41316920333333323,4.963675196666667
87309e11affffff,2,True,0.017543859649122806,31.319646255297283,119.59811962692474,0.40675443,XGB,XGB_prediction.csv,6,0.4163765899999999,0.00962215999999988
87309e11bffffff,0,False,0.0,31.320396378535484,119.62010954585384,0.42599875,XGB,XGB_prediction.csv,6,2.0634510233333336,1.6374522733333337
87309e11cffffff,2,True,0.017543859649122806,31.353668830605134,119.59102203089144,0.40675443,XGB,XGB_prediction.csv,6,0.40675442999999994,5.551115123125783e-17
87309e11dffffff,1,True,0.008771929824561403,31.354414788565617,119.6130170972985,0.40675443,XGB,XGB_prediction.csv,6,1.238310145,0.831555715
87309e11effffff,1,True,0.008771929824561403,31.33628356453121,119.58357250319955,0.40675443,XGB,XGB_prediction.csv,6,0.4099618166666666,0.0032073866666665896
87309e121ffffff,0,False,0.0,31.439039758844448,119.5842712045211,0.40675443,XGB,XGB_prediction.csv,4,1.6444657475,1.2377113175
87309e122ffffff,0,False,0.0,31.420935470485407,119.55480708056291,0.40675443,XGB,XGB_prediction.csv,3,0.40675443000000006,5.551115123125783e-17
87309e123ffffff,3,True,0.02631578947368421,31.42167710373535,119.57681887729203,0.40675443,XGB,XGB_prediction.csv,5,1.3969234839999998,0.9901690539999998
87309e128ffffff,2,True,0.017543859649122806,31.423148407116077,119.62082317571792,5.3575997,XGB,XGB_prediction.csv,6,1.2318953083333333,4.125704391666666
87309e129ffffff,0,False,0.0,31.423878083754065,119.64281567008128,0.40675443,XGB,XGB_prediction.csv,6,2.304611573333333,1.8978571433333333
87309e12affffff,2,True,0.017543859649122806,31.40578773780998,119.61337243486926,0.40675443,XGB,XGB_prediction.csv,6,2.0570361866666667,1.6502817566666668
87309e12bffffff,2,True,0.017543859649122806,31.406521483440375,119.63536557346472,0.40675443,XGB,XGB_prediction.csv,6,3.3191565316666662,2.9124021016666664
87309e12cffffff,3,True,0.02631578947368421,31.439773334637724,119.60627593002965,0.40675443,XGB,XGB_prediction.csv,6,2.0570361866666667,1.6502817566666668
87309e12dffffff,1,True,0.008771929824561403,31.44050292517686,119.6282742192721,0.40675443,XGB,XGB_prediction.csv,6,1.2318953083333335,0.8251408783333335
87309e12effffff,5,True,0.043859649122807015,31.42241474819461,119.59882424356756,5.3575997,XGB,XGB_prediction.csv,6,1.2318953083333335,4.125704391666666
87309e131ffffff,2,True,0.017543859649122806,31.403562592508802,119.54735441986081,0.40675443,XGB,XGB_prediction.csv,4,1.6444657475000002,1.2377113175
87309e133ffffff,1,True,0.008771929824561403,31.386183561434773,119.53990206454263,0.40675443,XGB,XGB_prediction.csv,4,1.6444657475000002,1.2377113175
87309e140ffffff,0,False,0.0,31.39278818226483,119.73778805874407,0.40675443,XGB,XGB_prediction.csv,6,2.88610051,2.47934608
87309e141ffffff,4,True,0.03508771929824561,31.393502169002385,119.75974316324285,0.42599875,XGB,XGB_prediction.csv,6,2.6366585566666667,2.2106598066666665
87309e142ffffff,4,True,0.03508771929824561,31.37543963330846,119.73034181163585,0.42599875,XGB,XGB_prediction.csv,6,3.132959965,2.7069612149999998
87309e143ffffff,11,True,0.09649122807017543,31.37615768909529,119.75229757152306,6.8238077,XGB,XGB_prediction.csv,6,2.06986586,4.7539418399999995
87309e144ffffff,3,True,0.02631578947368421,31.409416705374383,119.72327369841722,8.827289,XGB,XGB_prediction.csv,6,1.2351027583333334,7.592186241666667
87309e145ffffff,4,True,0.03508771929824561,31.41013058699456,119.74523460414625,0.40675443,XGB,XGB_prediction.csv,6,2.6417325099999998,2.23497808
87309e146ffffff,0,False,0.0,31.392070232203714,119.71582649893898,0.40675443,XGB,XGB_prediction.csv,6,2.64493996,2.23818553
87309e148ffffff,15,True,0.13157894736842105,31.377581922843326,119.79618971735576,13.261313,XGB,XGB_prediction.csv,6,9.030722588333331,4.230590411666668
87309e149ffffff,29,True,0.2543859649122807,31.37828810732172,119.8181260961275,11.606231,XGB,XGB_prediction.csv,6,10.66694465,0.9392863499999997
87309e14affffff,18,True,0.15789473684210525,31.360239439441884,119.78874573886995,11.270063,XGB,XGB_prediction.csv,6,8.573012555,2.6970504450000004
87309e14bffffff,30,True,0.2631578947368421,31.360949692981233,119.81068277857783,11.9900465,XGB,XGB_prediction.csv,6,11.358516,0.6315305000000002
87309e14cffffff,11,True,0.09649122807017543,31.39421219567544,119.7816918088364,7.3498816,XGB,XGB_prediction.csv,6,5.480997905,1.868883695
87309e14dffffff,16,True,0.14035087719298245,31.39491826554432,119.80363399193554,11.561359,XGB,XGB_prediction.csv,6,8.519833199999999,3.0415258000000005
87309e14effffff,2,True,0.017543859649122806,31.376871784520937,119.77424687462694,0.40675443,XGB,XGB_prediction.csv,6,7.417984741666667,7.011230311666667
87309e150ffffff,5,True,0.043859649122807015,31.357358851289792,119.70093299753414,0.42599875,XGB,XGB_prediction.csv,6,1.2447249183333333,0.8187261683333333
87309e151ffffff,3,True,0.02631578947368421,31.358084940937953,119.72289586305523,5.3768444,XGB,XGB_prediction.csv,6,1.247932305,4.1289120950000004
87309e152ffffff,5,True,0.043859649122807015,31.339993945181956,119.69348669607464,0.40675443,XGB,XGB_prediction.csv,6,1.710007238333333,1.3032528083333328
87309e153ffffff,0,False,0.0,31.340724105971386,119.71545021323567,0.42599875,XGB,XGB_prediction.csv,6,1.2415175316666667,0.8155187816666667
87309e154ffffff,2,True,0.017543859649122806,31.37399162762636,119.68641093592693,0.42599875,XGB,XGB_prediction.csv,6,1.3841403716666667,0.9581416216666667
87309e155ffffff,4,True,0.03508771929824561,31.374717613903897,119.70837959856676,0.40675443,XGB,XGB_prediction.csv,6,1.247932305,0.841177875
87309e156ffffff,2,True,0.017543859649122806,31.356628794479185,119.67896368456972,0.42599875,XGB,XGB_prediction.csv,6,1.7067998516666663,1.2808011016666663
87309e158ffffff,2,True,0.017543859649122806,31.342172538203485,119.75935789715587,0.42599875,XGB,XGB_prediction.csv,6,3.475267955,3.049269205
87309e159ffffff,8,True,0.07017543859649122,31.342890816150845,119.78130205671172,8.839167,XGB,XGB_prediction.csv,6,6.827627316666667,2.011539683333333
87309e15affffff,0,False,0.0,31.324813704672714,119.75191385436135,0.40675443,XGB,XGB_prediction.csv,6,0.41637659000000005,0.009622160000000046
87309e15bffffff,2,True,0.017543859649122806,31.325536053786696,119.77385867111461,0.42599875,XGB,XGB_prediction.csv,6,3.73459706,3.30859831
87309e15cffffff,6,True,0.05263157894736842,31.35880706667637,119.7448522775192,5.3768444,XGB,XGB_prediction.csv,6,3.1425821250000006,2.234262275
87309e15dffffff,5,True,0.043859649122807015,31.359525231759214,119.76680223732224,5.3768444,XGB,XGB_prediction.csv,6,5.523772546666667,0.14692814666666631
87309e15effffff,3,True,0.02631578947368421,31.341450302561338,119.7374072814649,0.42599875,XGB,XGB_prediction.csv,6,2.06986586,1.6438671100000002
87309e160ffffff,1,True,0.008771929824561403,31.443381499948785,119.7162029405405,0.40675443,XGB,XGB_prediction.csv,6,1.7003850783333334,1.2936306483333335
87309e161ffffff,1,True,0.008771929824561403,31.444091213096907,119.73816899375723,0.40675443,XGB,XGB_prediction.csv,6,3.1265451483333333,2.7197907183333334
87309e162ffffff,3,True,0.02631578947368421,31.42604325253145,119.70875448997658,0.40675443,XGB,XGB_prediction.csv,6,3.928948448333333,3.522194018333333
87309e163ffffff,1,True,0.008771929824561403,31.42675703260667,119.73072119676785,0.40675443,XGB,XGB_prediction.csv,6,2.6353177366666665,2.2285633066666666
87309e164ffffff,3,True,0.02631578947368421,31.460003983131887,119.7016798348991,0.42599875,XGB,XGB_prediction.csv,6,2.5255260199999996,2.0995272699999994
87309e165ffffff,1,True,0.008771929824561403,31.460713598918545,119.72365169032199,0.40675443,XGB,XGB_prediction.csv,6,2.113979893333333,1.7072254633333332
87309e166ffffff,5,True,0.043859649122807015,31.44266781784435,119.69423043285835,8.149294,XGB,XGB_prediction.csv,6,0.4099618166666666,7.739332183333333
87309e168ffffff,1,True,0.008771929824561403,31.428172698046517,119.77463523889567,0.40675443,XGB,XGB_prediction.csv,6,3.3709131049999996,2.9641586749999997
87309e169ffffff,1,True,0.008771929824561403,31.42887458993763,119.79658256703483,0.42599875,XGB,XGB_prediction.csv,6,4.528739676666667,4.102740926666668
87309e16affffff,5,True,0.043859649122807015,31.410840505587625,119.76718905244493,0.42599875,XGB,XGB_prediction.csv,6,3.458592068333333,3.0325933183333333
87309e16bffffff,7,True,0.06140350877192982,31.411546464415014,119.78913703971693,6.8045635,XGB,XGB_prediction.csv,6,4.254598705,2.549964795
87309e16cffffff,9,True,0.07894736842105263,31.444796960552384,119.76012858889781,6.8045635,XGB,XGB_prediction.csv,6,2.888591965,3.9159715350000006
87309e16dffffff,3,True,0.02631578947368421,31.44549874558025,119.78208172236131,0.40675443,XGB,XGB_prediction.csv,6,3.084410751666667,2.677656321666667
87309e16effffff,5,True,0.043859649122807015,31.427466846690823,119.75268144760872,5.3575997,XGB,XGB_prediction.csv,6,1.4762633283333333,3.8813363716666665
87309e170ffffff,3,True,0.02631578947368421,31.407977040013524,119.67933252910213,0.40675443,XGB,XGB_prediction.csv,6,3.2755828049999995,2.8688283749999997
87309e171ffffff,6,True,0.05263157894736842,31.40869885746698,119.70130633886394,5.3768444,XGB,XGB_prediction.csv,6,1.8133842449999997,3.5634601550000005
87309e172ffffff,12,True,0.10526315789473684,31.39062242908153,119.67188402785395,6.1940928,XGB,XGB_prediction.csv,6,2.503637813333333,3.690454986666667
87309e173ffffff,3,True,0.02631578947368421,31.391348315561398,119.69385848743616,0.42599875,XGB,XGB_prediction.csv,6,2.20286654,1.77686779
87309e174ffffff,0,False,0.0,31.42460378136432,119.66480172300545,0.42599875,XGB,XGB_prediction.csv,6,1.4762633083333332,1.0502645583333332
87309e175ffffff,2,True,0.017543859649122806,31.425325503203958,119.68678133084812,0.40675443,XGB,XGB_prediction.csv,6,2.5287334066666665,2.1219789766666666
87309e176ffffff,8,True,0.07017543859649122,31.407251249756683,119.65735227275735,6.8238077,XGB,XGB_prediction.csv,6,2.392270556666667,4.431537143333333
87309e180ffffff,2,True,0.017543859649122806,31.265910723300717,119.5317727518208,0.40675443,XGB,XGB_prediction.csv,4,0.41156550999999997,0.004811079999999968
87309e181ffffff,3,True,0.02631578947368421,31.26668103759934,119.55377743348974,0.42599875,XGB,XGB_prediction.csv,6,1.238310145,0.812311395
87309e182ffffff,0,False,0.0,31.24849065295858,119.52432411105995,0.40675443,XGB,XGB_prediction.csv,3,0.40675443000000006,5.551115123125783e-17
87309e183ffffff,2,True,0.017543859649122806,31.249265044469585,119.54632942749238,0.40675443,XGB,XGB_prediction.csv,6,1.238310145,0.831555715
87309e185ffffff,1,True,0.008771929824561403,31.283324649070266,119.53922169820106,0.40675443,XGB,XGB_prediction.csv,5,1.404621288,0.997866858
87309e188ffffff,1,True,0.008771929824561403,31.25080187565965,119.59032080753778,0.40675443,XGB,XGB_prediction.csv,6,2.9423281716666665,2.5355737416666666
87309e189ffffff,6,True,0.05263157894736842,31.251564321801823,119.61230686380567,5.3575997,XGB,XGB_prediction.csv,6,3.8942218183333335,1.4633778816666663
87309e18affffff,3,True,0.02631578947368421,31.23338789507337,119.58287438090306,5.660773,XGB,XGB_prediction.csv,6,1.238310145,4.422462855
87309e18bffffff,1,True,0.008771929824561403,31.234154418506026,119.60486107754122,0.40675443,XGB,XGB_prediction.csv,6,3.520609605,3.1138551750000003
87309e18cffffff,2,True,0.017543859649122806,31.26744736714062,119.57577569663552,0.42599875,XGB,XGB_prediction.csv,6,2.5351481266666664,2.1091493766666662
87309e18dffffff,1,True,0.008771929824561403,31.268209715157905,119.5977675375833,0.42599875,XGB,XGB_prediction.csv,6,3.641807155,3.2158084049999998
87309e18effffff,2,True,0.017543859649122806,31.250035450959654,119.56832832754412,5.3768444,XGB,XGB_prediction.csv,6,1.2888389649999998,4.088005435
87309e198ffffff,0,False,0.0,31.215193193581253,119.55343450226702,0.40675443,XGB,XGB_prediction.csv,4,1.6444657475000002,1.2377113175
87309e199ffffff,0,False,0.0,31.215967774266495,119.57542825791212,0.40675443,XGB,XGB_prediction.csv,6,2.935913335,2.529158905
87309e19bffffff,5,True,0.043859649122807015,31.19854151411216,119.56798243879796,5.3575997,XGB,XGB_prediction.csv,5,2.5638160999999995,2.7937836000000003
87309e19cffffff,0,False,0.0,31.231842908505858,119.53888172653313,0.40675443,XGB,XGB_prediction.csv,4,0.40675443,0.0
87309e19dffffff,0,False,0.0,31.232617392816557,119.56088126267696,0.40675443,XGB,XGB_prediction.csv,6,2.11077252,1.70401809
87309e1a1ffffff,0,False,0.0,31.31737198834767,119.532111313124,0.40675443,XGB,XGB_prediction.csv,4,3.589722815,3.182968385
87309e1a3ffffff,1,True,0.008771929824561403,31.299966279451095,119.5246611211413,0.40675443,XGB,XGB_prediction.csv,3,2.063451086666667,1.656696656666667
87309e1a8ffffff,0,False,0.0,31.30149459189614,119.56867435966676,0.40675443,XGB,XGB_prediction.csv,6,3.828778721666667,3.422024291666667
87309e1a9ffffff,1,True,0.008771929824561403,31.30225277016512,119.59067134655893,0.42599875,XGB,XGB_prediction.csv,6,1.7067997983333332,1.2808010483333332
87309e1aaffffff,5,True,0.043859649122807015,31.28409088702852,119.56122574429222,0.40675443,XGB,XGB_prediction.csv,6,2.5351481266666664,2.1283936966666666
87309e1abffffff,8,True,0.07017543859649122,31.28485314049529,119.58322336971817,8.168538,XGB,XGB_prediction.csv,6,0.4195839766666667,7.748954023333333
87309e1acffffff,6,True,0.05263157894736842,31.3181340634435,119.55412050688767,8.168538,XGB,XGB_prediction.csv,6,1.238310145,6.930227855
87309e1adffffff,0,False,0.0,31.318892151346912,119.57612327938025,0.42599875,XGB,XGB_prediction.csv,6,1.7035924116666668,1.2775936616666668
87309e1aeffffff,5,True,0.043859649122807015,31.300732429403766,119.54667094996769,5.3768444,XGB,XGB_prediction.csv,6,1.7003850249999999,3.6764593750000003
87309e300ffffff,0,False,0.0,31.281254833232598,119.99251834751529,0.40675443,XGB,XGB_prediction.csv,6,0.40675442999999994,5.551115123125783e-17
87309e301ffffff,0,False,0.0,31.281942148472773,120.01438748137586,0.40675443,XGB,XGB_prediction.csv,6,0.40675442999999994,5.551115123125783e-17
87309e302ffffff,0,False,0.0,31.263920325693174,119.98508348334468,0.40675443,XGB,XGB_prediction.csv,6,0.40675442999999994,5.551115123125783e-17
87309e303ffffff,0,False,0.0,31.264611712090307,120.00695329642949,0.40675443,XGB,XGB_prediction.csv,6,0.40675442999999994,5.551115123125783e-17
87309e304ffffff,0,False,0.0,31.29789605046632,119.97807855419043,0.40675443,XGB,XGB_prediction.csv,6,0.40675442999999994,5.551115123125783e-17
87309e305ffffff,0,False,0.0,31.29858321498306,119.99995350029157,0.40675443,XGB,XGB_prediction.csv,6,0.40675442999999994,5.551115123125783e-17
87309e306ffffff,0,False,0.0,31.280563598162733,119.97064272347575,0.40675443,XGB,XGB_prediction.csv,6,0.40675442999999994,5.551115123125783e-17
87309e308ffffff,0,False,0.0,31.265982737489047,120.05067344441173,0.40675443,XGB,XGB_prediction.csv,5,0.40675443,0.0
87309e309ffffff,0,False,0.0,31.26666238300985,120.07252377237032,0.40675443,XGB,XGB_prediction.csv,3,0.40675443000000006,5.551115123125783e-17
87309e30affffff,0,False,0.0,31.248654320257433,120.04324091060299,0.40675443,XGB,XGB_prediction.csv,3,0.40675443000000006,5.551115123125783e-17
87309e30cffffff,0,False,0.0,31.282625547143372,120.03625012157612,0.40675443,XGB,XGB_prediction.csv,6,0.40675442999999994,5.551115123125783e-17
87309e30dffffff,0,False,0.0,31.283305032505787,120.05810626464437,0.40675443,XGB,XGB_prediction.csv,6,0.40675442999999994,5.551115123125783e-17
87309e30effffff,0,False,0.0,31.2652991816026,120.02881661794326,0.40675443,XGB,XGB_prediction.csv,6,0.40675442999999994,5.551115123125783e-17
87309e310ffffff,0,False,0.0,31.245880314259143,119.9557719305149,0.40675443,XGB,XGB_prediction.csv,6,0.40675442999999994,5.551115123125783e-17
87309e311ffffff,0,False,0.0,31.246579693182905,119.97764890801331,0.40675443,XGB,XGB_prediction.csv,6,0.40675442999999994,5.551115123125783e-17
87309e312ffffff,0,False,0.0,31.228529484305838,119.94833696873575,0.40675443,XGB,XGB_prediction.csv,6,0.40675442999999994,5.551115123125783e-17
87309e313ffffff,0,False,0.0,31.229232936525555,119.97021462175465,0.40675443,XGB,XGB_prediction.csv,5,0.40675443,0.0
87309e314ffffff,0,False,0.0,31.26252578921476,119.9413243964071,0.40675443,XGB,XGB_prediction.csv,6,0.40675442999999994,5.551115123125783e-17
87309e315ffffff,0,False,0.0,31.26322501915349,119.96320718217274,0.40675443,XGB,XGB_prediction.csv,6,0.40675442999999994,5.551115123125783e-17
87309e316ffffff,0,False,0.0,31.245177011628112,119.93388847051764,0.40675443,XGB,XGB_prediction.csv,6,0.4099618166666666,0.0032073866666665896
87309e318ffffff,0,False,0.0,31.230628081932878,120.01395047259678,0.40675443,XGB,XGB_prediction.csv,3,0.40675443000000006,5.551115123125783e-17
87309e31cffffff,0,False,0.0,31.24727515165347,119.9995193995168,0.40675443,XGB,XGB_prediction.csv,6,0.40675442999999994,5.551115123125783e-17
87309e31dffffff,0,False,0.0,31.247966692926127,120.02138340153896,0.40675443,XGB,XGB_prediction.csv,5,0.40675443,0.0
87309e31effffff,0,False,0.0,31.229932467983613,119.99208579087133,0.40675443,XGB,XGB_prediction.csv,4,0.40675443,0.0
87309e320ffffff,0,False,0.0,31.331859623388294,119.97107100214551,0.40675443,XGB,XGB_prediction.csv,6,0.40675442999999994,5.551115123125783e-17
87309e321ffffff,0,False,0.0,31.33254257170245,119.9929510829203,0.40675443,XGB,XGB_prediction.csv,6,0.40675442999999994,5.551115123125783e-17
87309e322ffffff,0,False,0.0,31.314535357905534,119.96363391585098,0.40675443,XGB,XGB_prediction.csv,6,0.40675442999999994,5.551115123125783e-17
87309e323ffffff,0,False,0.0,31.315222375249345,119.98551467408316,0.40675443,XGB,XGB_prediction.csv,6,0.40675442999999994,5.551115123125783e-17
87309e324ffffff,4,True,0.03508771929824561,31.348494953517378,119.95662248387553,0.40675443,XGB,XGB_prediction.csv,6,0.40675442999999994,5.551115123125783e-17
87309e325ffffff,0,False,0.0,31.34917775881575,119.97850837795721,0.40675443,XGB,XGB_prediction.csv,6,0.40675442999999994,5.551115123125783e-17
87309e326ffffff,5,True,0.043859649122807015,31.331172749665104,119.94918443189515,0.40675443,XGB,XGB_prediction.csv,6,0.40675442999999994,5.551115123125783e-17
87309e328ffffff,0,False,0.0,31.316584645817173,120.02925671443525,0.40675443,XGB,XGB_prediction.csv,6,0.40675442999999994,5.551115123125783e-17
87309e329ffffff,0,False,0.0,31.317259905569895,120.05111798959305,0.40675443,XGB,XGB_prediction.csv,6,0.40675442999999994,5.551115123125783e-17
87309e32affffff,0,False,0.0,31.299266459985116,120.02182195412233,0.40675443,XGB,XGB_prediction.csv,6,0.40675442999999994,5.551115123125783e-17
87309e32bffffff,0,False,0.0,31.299945788735055,120.04368391220395,0.40675443,XGB,XGB_prediction.csv,6,0.40675442999999994,5.551115123125783e-17
87309e32cffffff,0,False,0.0,31.333221597872438,120.01482467072657,0.40675443,XGB,XGB_prediction.csv,6,0.40675442999999994,5.551115123125783e-17
87309e32dffffff,0,False,0.0,31.333896705164396,120.03669176208093,0.40675443,XGB,XGB_prediction.csv,5,0.40675443,0.0
87309e32effffff,0,False,0.0,31.31590547013197,120.00738894143988,0.40675443,XGB,XGB_prediction.csv,6,0.40675442999999994,5.551115123125783e-17
87309e330ffffff,0,False,0.0,31.296509949844864,119.93430919914037,0.40675443,XGB,XGB_prediction.csv,6,2.48018412,2.07342969
87309e331ffffff,0,False,0.0,31.29720496317361,119.95619711930733,0.40675443,XGB,XGB_prediction.csv,6,0.40675442999999994,5.551115123125783e-17
87309e332ffffff,0,False,0.0,31.279169355499526,119.92687201883322,0.40675443,XGB,XGB_prediction.csv,6,2.431634953333333,2.024880523333333
87309e333ffffff,0,False,0.0,31.279868440004247,119.94876061274819,0.40675443,XGB,XGB_prediction.csv,6,0.40675442999999994,5.551115123125783e-17
87309e334ffffff,12,True,0.10526315789473684,31.313149542785805,119.91985294075202,8.168538,XGB,XGB_prediction.csv,6,1.186553525,6.981984475
87309e335ffffff,0,False,0.0,31.313844414838094,119.94174667023887,0.40675443,XGB,XGB_prediction.csv,6,1.7003850249999999,1.2936305949999998
87309e336ffffff,5,True,0.043859649122807015,31.295811007221292,119.91241479719723,5.085549,XGB,XGB_prediction.csv,6,2.945466453333333,2.1400825466666675
87309e370ffffff,0,False,0.0,31.301292710535012,120.08738832725271,0.40675443,XGB,XGB_prediction.csv,6,0.40675442999999994,5.551115123125783e-17
87309e371ffffff,0,False,0.0,31.301960310116304,120.10923077731043,0.40675443,XGB,XGB_prediction.csv,3,0.40675443000000006,5.551115123125783e-17
87309e372ffffff,0,False,0.0,31.283980607822645,120.07995590711853,0.40675443,XGB,XGB_prediction.csv,5,0.40675443,0.0
87309e373ffffff,0,False,0.0,31.284652276357804,120.10179904554616,0.40675443,XGB,XGB_prediction.csv,3,0.40675443000000006,5.551115123125783e-17
87309e374ffffff,0,False,0.0,31.31793125265634,120.07297276344669,0.40675443,XGB,XGB_prediction.csv,5,0.40675443,0.0
87309e375ffffff,0,False,0.0,31.318598690343926,120.09482103253914,0.40675443,XGB,XGB_prediction.csv,3,0.40675443000000006,5.551115123125783e-17
87309e376ffffff,0,False,0.0,31.300621204496675,120.06553937106723,0.40675443,XGB,XGB_prediction.csv,6,0.40675442999999994,5.551115123125783e-17
87309e3a0ffffff,1,True,0.008771929824561403,31.210461079383105,119.91901749102723,0.40675443,XGB,XGB_prediction.csv,6,2.6353177366666665,2.2285633066666666
87309e3a1ffffff,0,False,0.0,31.21117253012534,119.94090229706872,0.40675443,XGB,XGB_prediction.csv,5,0.40675443,0.0
87309e3a2ffffff,6,True,0.05263157894736842,31.193093926398717,119.91158243789303,8.827289,XGB,XGB_prediction.csv,5,3.0810303980000002,5.746258602
87309e3a3ffffff,0,False,0.0,31.19380945255503,119.93346791574714,0.40675443,XGB,XGB_prediction.csv,3,3.213599286666667,2.8068448566666673
87309e3a4ffffff,0,False,0.0,31.227110804576203,119.90456222499526,0.40675443,XGB,XGB_prediction.csv,6,2.8368352849999994,2.4300808549999995
87309e3a5ffffff,0,False,0.0,31.227822108072836,119.92645283531319,0.40675443,XGB,XGB_prediction.csv,6,0.4099618166666666,0.0032073866666665896
87309e3a6ffffff,6,True,0.05263157894736842,31.209745701075867,119.89712621018849,5.3575997,XGB,XGB_prediction.csv,6,3.463666065,1.8939336349999998
87309e3acffffff,0,False,0.0,31.211880056550463,119.9627806248022,0.40675443,XGB,XGB_prediction.csv,3,0.40675443000000006,5.551115123125783e-17
87309e3b0ffffff,0,False,0.0,31.17499711933117,119.88225505668387,0.40675443,XGB,XGB_prediction.csv,4,2.5166991524999998,2.1099447225
87309e3b1ffffff,0,False,0.0,31.175720649965108,119.90414767614395,8.827289,XGB,XGB_prediction.csv,3,3.2135992866666663,5.6136897133333346
87309e3b4ffffff,2,True,0.017543859649122806,31.191651087249422,119.86779206761187,0.42599875,XGB,XGB_prediction.csv,6,2.063451086666667,1.637452336666667
87309e3b5ffffff,2,True,0.017543859649122806,31.192374472378237,119.88969048734027,0.40675443,XGB,XGB_prediction.csv,6,4.87029588,4.463541449999999
87309e3b6ffffff,0,False,0.0,31.17426965729439,119.86035597014971,0.40675443,XGB,XGB_prediction.csv,4,1.6540880025000002,1.2473335725
87309e56bffffff,0,False,0.0,31.162883758106272,119.53109605010921,0.40675443,XGB,XGB_prediction.csv,1,0.40675443,0.0
87309e850ffffff,1,True,0.008771929824561403,31.595026635834955,119.65135580611202,0.40675443,XGB,XGB_prediction.csv,4,2.8869881449999997,2.480233715
87309e851ffffff,4,True,0.03508771929824561,31.595723634158453,119.67335472803731,5.3575997,XGB,XGB_prediction.csv,4,2.882177065,2.4754226349999997
87309e852ffffff,0,False,0.0,31.577719393999196,119.64390075038263,0.42599875,XGB,XGB_prediction.csv,4,3.1759051400000002,2.7499063900000005
87309e853ffffff,3,True,0.02631578947368421,31.57842045285509,119.66590032041132,5.3575997,XGB,XGB_prediction.csv,6,3.0812031683333334,2.2763965316666663
87309e855ffffff,1,True,0.008771929824561403,31.61232771674377,119.6588111638386,0.40675443,XGB,XGB_prediction.csv,2,2.882177065,2.475422635
87309e85affffff,1,True,0.008771929824561403,31.562509406561514,119.70242729147027,0.40675443,XGB,XGB_prediction.csv,4,1.6444657475000002,1.2377113175
87309e85effffff,3,True,0.02631578947368421,31.579117528806414,119.68789343706133,5.3575997,XGB,XGB_prediction.csv,4,2.8821770649999996,2.475422635
87309e8c0ffffff,2,True,0.017543859649122806,31.509146142852973,119.6360857064072,0.40675443,XGB,XGB_prediction.csv,6,1.6971776916666663,1.2904232616666662
87309e8c1ffffff,2,True,0.017543859649122806,31.50985946885048,119.65808141587145,0.40675443,XGB,XGB_prediction.csv,6,2.52231857,2.11556414
87309e8c2ffffff,3,True,0.02631578947368421,31.49181217303518,119.62863280820078,0.40675443,XGB,XGB_prediction.csv,6,0.41316920333333335,0.006414773333333346
87309e8c3ffffff,0,False,0.0,31.492529563815136,119.65062916383165,0.40675443,XGB,XGB_prediction.csv,6,1.235102695,0.8283482649999999
87309e8c4ffffff,5,True,0.043859649122807015,31.52576071060206,119.6215373975179,0.40675443,XGB,XGB_prediction.csv,6,1.697177691666666,1.2904232616666662
87309e8c5ffffff,10,True,0.08771929824561403,31.526473956525443,119.64353890696533,8.149294,XGB,XGB_prediction.csv,6,0.40675442999999994,7.742539569999999
87309e8c6ffffff,3,True,0.02631578947368421,31.508428832758288,119.61408355211728,0.40675443,XGB,XGB_prediction.csv,6,0.40675442999999994,5.551115123125783e-17
87309e8c8ffffff,4,True,0.03508771929824561,31.49395240526384,119.6946025324369,5.3768444,XGB,XGB_prediction.csv,6,4.48195866,0.8948857400000003
87309e8c9ffffff,23,True,0.20175438596491227,31.49465786246514,119.71657953813713,6.497266,XGB,XGB_prediction.csv,6,5.581749941666668,0.9155160583333322
87309e8caffffff,3,True,0.02631578947368421,31.476624476267858,119.68715187928062,0.40675443,XGB,XGB_prediction.csv,6,2.8917993516666662,2.4850449216666664
87309e8cbffffff,3,True,0.02631578947368421,31.477333998269344,119.7091295367366,5.3768444,XGB,XGB_prediction.csv,6,2.3007168266666667,3.0761275733333338
87309e8ccffffff,1,True,0.008771929824561403,31.510568814017432,119.68007067686077,0.40675443,XGB,XGB_prediction.csv,6,4.2920142766666665,3.8852598466666666
87309e8cdffffff,6,True,0.05263157894736842,31.511274181621886,119.7020534857358,8.846533,XGB,XGB_prediction.csv,6,4.314535693333333,4.531997306666668
87309e8ceffffff,5,True,0.043859649122807015,31.4932429734695,119.67261907312432,5.3575997,XGB,XGB_prediction.csv,6,1.2351027583333336,4.122496941666666
87309e8d0ffffff,11,True,0.09649122807017543,31.473746606715938,119.59917677105048,6.485388,XGB,XGB_prediction.csv,6,0.4099618166666666,6.075426183333334
87309e8d1ffffff,2,True,0.017543859649122806,31.474472047862044,119.6211802125799,0.42599875,XGB,XGB_prediction.csv,6,1.4230674116666668,0.9970686616666669
87309e8d2ffffff,0,False,0.0,31.456396260107724,119.5917238358518,0.40675443,XGB,XGB_prediction.csv,5,1.622481144,1.215726714
87309e8d3ffffff,0,False,0.0,31.457125768129153,119.61372791977831,0.40675443,XGB,XGB_prediction.csv,6,1.4230674116666666,1.0163129816666667
87309e8d4ffffff,1,True,0.008771929824561403,31.49036543504316,119.58462077254138,0.40675443,XGB,XGB_prediction.csv,5,1.626330008,1.2195755780000002
87309e8d5ffffff,2,True,0.017543859649122806,31.491090797865454,119.60663000988353,0.40675443,XGB,XGB_prediction.csv,6,1.4230674116666666,1.0163129816666667
87309e8d6ffffff,3,True,0.02631578947368421,31.47301717762937,119.57716689263835,0.40675443,XGB,XGB_prediction.csv,3,2.4329656200000005,2.0262111900000006
87309e8d8ffffff,2,True,0.017543859649122806,31.458572832526503,119.65771676875474,0.40675443,XGB,XGB_prediction.csv,6,0.4099618166666667,0.0032073866666667006
87309e8d9ffffff,2,True,0.017543859649122806,31.459290395422347,119.67970152650082,0.40675443,XGB,XGB_prediction.csv,6,1.7003850783333327,1.2936306483333326
87309e8daffffff,1,True,0.008771929824561403,31.441228533718657,119.65026606858915,0.40675443,XGB,XGB_prediction.csv,6,0.4099618166666666,0.0032073866666665896
87309e8dbffffff,1,True,0.008771929824561403,31.4419501635213,119.67225147433119,0.40675443,XGB,XGB_prediction.csv,6,1.7003850783333327,1.2936306483333326
87309e8dcffffff,1,True,0.008771929824561403,31.47519350432801,119.64317721356262,0.42599875,XGB,XGB_prediction.csv,6,0.4099618166666666,0.016036933333333392
87309e8ddffffff,1,True,0.008771929824561403,31.47591097937558,119.66516777034437,0.40675443,XGB,XGB_prediction.csv,6,1.235102695,0.8283482649999999
87309e8deffffff,1,True,0.008771929824561403,31.457851291182322,119.63572556529823,0.40675443,XGB,XGB_prediction.csv,6,0.41316920333333335,0.006414773333333346
87309e8e0ffffff,0,False,0.0,31.559696885220568,119.61443933197783,0.40675443,XGB,XGB_prediction.csv,3,0.40675443000000006,5.551115123125783e-17
87309e8e1ffffff,0,False,0.0,31.56040599200087,119.63644599688449,0.40675443,XGB,XGB_prediction.csv,5,1.6357548079999997,1.2290003779999998
87309e8e2ffffff,0,False,0.0,31.542373261176238,119.60698423661266,0.40675443,XGB,XGB_prediction.csv,4,0.40675443,0.0
87309e8e3ffffff,1,True,0.008771929824561403,31.54308643060997,119.62899154585159,0.40675443,XGB,XGB_prediction.csv,6,1.697177691666666,1.2904232616666662
87309e8e8ffffff,2,True,0.017543859649122806,31.544500812421123,119.6729868243281,0.42599875,XGB,XGB_prediction.csv,6,2.252854903333333,1.8268561533333332
87309e8e9ffffff,2,True,0.017543859649122806,31.54520203134024,119.69497478626768,0.40675443,XGB,XGB_prediction.csv,6,1.2351026950000001,0.8283482650000001
87309e8eaffffff,2,True,0.017543859649122806,31.52718321864646,119.66553396944823,0.40675443,XGB,XGB_prediction.csv,6,2.5255259566666663,2.1187715266666665
87309e8ebffffff,6,True,0.05263157894736842,31.527888500234212,119.68752258131988,5.3575997,XGB,XGB_prediction.csv,6,1.816591578333333,3.5410081216666667
87309e8ecffffff,16,True,0.14035087719298245,31.561111112302484,119.65844621420138,6.532512,XGB,XGB_prediction.csv,6,1.2383100816666668,5.294201918333333
87309e8edffffff,2,True,0.017543859649122806,31.561812249398027,119.68043998027714,0.40675443,XGB,XGB_prediction.csv,6,3.081203168333333,2.674448738333333
87309e8eeffffff,2,True,0.017543859649122806,31.54379561326821,119.65099240964136,0.40675443,XGB,XGB_prediction.csv,6,2.721344673333333,2.314590243333333
87309e8f1ffffff,3,True,0.02631578947368421,31.52504347760858,119.59952944476228,0.40675443,XGB,XGB_prediction.csv,4,0.40675443,0.0
87309e8f2ffffff,0,False,0.0,31.506982247217696,119.57005992370584,0.42599875,XGB,XGB_prediction.csv,2,0.40675443,0.01924431999999998
87309e8f3ffffff,1,True,0.008771929824561403,31.50770753530116,119.59207495666057,0.40675443,XGB,XGB_prediction.csv,5,0.41060329400000006,0.003848864000000063
87309ea00ffffff,3,True,0.02631578947368421,31.51877164214965,119.9434375126645,0.42599875,XGB,XGB_prediction.csv,6,4.175807776666666,3.749809026666666
87309ea01ffffff,6,True,0.05263157894736842,31.519429534398025,119.96534261582862,5.3768444,XGB,XGB_prediction.csv,4,2.886988145,2.4898562550000003
87309ea02ffffff,3,True,0.02631578947368421,31.50149455154849,119.93599385431081,0.40675443,XGB,XGB_prediction.csv,6,4.8854580966666665,4.478703666666666
87309ea03ffffff,4,True,0.03508771929824561,31.502156504227067,119.95789963332486,5.3575997,XGB,XGB_prediction.csv,6,3.353874285,2.003725415
87309ea04ffffff,4,True,0.03508771929824561,31.535384818821655,119.92897053836286,5.3575997,XGB,XGB_prediction.csv,4,2.3520114824999996,3.0055882175
87309ea05ffffff,3,True,0.02631578947368421,31.536042589490133,119.95088146200123,0.40675443,XGB,XGB_prediction.csv,3,3.7201476166666665,3.3133931866666666
87309ea06ffffff,9,True,0.07894736842105263,31.51810981165898,119.92152591447056,8.149294,XGB,XGB_prediction.csv,6,1.2415174683333332,6.907776531666666
87309ea08ffffff,2,True,0.017543859649122806,31.50346860700948,120.00169169852114,0.40675443,XGB,XGB_prediction.csv,3,3.707317943333333,3.300563513333333
87309ea0affffff,2,True,0.017543859649122806,31.486197557015352,119.99425036281002,0.40675443,XGB,XGB_prediction.csv,6,2.060243573333333,1.6534891433333332
87309ea0bffffff,5,True,0.043859649122807015,31.486851774065272,120.0161373233278,5.3575997,XGB,XGB_prediction.csv,4,0.41637659,4.94122311
87309ea0effffff,6,True,0.05263157894736842,31.502814521619424,119.979798915897,5.3575997,XGB,XGB_prediction.csv,5,2.390941478,2.966658222
87309ea10ffffff,13,True,0.11403508771929824,31.48354136550687,119.90663754229723,7.538822,XGB,XGB_prediction.csv,6,5.797054926666667,1.7417670733333326
87309ea11ffffff,11,True,0.09649122807017543,31.484211318443354,119.92855048717435,6.8238077,XGB,XGB_prediction.csv,6,5.9464453766666665,0.8773623233333332
87309ea12ffffff,13,True,0.11403508771929824,31.466247928041128,119.89919379448446,4.747129,XGB,XGB_prediction.csv,6,6.017969093333334,1.2708400933333337
87309ea13ffffff,8,True,0.07017543859649122,31.466921943596496,119.92110741148925,11.327685,XGB,XGB_prediction.csv,6,5.457119988333333,5.870565011666668
87309ea14ffffff,3,True,0.02631578947368421,31.500158827203293,119.89216282102986,0.40675443,XGB,XGB_prediction.csv,6,3.375880506666667,2.969126076666667
87309ea15ffffff,3,True,0.02631578947368421,31.500828660301043,119.91408158237063,0.40675443,XGB,XGB_prediction.csv,6,3.958571885,3.551817455
87309ea16ffffff,23,True,0.20175438596491227,31.482867470398112,119.88471811012614,11.070199,XGB,XGB_prediction.csv,6,3.143968998333333,7.926230001666667
87309ea18ffffff,1,True,0.008771929824561403,31.46825816033855,119.96491517582558,0.40675443,XGB,XGB_prediction.csv,6,2.9376123533333334,2.5308579233333335
87309ea19ffffff,2,True,0.017543859649122806,31.468920368082223,119.98680931612502,0.40675443,XGB,XGB_prediction.csv,6,0.4099618166666667,0.0032073866666667006
87309ea1affffff,0,False,0.0,31.45097077064809,119.95747374077519,0.40675443,XGB,XGB_prediction.csv,6,3.3038857483333337,2.897131318333334
87309ea1bffffff,3,True,0.02631578947368421,31.451637040970823,119.97936855870029,0.40675443,XGB,XGB_prediction.csv,6,1.4218396916666667,1.0150852616666666
87309ea1cffffff,9,True,0.07894736842105263,31.48487733248652,119.95045694122945,8.149294,XGB,XGB_prediction.csv,6,3.541838848333333,4.607455151666667
87309ea1dffffff,1,True,0.008771929824561403,31.485539410916694,119.97235690094425,0.40675443,XGB,XGB_prediction.csv,6,3.3474594483333333,2.9407050183333334
87309ea1effffff,12,True,0.10526315789473684,31.467592019936355,119.9430145397766,7.8493624,XGB,XGB_prediction.csv,6,5.415189993333333,2.4341724066666677
87309ea30ffffff,0,False,0.0,31.53405745060057,119.88512921377821,0.40675443,XGB,XGB_prediction.csv,5,0.4144521579999999,0.007697727999999904
87309ea31ffffff,4,True,0.03508771929824561,31.53472310695345,119.90705312111183,0.42599875,XGB,XGB_prediction.csv,4,3.5849117199999996,3.1589129699999994
87309ea32ffffff,0,False,0.0,31.516774322816826,119.87768324709477,0.40675443,XGB,XGB_prediction.csv,6,0.41316920333333335,0.006414773333333346
87309ea33ffffff,5,True,0.043859649122807015,31.51744403964223,119.8996078247698,0.42599875,XGB,XGB_prediction.csv,6,1.7003850783333327,1.2743863283333328
87309ea34ffffff,0,False,0.0,31.55066888731064,119.87064574880428,0.40675443,XGB,XGB_prediction.csv,2,0.40675443,0.0
87309ea36ffffff,1,True,0.008771929824561403,31.53338784647936,119.86319881990171,0.40675443,XGB,XGB_prediction.csv,4,0.41156551,0.004811080000000023
87309ea80ffffff,2,True,0.017543859649122806,31.397703042231896,119.8913380279433,0.40675443,XGB,XGB_prediction.csv,6,3.8115831100000004,3.4048286800000005
87309ea81ffffff,1,True,0.008771929824561403,31.39838937703169,119.91324784507164,0.40675443,XGB,XGB_prediction.csv,6,2.9359133483333335,2.5291589183333336
87309ea82ffffff,7,True,0.06140350877192982,31.380382970305142,119.88389641302511,5.3768444,XGB,XGB_prediction.csv,6,6.223935205,0.8470908049999997
87309ea83ffffff,6,True,0.05263157894736842,31.38107337202639,119.9058069003418,5.3768444,XGB,XGB_prediction.csv,6,2.47553742,2.90130698
87309ea84ffffff,3,True,0.02631578947368421,31.414330767344058,119.87686430695018,5.660773,XGB,XGB_prediction.csv,6,3.075328798333333,2.5854442016666668
87309ea85ffffff,3,True,0.02631578947368421,31.41501697631171,119.89877993548268,0.40675443,XGB,XGB_prediction.csv,6,3.7189199433333333,3.3121655133333334
87309ea86ffffff,9,True,0.07894736842105263,31.39701276694952,119.86942173051993,5.641528,XGB,XGB_prediction.csv,6,3.1711994483333332,2.470328551666667
87309ea88ffffff,0,False,0.0,31.382442366151874,119.94960842628524,0.40675443,XGB,XGB_prediction.csv,6,2.10435757,1.69760314
87309ea89ffffff,3,True,0.02631578947368421,31.383120965091535,119.97149945787366,5.3575997,XGB,XGB_prediction.csv,6,1.2318953083333333,4.125704391666666
87309ea8affffff,3,True,0.02631578947368421,31.365128359754785,119.9421691186722,0.40675443,XGB,XGB_prediction.csv,6,0.40675442999999994,5.551115123125783e-17
87309ea8bffffff,2,True,0.017543859649122806,31.36581102559195,119.96406082594628,0.40675443,XGB,XGB_prediction.csv,6,1.2318953083333335,0.8251408783333335
87309ea8cffffff,8,True,0.07017543859649122,31.399071774617155,119.93515117837381,5.641528,XGB,XGB_prediction.csv,6,2.20286652,3.43866148
87309ea8dffffff,0,False,0.0,31.39975023825779,119.95704802432844,0.40675443,XGB,XGB_prediction.csv,6,3.8972622099999996,3.4905077799999997
87309ea8effffff,3,True,0.02631578947368421,31.381759836219608,119.92771090593652,0.40675443,XGB,XGB_prediction.csv,6,2.1075650200000005,1.7008105900000006
87309ea90ffffff,25,True,0.21929824561403508,31.362358350663754,119.85453745818417,9.423357,XGB,XGB_prediction.csv,6,8.154427199999999,1.2689298000000004
87309ea91ffffff,9,True,0.07894736842105263,31.36305676132718,119.87645509096188,11.299806,XGB,XGB_prediction.csv,6,5.863872321666666,5.435933678333334
87309ea92ffffff,14,True,0.12280701754385964,31.345021936374295,119.84709576274614,5.0503025,XGB,XGB_prediction.csv,6,7.664030749999999,2.6137282499999994
87309ea93ffffff,6,True,0.05263157894736842,31.345724416099277,119.8690140619874,5.3575997,XGB,XGB_prediction.csv,6,6.564530388333332,1.2069306883333324
87309ea94ffffff,20,True,0.17543859649122806,31.378990341216657,119.84005600736982,11.270063,XGB,XGB_prediction.csv,6,7.3540908049999985,3.915972195000002
87309ea95ffffff,18,True,0.15789473684210525,31.379688627790067,119.86197944752001,6.769316,XGB,XGB_prediction.csv,6,7.236392138333333,0.46707613833333284
87309ea96ffffff,27,True,0.23684210526315788,31.361655995635367,119.832613352871,9.179476,XGB,XGB_prediction.csv,6,10.101677166666667,0.9222011666666674
87309ea98ffffff,17,True,0.14912280701754385,31.34711755458088,119.91283123500978,6.788561,XGB,XGB_prediction.csv,6,1.6471890916666665,5.141371908333333
87309ea99ffffff,2,True,0.017543859649122806,31.347808219860656,119.93473010172315,0.40675443,XGB,XGB_prediction.csv,6,1.470388858333333,1.0636344283333332
87309ea9affffff,1,True,0.008771929824561403,31.329787212938335,119.90539183698789,0.40675443,XGB,XGB_prediction.csv,6,4.001246715,3.594492285
87309ea9bffffff,3,True,0.02631578947368421,31.330481947269234,119.92729137567184,0.40675443,XGB,XGB_prediction.csv,6,2.764019453333333,2.357265023333333
87309ea9cffffff,12,True,0.10526315789473684,31.36375123088769,119.89836624765832,7.8493624,XGB,XGB_prediction.csv,6,4.942594110000001,2.9067682899999996
87309ea9dffffff,2,True,0.017543859649122806,31.36444176260868,119.92027092473724,0.40675443,XGB,XGB_prediction.csv,6,3.5391718483333334,3.1324174183333335
87309ea9effffff,1,True,0.008771929824561403,31.346422954414496,119.89092588725485,0.40675443,XGB,XGB_prediction.csv,6,6.588700254999999,6.181945824999999
87309eaa0ffffff,5,True,0.043859649122807015,31.448266326762457,119.86982956776376,8.827289,XGB,XGB_prediction.csv,6,3.028007415,5.799281585000001
87309eaa1ffffff,0,False,0.0,31.44894834867399,119.89175033916636,0.40675443,XGB,XGB_prediction.csv,6,4.966860921666667,4.560106491666667
87309eaa2ffffff,17,True,0.14912280701754385,31.430956541482658,119.86238573677306,6.5046325,XGB,XGB_prediction.csv,6,3.4656457149999995,3.038986785
87309eaa3ffffff,10,True,0.08771929824561403,31.431642628181187,119.88430717657695,5.085549,XGB,XGB_prediction.csv,6,4.53050796,0.5550410400000008
87309eaa4ffffff,4,True,0.03508771929824561,31.46488806617874,119.85534710845452,0.40675443,XGB,XGB_prediction.csv,6,2.638525123333333,2.231770693333333
87309eaa5ffffff,7,True,0.06140350877192982,31.465569969993645,119.87727369229279,5.3575997,XGB,XGB_prediction.csv,6,4.310813381666667,1.046786318333333
87309eaa6ffffff,3,True,0.02631578947368421,31.447580358768292,119.84790231682462,0.40675443,XGB,XGB_prediction.csv,6,4.065696768333333,3.658942338333333
87309eaa8ffffff,1,True,0.008771929824561403,31.433002975474434,119.92813060973481,0.40675443,XGB,XGB_prediction.csv,6,4.687911505,4.281157074999999
87309eaa9ffffff,4,True,0.03508771929824561,31.43367724261397,119.95003259602709,5.3768444,XGB,XGB_prediction.csv,6,2.20286652,3.1739778800000003
87309eaaaffffff,3,True,0.02631578947368421,31.415699245110275,119.92068908161392,5.3768444,XGB,XGB_prediction.csv,6,3.075328781666667,2.3015156183333336
87309eaabffffff,12,True,0.10526315789473684,31.416377577010408,119.9425917418153,6.213337,XGB,XGB_prediction.csv,6,2.9359133483333335,3.2774236516666666
87309eaacffffff,3,True,0.02631578947368421,31.449626427775762,119.91366462748961,0.40675443,XGB,XGB_prediction.csv,6,4.607001943333333,4.200247513333332
87309eaadffffff,4,True,0.03508771929824561,31.45030056734197,119.93557242920035,5.3768444,XGB,XGB_prediction.csv,6,4.295692515,1.0811518850000006
87309eaaeffffff,6,True,0.05263157894736842,31.432324771754523,119.90622213540944,5.3768444,XGB,XGB_prediction.csv,6,2.0149018533333334,3.361942546666667
87309eab0ffffff,6,True,0.05263157894736842,31.4129465158254,119.8330136168439,5.3575997,XGB,XGB_prediction.csv,6,3.7380817316666666,1.6195179683333332
87309eab1ffffff,2,True,0.017543859649122806,31.413640614937993,119.85494219955461,0.40675443,XGB,XGB_prediction.csv,6,3.9963403433333333,3.5895859133333334
87309eab2ffffff,14,True,0.12280701754385964,31.395620381870724,119.82556970896077,6.7394104,XGB,XGB_prediction.csv,6,7.593267805,0.8538574050000003
87309eab3ffffff,6,True,0.05263157894736842,31.396318547917687,119.84749895634226,0.40675443,XGB,XGB_prediction.csv,6,6.030778588333333,5.624024158333333
87309eab4ffffff,8,True,0.07017543859649122,31.429572525629432,119.81852342844213,9.111217,XGB,XGB_prediction.csv,6,4.07604218,5.03517482
87309eab5ffffff,1,True,0.008771929824561403,31.430266508388474,119.84045781954312,0.40675443,XGB,XGB_prediction.csv,6,4.934951593333333,4.528197163333333
87309eab6ffffff,10,True,0.08771929824561403,31.412248466739577,119.81107856237557,5.3575997,XGB,XGB_prediction.csv,6,6.666691391666667,1.3090916916666675
87309eac4ffffff,3,True,0.02631578947368421,31.419051601083392,120.03013745309022,5.3575997,XGB,XGB_prediction.csv,3,2.0570361866666667,3.300563513333333
87309eac6ffffff,0,False,0.0,31.40176205822447,120.02269960303785,0.40675443,XGB,XGB_prediction.csv,4,1.6444657475000002,1.2377113175
87309ead0ffffff,0,False,0.0,31.367164576409486,120.0078247664929,0.40675443,XGB,XGB_prediction.csv,5,0.40675443,0.0
87309ead2ffffff,0,False,0.0,31.349856639021876,120.00038778046815,0.40675443,XGB,XGB_prediction.csv,6,0.40675442999999994,5.551115123125783e-17
87309ead3ffffff,0,False,0.0,31.35053159740303,120.02226068791786,0.40675443,XGB,XGB_prediction.csv,4,0.40675443,0.0
87309ead4ffffff,1,True,0.008771929824561403,31.383795636308182,119.99338399719718,0.40675443,XGB,XGB_prediction.csv,6,2.0570361866666667,1.6502817566666668
87309ead5ffffff,0,False,0.0,31.38446638307269,120.01526204076077,0.40675443,XGB,XGB_prediction.csv,4,0.40675443,0.0
87309ead6ffffff,0,False,0.0,31.366489763387357,119.98594604305237,0.40675443,XGB,XGB_prediction.csv,6,1.2318953083333335,0.8251408783333335
87309eadaffffff,0,False,0.0,31.334567896845687,120.05855235350974,0.40675443,XGB,XGB_prediction.csv,3,0.40675443000000006,5.551115123125783e-17
87309eae0ffffff,2,True,0.017543859649122806,31.45295779577928,120.02313869959468,0.40675443,XGB,XGB_prediction.csv,4,1.6540879075,1.2473334774999998
87309eae2ffffff,5,True,0.043859649122807015,31.435676457299813,120.0156995915905,5.3575997,XGB,XGB_prediction.csv,5,2.615025798,2.7425739019999997
87309eae4ffffff,3,True,0.02631578947368421,31.469578646447733,120.00869695717336,0.42599875,XGB,XGB_prediction.csv,6,1.2351026950000001,0.8091039450000002
87309eae5ffffff,1,True,0.008771929824561403,31.470232998716703,120.03057809547866,0.42599875,XGB,XGB_prediction.csv,3,2.06345096,1.63745221
87309eae6ffffff,3,True,0.02631578947368421,31.45229938158815,120.00125687947161,0.40675443,XGB,XGB_prediction.csv,6,2.2501879566666667,1.8434335266666668
87309eaf0ffffff,4,True,0.03508771929824561,31.417722443204195,119.98637759036282,5.3768444,XGB,XGB_prediction.csv,6,2.24698057,3.1298638300000006
87309eaf1ffffff,2,True,0.017543859649122806,31.418388984045432,120.00826077170018,0.40675443,XGB,XGB_prediction.csv,6,3.9004697766666663,3.4937153466666664
87309eaf2ffffff,7,True,0.06140350877192982,31.400424771224326,119.97893837942378,5.3575997,XGB,XGB_prediction.csv,6,2.0602436366666663,3.2973560633333334
87309eaf3ffffff,2,True,0.017543859649122806,31.401095376788803,120.00082224015775,0.40675443,XGB,XGB_prediction.csv,6,2.0602436366666668,1.6534892066666669
87309eaf4ffffff,0,False,0.0,31.43434757644746,119.97192809076994,0.40675443,XGB,XGB_prediction.csv,6,3.0785363483333335,2.6717819183333336
87309eaf5ffffff,19,True,0.16666666666666666,31.435013980250467,119.99381709045676,6.497266,XGB,XGB_prediction.csv,6,2.0602436366666663,4.437022363333334
87309eaf6ffffff,5,True,0.043859649122807015,31.417051975283982,119.964487912568,0.40675443,XGB,XGB_prediction.csv,6,3.856355726666667,3.449601296666667
87309eb80ffffff,0,False,0.0,31.51405594182272,119.78992012764382,0.40675443,XGB,XGB_prediction.csv,6,0.4099618166666666,0.0032073866666665896
87309eb81ffffff,0,False,0.0,31.5147414706825,119.81187062169576,0.40675443,XGB,XGB_prediction.csv,6,0.41316920333333323,0.006414773333333235
87309eb82ffffff,0,False,0.0,31.496750419200396,119.78247179738666,0.40675443,XGB,XGB_prediction.csv,6,0.4099618166666666,0.0032073866666665896
87309eb83ffffff,0,False,0.0,31.49744001072595,119.80442295250919,0.42599875,XGB,XGB_prediction.csv,6,1.238310145,0.812311395
87309eb84ffffff,0,False,0.0,31.53066988668245,119.7754124501018,0.40675443,XGB,XGB_prediction.csv,6,0.4099618166666667,0.0032073866666667006
87309eb85ffffff,0,False,0.0,31.5313553146881,119.79736875455814,0.40675443,XGB,XGB_prediction.csv,5,0.40675443,0.0
87309eb86ffffff,0,False,0.0,31.513366451760874,119.76796316342616,0.40675443,XGB,XGB_prediction.csv,6,0.40675442999999994,5.551115123125783e-17
87309eb88ffffff,6,True,0.05263157894736842,31.498807322337694,119.84830584429677,8.149294,XGB,XGB_prediction.csv,6,0.41316920333333335,7.736124796666666
87309eb89ffffff,4,True,0.03508771929824561,31.499485048975146,119.87023757382363,0.40675443,XGB,XGB_prediction.csv,6,3.47762584,3.07087141
87309eb8affffff,2,True,0.017543859649122806,31.481507840554077,119.84085979806268,0.40675443,XGB,XGB_prediction.csv,6,2.5319407933333333,2.1251863633333334
87309eb8bffffff,1,True,0.008771929824561403,31.482189629839322,119.86279219419883,0.40675443,XGB,XGB_prediction.csv,6,4.299559331666667,3.892804901666667
87309eb8cffffff,0,False,0.0,31.515423041616316,119.83381464200092,0.40675443,XGB,XGB_prediction.csv,5,1.9629600719999996,1.5562056419999997
87309eb8dffffff,0,False,0.0,31.51610065790151,119.8557521849878,0.42599875,XGB,XGB_prediction.csv,5,1.9552623439999999,1.529263594
87309eb8effffff,2,True,0.017543859649122806,31.498125644013403,119.82636763600391,0.42599875,XGB,XGB_prediction.csv,6,2.528733406666666,2.102734656666666
87309eb90ffffff,0,False,0.0,31.47874113066474,119.7530654827171,0.40675443,XGB,XGB_prediction.csv,6,2.9359133849999997,2.5291589549999998
87309eb91ffffff,0,False,0.0,31.479438747594408,119.77502376402064,0.40675443,XGB,XGB_prediction.csv,6,1.2351027583333336,0.8283483283333336
87309eb92ffffff,9,True,0.07894736842105263,31.461419246047065,119.7456170891516,5.3768444,XGB,XGB_prediction.csv,6,2.34872569,3.02811871
87309eb93ffffff,3,True,0.02631578947368421,31.462120927783577,119.76757602777974,5.3768444,XGB,XGB_prediction.csv,6,2.3014042700000004,3.07544013
87309eb94ffffff,8,True,0.07017543859649122,31.495359348341648,119.73855008660239,5.3575997,XGB,XGB_prediction.csv,6,2.7083679066666666,2.649231793333333
87309eb95ffffff,0,False,0.0,31.49605686616308,119.76051417421992,0.40675443,XGB,XGB_prediction.csv,6,1.2318953083333333,0.8251408783333333
87309eb96ffffff,7,True,0.06140350877192982,31.478039548645906,119.7311007390872,0.69068295,XGB,XGB_prediction.csv,6,3.9036772266666673,3.2129942766666675
87309eb98ffffff,16,True,0.14035087719298245,31.463512408151775,119.81147451004762,6.532512,XGB,XGB_prediction.csv,6,3.2541087516666667,3.278403248333333
87309eb99ffffff,4,True,0.03508771929824561,31.464202213322363,119.83341404651956,0.42599875,XGB,XGB_prediction.csv,6,3.492061865,3.0660631150000004
87309eb9affffff,8,True,0.07017543859649122,31.446196571446837,119.80402839055637,5.085549,XGB,XGB_prediction.csv,6,4.117664684999999,0.9678843150000009
87309eb9bffffff,13,True,0.11403508771929824,31.446890441419853,119.82596858990141,7.8227515,XGB,XGB_prediction.csv,6,3.6614642683333334,4.161287231666666
87309eb9cffffff,0,False,0.0,31.480132402704808,119.79697557940196,0.40675443,XGB,XGB_prediction.csv,6,2.25926974,1.8525153100000002
87309eb9dffffff,4,True,0.03508771929824561,31.480822099267193,119.81892092527478,5.3768444,XGB,XGB_prediction.csv,6,1.4373361849999997,3.939508215000001
87309eb9effffff,3,True,0.02631578947368421,31.462818647395558,119.78952850260801,0.40675443,XGB,XGB_prediction.csv,6,3.0358614483333333,2.6291070183333334
87309eba2ffffff,1,True,0.008771929824561403,31.547281839430983,119.76089991930834,0.42599875,XGB,XGB_prediction.csv,4,1.6492769225000001,1.2232781725000001
87309eba3ffffff,0,False,0.0,31.54796717015774,119.7828620340128,0.40675443,XGB,XGB_prediction.csv,3,0.41316920333333335,0.006414773333333346
87309ebaaffffff,0,False,0.0,31.532036781803566,119.81931858672766,0.40675443,XGB,XGB_prediction.csv,3,0.40675443000000006,5.551115123125783e-17
87309ebb0ffffff,4,True,0.03508771929824561,31.52928713489318,119.73148043869155,0.40675443,XGB,XGB_prediction.csv,6,2.4743095533333332,2.0675551233333334
87309ebb1ffffff,0,False,0.0,31.529980494509417,119.75344967694693,0.40675443,XGB,XGB_prediction.csv,6,1.238310145,0.831555715
87309ebb2ffffff,14,True,0.12280701754385964,31.511975574933214,119.72402983886673,7.8419952,XGB,XGB_prediction.csv,6,3.653610331666666,4.188384868333334
87309ebb3ffffff,1,True,0.008771929824561403,31.512672997222175,119.7459997326336,0.40675443,XGB,XGB_prediction.csv,6,2.4711021033333336,2.0643476733333337
87309ebb4ffffff,3,True,0.02631578947368421,31.54589927329852,119.71695629182575,0.40675443,XGB,XGB_prediction.csv,5,1.4007724240000001,0.9940179940000001
87309ebb5ffffff,9,True,0.07894736842105263,31.54659254157022,119.7389313373776,5.3768444,XGB,XGB_prediction.csv,4,0.41156550999999997,4.9652788900000004
87309ebb6ffffff,2,True,0.017543859649122806,31.52858980455917,119.70950473894337,0.40675443,XGB,XGB_prediction.csv,6,3.877731865,3.470977435
87309e000ffffff,2,True,0.017543859649122806,31.271219356703583,119.68567060623714,1.7346567,MLP,mlp_prediction.csv,6,15.261873346666667,13.527216646666666
87309e001ffffff,4,True,0.03508771929824561,31.2719618456506,119.70763028141194,7.90925,MLP,mlp_prediction.csv,6,0.588100525,7.321149475
87309e002ffffff,1,True,0.008771929824561403,31.253827821225403,119.67822645372405,3.1808736,MLP,mlp_prediction.csv,6,4.397007505,1.2161339050000004
87309e003ffffff,0,False,0.0,31.25457438548731,119.70018677860661,0.24661173,MLP,mlp_prediction.csv,6,2.7814099766666662,2.534798246666666
87309e004ffffff,7,True,0.06140350877192982,31.287862374185497,119.6711495914689,79.685005,MLP,mlp_prediction.csv,6,1.3932686083333332,78.29173639166667
87309e005ffffff,0,False,0.0,31.288604753760737,119.69311505867809,0.54949975,MLP,mlp_prediction.csv,6,15.603671515000002,15.054171765000001
87309e006ffffff,2,True,0.017543859649122806,31.270472902420483,119.6637044906357,0.0,MLP,mlp_prediction.csv,6,64.78082021666667,64.78082021666667
87309e008ffffff,0,False,0.0,31.256055630125832,119.74408809900689,0.43418595,MLP,mlp_prediction.csv,6,0.3657406716666667,0.0684452783333333
87309e009ffffff,1,True,0.008771929824561403,31.256790316985185,119.76602908731542,0.6626139,MLP,mlp_prediction.csv,6,10.932681508333333,10.270067608333333
87309e00affffff,0,False,0.0,31.23867018484057,119.73664619971696,0.46021423,MLP,mlp_prediction.csv,6,0.17414548500000002,0.286068745
87309e00bffffff,2,True,0.017543859649122806,31.239408947056386,119.75858784328979,0.0,MLP,mlp_prediction.csv,6,3.4162263466666665,3.4162263466666665
87309e00cffffff,1,True,0.008771929824561403,31.272700372503344,119.72958351254353,0.6914786,MLP,mlp_prediction.csv,6,2.0276789699999997,1.3362003699999998
87309e00dffffff,0,False,0.0,31.273434940504934,119.75153029602494,0.3801373,MLP,mlp_prediction.csv,6,1.365943575,0.985806275
87309e00effffff,0,False,0.0,31.255316987373888,119.72214066157072,0.0,MLP,mlp_prediction.csv,6,1.7254045783333334,1.7254045783333334
87309e010ffffff,2,True,0.017543859649122806,31.23567554182513,119.64881519142165,0.0,MLP,mlp_prediction.csv,6,45.532889000000004,45.532889000000004
87309e011ffffff,0,False,0.0,31.236430148178197,119.67078260137208,10.872398,MLP,mlp_prediction.csv,6,5.460839366666666,5.4115586333333345
87309e012ffffff,6,True,0.05263157894736842,31.218267654709276,119.64137099350705,28.918428,MLP,mlp_prediction.csv,6,2.38294693,26.53548107
87309e013ffffff,3,True,0.02631578947368421,31.219026338419575,119.66333904941428,0.0,MLP,mlp_prediction.csv,6,9.629420093333332,9.629420093333332
87309e014ffffff,18,True,0.15789473684210525,31.252322792619868,119.63428649268992,210.59602,MLP,mlp_prediction.csv,6,69.572558,141.023462
87309e015ffffff,5,True,0.043859649122807015,31.25307729134889,119.65625969054221,10.275386,MLP,mlp_prediction.csv,6,86.40971526666668,76.13432926666668
87309e016ffffff,5,True,0.043859649122807015,31.234916966345743,119.62684134893098,12.535102,MLP,mlp_prediction.csv,6,40.015388730000005,27.480286730000003
87309e018ffffff,5,True,0.043859649122807015,31.220531810579633,119.70725585547424,0.0,MLP,mlp_prediction.csv,6,3.474328968333333,3.474328968333333
87309e019ffffff,0,False,0.0,31.22127860549944,119.72920459838828,0.0,MLP,mlp_prediction.csv,6,1.4904557016666666,1.4904557016666666
87309e01affffff,0,False,0.0,31.203130020625984,119.69981390081693,0.46021423,MLP,mlp_prediction.csv,6,3.038735285,2.578521055
87309e01bffffff,0,False,0.0,31.203880892958427,119.72176329525408,0.46629602,MLP,mlp_prediction.csv,6,1.4331884883333332,0.9668924683333333
87309e01cffffff,0,False,0.0,31.237180788640348,119.69274357515094,3.2529926,MLP,mlp_prediction.csv,6,5.161059048333333,1.908066448333333
87309e01dffffff,3,True,0.02631578947368421,31.2379274664484,119.71469810913655,0.61068696,MLP,mlp_prediction.csv,6,0.65996976,0.04928279999999996
87309e01effffff,3,True,0.02631578947368421,31.219781055964916,119.68530067127807,16.055784,MLP,mlp_prediction.csv,6,2.5170570983333334,13.538726901666665
87309e020ffffff,1,True,0.008771929824561403,31.321884695845736,119.66407008324529,0.0,MLP,mlp_prediction.csv,6,11.549322141666666,11.549322141666666
87309e021ffffff,0,False,0.0,31.322622896406493,119.68604069442168,0.2997688,MLP,mlp_prediction.csv,6,11.158584008333333,10.858815208333333
87309e022ffffff,3,True,0.02631578947368421,31.304503432022237,119.65662373374485,2.5148544,MLP,mlp_prediction.csv,6,19.3901113,16.8752569
87309e023ffffff,4,True,0.03508771929824561,31.305245705795198,119.67859499280867,3.5606008,MLP,mlp_prediction.csv,6,13.912548028333333,10.351947228333334
87309e024ffffff,0,False,0.0,31.338521718004966,119.64954032943177,0.33278385,MLP,mlp_prediction.csv,6,23.42851801666667,23.09573416666667
87309e025ffffff,5,True,0.043859649122807015,31.33925981694279,119.67151673359804,62.587925,MLP,mlp_prediction.csv,6,0.60657888,61.98134612
87309e026ffffff,1,True,0.008771929824561403,31.321142524303745,119.64209303250995,0.0,MLP,mlp_prediction.csv,6,17.662115625,17.662115625
87309e028ffffff,0,False,0.0,31.306718352533736,119.72251818413874,2.9020226,MLP,mlp_prediction.csv,6,0.8609845466666667,2.041038053333333
87309e029ffffff,0,False,0.0,31.307448731991375,119.74447010917218,0.46021423,MLP,mlp_prediction.csv,6,1.238156505,0.777942275
87309e02affffff,1,True,0.008771929824561403,31.289343168280702,119.71507408333376,0.30635637,MLP,mlp_prediction.csv,6,2.602425895,2.296069525
87309e02bffffff,3,True,0.02631578947368421,31.29007762098965,119.7370266618218,3.1361442,MLP,mlp_prediction.csv,6,0.79003485,2.34610935
87309e02cffffff,1,True,0.008771929824561403,31.323357129232466,119.70800486241069,0.37681803,MLP,mlp_prediction.csv,6,0.724295095,0.347477065
87309e02dffffff,0,False,0.0,31.324087397571486,119.72996258359358,0.46021423,MLP,mlp_prediction.csv,6,2.0610277583333336,1.6008135283333336
87309e02effffff,1,True,0.008771929824561403,31.30598401155059,119.70055981081373,0.42616022,MLP,mlp_prediction.csv,6,1.3325110583333333,0.9063508383333333
87309e030ffffff,4,True,0.03508771929824561,31.28636570689912,119.62719934389479,8.2716055,MLP,mlp_prediction.csv,6,72.57515109,64.30354559
87309e031ffffff,4,True,0.03508771929824561,31.287116026312113,119.64917768532996,0.0,MLP,mlp_prediction.csv,6,69.56258781666666,69.56258781666666
87309e032ffffff,9,True,0.07894736842105263,31.268968084885945,119.61975295266791,100.81586,MLP,mlp_prediction.csv,6,85.70377601333333,15.112083986666676
87309e033ffffff,18,True,0.15789473684210525,31.26972247956095,119.64173193823395,293.809,MLP,mlp_prediction.csv,6,54.99314525,238.81585475000003
87309e034ffffff,3,True,0.02631578947368421,31.303006967449054,119.61266190697448,6.7516084,MLP,mlp_prediction.csv,6,7.581358715,0.8297503150000001
87309e035ffffff,5,True,0.043859649122807015,31.303757186987706,119.63464603725322,33.095062,MLP,mlp_prediction.csv,6,3.3928603,29.7022017
87309e036ffffff,0,False,0.0,31.285611412706388,119.60521457080657,0.97937614,MLP,mlp_prediction.csv,6,35.504468081666666,34.525091941666666
87309e040ffffff,21,True,0.18421052631578946,31.276333688910285,119.83925288164927,116.05818,MLP,mlp_prediction.csv,6,245.21921816666668,129.16103816666669
87309e041ffffff,9,True,0.07894736842105263,31.27704851135072,119.86116737311477,37.437206,MLP,mlp_prediction.csv,6,180.03774483333333,142.60053883333333
87309e042ffffff,24,True,0.21052631578947367,31.258970674648282,119.83181332162233,406.04596,MLP,mlp_prediction.csv,6,238.95676000000003,167.08919999999995
87309e043ffffff,28,True,0.24561403508771928,31.259689570384623,119.85372847761596,668.93933,MLP,mlp_prediction.csv,6,179.54982099999998,489.3895090000001
87309e044ffffff,7,True,0.06140350877192982,31.29297587864782,119.82477244215505,50.137783,MLP,mlp_prediction.csv,6,72.12479673333334,21.98701373333334
87309e045ffffff,12,True,0.10526315789473684,31.293690571012924,119.84669273593269,130.56853,MLP,mlp_prediction.csv,6,40.57763591666667,89.99089408333333
87309e046ffffff,16,True,0.14035087719298245,31.275614923854693,119.81733192464415,178.1865,MLP,mlp_prediction.csv,6,103.80854749999999,74.3779525
87309e048ffffff,10,True,0.08771929824561403,31.261115546120674,119.8975393851172,161.9879,MLP,mlp_prediction.csv,6,40.93273966,121.05516033999999
87309e049ffffff,0,False,0.0,31.26182263262181,119.91943512955102,0.46021423,MLP,mlp_prediction.csv,6,40.176105673333325,39.71589144333333
87309e04affffff,8,True,0.07017543859649122,31.243758622234452,119.89010211705896,38.11476,MLP,mlp_prediction.csv,6,54.24360362166666,16.12884362166666
87309e04bffffff,0,False,0.0,31.24446978203705,119.9119985315272,0.46386173,MLP,mlp_prediction.csv,6,33.58055044833333,33.11668871833333
87309e04cffffff,6,True,0.05263157894736842,31.277759394427196,119.88307539549179,25.020102,MLP,mlp_prediction.csv,6,71.70727633333334,46.68717433333334
87309e04dffffff,9,True,0.07894736842105263,31.278466341392207,119.90497694524113,77.35166,MLP,mlp_prediction.csv,6,38.16520151333333,39.186458486666666
87309e04effffff,11,True,0.09649122807017543,31.260404526458736,119.87563716662817,104.18584,MLP,mlp_prediction.csv,6,160.70156799999998,56.51572799999998
87309e050ffffff,8,True,0.07017543859649122,31.2408746159241,119.80245177505209,68.428154,MLP,mlp_prediction.csv,6,43.43221424,24.995939760000006
87309e051ffffff,11,True,0.09649122807017543,31.241601529061885,119.8243740560853,58.717175,MLP,mlp_prediction.csv,6,150.07351007333332,91.35633507333333
87309e052ffffff,10,True,0.08771929824561403,31.22349526446706,119.7950121434376,109.2349,MLP,mlp_prediction.csv,6,15.146603615000002,94.08829638499999
87309e053ffffff,1,True,0.008771929824561403,31.22422625299171,119.81693508527152,0.15293844,MLP,mlp_prediction.csv,6,42.299106566666666,42.146168126666666
87309e054ffffff,7,True,0.06140350877192982,31.257521051195305,119.78796362290615,42.570183,MLP,mlp_prediction.csv,6,23.022757116666668,19.547425883333332
87309e055ffffff,9,True,0.07894736842105263,31.25824783600098,119.80989170219873,30.977745,MLP,mlp_prediction.csv,6,128.3007365,97.3229915
87309e056ffffff,5,True,0.043859649122807015,31.24014375633681,119.78052303626251,18.940344,MLP,mlp_prediction.csv,6,36.81597514999999,17.875631149999993
87309e058ffffff,6,True,0.05263157894736842,31.22567640279713,119.86076158775425,30.893995,MLP,mlp_prediction.csv,6,78.46879937166666,47.57480437166666
87309e059ffffff,3,True,0.02631578947368421,31.22639557056689,119.88266514129975,26.11391,MLP,mlp_prediction.csv,6,22.712019666666666,3.401890333333334
87309e05affffff,0,False,0.0,31.208303148781194,119.85332423821066,0.46021423,MLP,mlp_prediction.csv,6,12.342240256666665,11.882026026666665
87309e05bffffff,5,True,0.043859649122807015,31.209026391957,119.87522845807295,16.692299,MLP,mlp_prediction.csv,6,14.486187371666668,2.20611162833333
87309e05cffffff,17,True,0.14912280701754385,31.24232449899512,119.84628987579856,380.86163,MLP,mlp_prediction.csv,6,201.8802005,178.9814295
87309e05dffffff,8,True,0.07017543859649122,31.243043528970116,119.86819923063787,32.71011,MLP,mlp_prediction.csv,6,208.18491083333333,175.47480083333335
87309e05effffff,3,True,0.02631578947368421,31.224953298020456,119.83885156789592,13.974633,MLP,mlp_prediction.csv,6,78.57428327833334,64.59965027833334
87309e060ffffff,2,True,0.017543859649122806,31.326968891061917,119.81772892822886,26.476664,MLP,mlp_prediction.csv,6,84.03760506666666,57.56094106666666
87309e061ffffff,3,True,0.02631578947368421,31.32767938573095,119.83965436143957,0.0,MLP,mlp_prediction.csv,6,55.03890225,55.03890225
87309e062ffffff,3,True,0.02631578947368421,31.309616133698732,119.81028715855275,4.1604004,MLP,mlp_prediction.csv,6,24.724087833333332,20.56368743333333
87309e063ffffff,8,True,0.07017543859649122,31.31033069954861,119.83221325449803,0.0,MLP,mlp_prediction.csv,6,35.95358948333334,35.95358948333334
87309e064ffffff,31,True,0.2719298245614035,31.343605139657743,119.8032397565454,167.98288,MLP,mlp_prediction.csv,6,211.46875733333331,43.48587733333332
87309e065ffffff,22,True,0.19298245614035087,31.34431551197989,119.82517099307945,264.12744,MLP,mlp_prediction.csv,6,274.53417566666667,10.406735666666691
87309e066ffffff,9,True,0.07894736842105263,31.326254448165365,119.7957970302638,67.95491,MLP,mlp_prediction.csv,6,33.103324066666666,34.85158593333333
87309e068ffffff,3,True,0.02631578947368421,31.31174799868819,119.87604604422287,0.0,MLP,mlp_prediction.csv,6,33.03429539166667,33.03429539166667
87309e069ffffff,3,True,0.02631578947368421,31.31245073848872,119.89795273090517,0.06566085,MLP,mlp_prediction.csv,6,46.28389983333333,46.21823898333333
87309e06affffff,5,True,0.043859649122807015,31.294401321060885,119.86860656206154,35.454487,MLP,mlp_prediction.csv,6,35.20509375,0.24939324999999712
87309e06bffffff,2,True,0.017543859649122806,31.295108132045378,119.8905139169953,13.826565,MLP,mlp_prediction.csv,6,27.54259230833333,13.716027308333329
87309e06cffffff,3,True,0.02631578947368421,31.328385935428344,119.8615733263353,0.0,MLP,mlp_prediction.csv,6,30.685034916666666,30.685034916666666
87309e06dffffff,13,True,0.11403508771929824,31.329088543411288,119.88348581936518,144.4809,MLP,mlp_prediction.csv,6,0.05680354166666667,144.42409645833334
87309e06effffff,4,True,0.03508771929824561,31.311041320126854,119.85413288423922,4.3781595,MLP,mlp_prediction.csv,6,27.670502833333334,23.292343333333335
87309e070ffffff,0,False,0.0,31.29153465395828,119.78091246588711,2.0999303,MLP,mlp_prediction.csv,6,3.8938450049999993,1.7939147049999993
87309e071ffffff,5,True,0.043859649122807015,31.292257240713276,119.80284568428465,3.77517,MLP,mlp_prediction.csv,6,41.74017678333333,37.96500678333333
87309e072ffffff,1,True,0.008771929824561403,31.27416555289989,119.77347062825895,3.2712388,MLP,mlp_prediction.csv,6,10.261551916666667,6.990313116666667
87309e073ffffff,4,True,0.03508771929824561,31.274892212934084,119.79540450565798,15.856447,MLP,mlp_prediction.csv,6,43.48012785,27.623680850000003
87309e074ffffff,0,False,0.0,31.30817515317156,119.76641558231219,0.46021423,MLP,mlp_prediction.csv,6,0.5050813833333333,0.0448671533333333
87309e075ffffff,0,False,0.0,31.308897619323755,119.78835459996654,0.0,MLP,mlp_prediction.csv,6,13.075104155,13.075104155
87309e076ffffff,1,True,0.008771929824561403,31.29080811513319,119.75897279053783,0.0,MLP,mlp_prediction.csv,6,1.6346465099999998,1.6346465099999998
87309e080ffffff,1,True,0.008771929824561403,31.14934974962239,119.6335678501855,0.471921,MLP,mlp_prediction.csv,4,1.7993119825,1.3273909824999999
87309e082ffffff,0,False,0.0,31.13191526937002,119.62612580369345,0.46021423,MLP,mlp_prediction.csv,3,3.274859166666667,2.814644936666667
87309e084ffffff,1,True,0.008771929824561403,31.16600717649517,119.61904020932923,0.2971397,MLP,mlp_prediction.csv,6,1.2286715383333333,0.9315318383333333
87309e085ffffff,1,True,0.008771929824561403,31.16677809753675,119.64101019823643,3.219947,MLP,mlp_prediction.csv,5,0.429940678,2.790006322
87309e086ffffff,0,False,0.0,31.148574747725384,119.61159721856829,3.219947,MLP,mlp_prediction.csv,6,1.25545745,1.96448955
87309e090ffffff,1,True,0.008771929824561403,31.113691491460784,119.59671214439084,0.032788545,MLP,mlp_prediction.csv,3,3.257932443333333,3.225143898333333
87309e094ffffff,0,False,0.0,31.130353131406647,119.5821768369123,3.1808736,MLP,mlp_prediction.csv,5,1.451337355,1.729536245
87309e095ffffff,1,True,0.008771929824561403,31.131136185749174,119.60415453017794,6.1327095,MLP,mlp_prediction.csv,5,1.412916729,4.719792771
87309e096ffffff,0,False,0.0,31.112904354270555,119.57473381217156,0.46021423,MLP,mlp_prediction.csv,2,1.6068310725,1.1466168424999998
87309e0a0ffffff,1,True,0.008771929824561403,31.200086899254174,119.61195196770073,3.1808736,MLP,mlp_prediction.csv,6,0.24524480166666665,2.935628798333333
87309e0a1ffffff,2,True,0.017543859649122806,31.200853630867094,119.63392709703146,0.0,MLP,mlp_prediction.csv,6,5.797051606666666,5.797051606666666
87309e0a2ffffff,2,True,0.017543859649122806,31.182662660178817,119.60450773069532,0.0,MLP,mlp_prediction.csv,6,25.998262555,25.998262555
87309e0a3ffffff,0,False,0.0,31.183433471170012,119.6264835022279,0.46021423,MLP,mlp_prediction.csv,6,1.1930290883333334,0.7328148583333334
87309e0a4ffffff,1,True,0.008771929824561403,31.216738375863557,119.59741559410753,0.0,MLP,mlp_prediction.csv,6,0.8564925966666667,0.8564925966666667
87309e0a5ffffff,1,True,0.008771929824561403,31.217505001601115,119.61939650719027,0.34940678,MLP,mlp_prediction.csv,6,7.477146866666666,7.127740086666666
87309e0a6ffffff,4,True,0.03508771929824561,31.199316194745062,119.58997041373762,0.6618478,MLP,mlp_prediction.csv,6,25.900680765,25.238832965
87309e0a8ffffff,0,False,0.0,31.184963186577757,119.67041576321316,0.6764336,MLP,mlp_prediction.csv,6,0.6298978183333332,0.04653578166666672
87309e0a9ffffff,0,False,0.0,31.18572209745157,119.69237224539765,0.46021423,MLP,mlp_prediction.csv,6,1.0438046083333334,0.5835903783333334
87309e0aaffffff,0,False,0.0,31.167545051604787,119.6629737594871,0.46021423,MLP,mlp_prediction.csv,4,1.2063571224999998,0.7461428924999998
87309e0abffffff,0,False,0.0,31.16830804192613,119.68493088944943,0.46883366,MLP,mlp_prediction.csv,4,1.25102269,0.7821890300000001
87309e0acffffff,3,True,0.02631578947368421,31.201616392812856,119.65589579808375,1.4131728,MLP,mlp_prediction.csv,6,5.095302265,3.682129465
87309e0adffffff,1,True,0.008771929824561403,31.20237518832187,119.67785806722114,0.51673776,MLP,mlp_prediction.csv,6,3.1776364766666654,2.660898716666665
87309e0aeffffff,0,False,0.0,31.184200312227013,119.6484528476135,0.46021423,MLP,mlp_prediction.csv,6,1.0383303099999999,0.5781160799999998
87309e0b0ffffff,0,False,0.0,31.16445342059112,119.57508096312061,0.05661568,MLP,mlp_prediction.csv,6,25.76780546666667,25.71118978666667
87309e0b1ffffff,3,True,0.02631578947368421,31.165232285254632,119.5970637964069,0.0,MLP,mlp_prediction.csv,6,25.855660441666668,25.855660441666668
87309e0b2ffffff,0,False,0.0,31.14701282932548,119.56763669333915,0.46021423,MLP,mlp_prediction.csv,4,1.0035553125,0.5433410825
87309e0b3ffffff,2,True,0.017543859649122806,31.147795775366916,119.58962016506831,0.17076027,MLP,mlp_prediction.csv,6,2.1750600016666666,2.0042997316666664
87309e0b4ffffff,4,True,0.03508771929824561,31.181109115489175,119.56053692379335,1.9803866,MLP,mlp_prediction.csv,4,38.041862142499994,36.06147554249999
87309e0b5ffffff,14,True,0.12280701754385964,31.181887876026906,119.58252553666438,151.3895,MLP,mlp_prediction.csv,6,0.46903521166666673,150.92046478833333
87309e0b6ffffff,0,False,0.0,31.163670579282048,119.5530917131312,0.6059717,MLP,mlp_prediction.csv,4,0.7393576850000001,0.1333859850000001
87309e0c1ffffff,0,False,0.0,31.1554072152313,119.80910128009788,0.46021423,MLP,mlp_prediction.csv,2,0.5653828999999999,0.10516866999999991
87309e0c5ffffff,0,False,0.0,31.172063650369346,119.79461994350193,0.5758671,MLP,mlp_prediction.csv,4,0.43100559,0.14486150999999997
87309e0e0ffffff,5,True,0.043859649122807015,31.205370770648063,119.76564275223268,10.351807,MLP,mlp_prediction.csv,6,1.3677237325,8.9840832675
87309e0e1ffffff,2,True,0.017543859649122806,31.20610978247857,119.78757280758848,0.27815485,MLP,mlp_prediction.csv,6,20.562607805,20.284452955
87309e0e2ffffff,3,True,0.02631578947368421,31.187975081525696,119.7582030553129,0.053816885,MLP,mlp_prediction.csv,4,4.556544415,4.5027275300000005
87309e0e3ffffff,0,False,0.0,31.18871817081295,119.78013376773788,0.46883366,MLP,mlp_prediction.csv,5,2.2999443210000003,1.8311106610000003
87309e0e4ffffff,4,True,0.03508771929824561,31.222021443961413,119.75114689641535,0.0,MLP,mlp_prediction.csv,6,3.0362597050000004,3.0362597050000004
87309e0e5ffffff,5,True,0.043859649122807015,31.222760329204014,119.77308274596028,0.0,MLP,mlp_prediction.csv,6,23.134200975,23.134200975
87309e0e6ffffff,3,True,0.02631578947368421,31.204627808553784,119.74370624692521,7.405537,MLP,mlp_prediction.csv,6,1.8119866508333333,5.593550349166667
87309e0e8ffffff,0,False,0.0,31.190192510696534,119.82397583476796,0.46021423,MLP,mlp_prediction.csv,6,0.8732804399999999,0.41306620999999993
87309e0e9ffffff,1,True,0.008771929824561403,31.19092376776938,119.84588718224036,0.54471654,MLP,mlp_prediction.csv,6,2.2981091533333333,1.7533926133333333
87309e0eaffffff,0,False,0.0,31.172802926051922,119.81653841000913,0.5548987,MLP,mlp_prediction.csv,5,0.439317112,0.11558158799999996
87309e0ebffffff,0,False,0.0,31.173538260614336,119.83845042007653,0.46021423,MLP,mlp_prediction.csv,4,0.505010925,0.044796695
87309e0ecffffff,4,True,0.03508771929824561,31.206844847284025,119.80949640941422,3.0800304,MLP,mlp_prediction.csv,6,18.45433838166667,15.37430798166667
87309e0edffffff,1,True,0.008771929824561403,31.20757596830445,119.83141355414132,0.359747,MLP,mlp_prediction.csv,6,3.1121244733333335,2.7523774733333335
87309e0eeffffff,1,True,0.008771929824561403,31.189457312790704,119.80205802874664,0.24007577,MLP,mlp_prediction.csv,6,0.9029998233333334,0.6629240533333334
87309e0f4ffffff,5,True,0.043859649122807015,31.18647704807918,119.71432229054743,0.7333797,MLP,mlp_prediction.csv,5,0.958790636,0.22541093600000006
87309e0f5ffffff,4,True,0.03508771929824561,31.187228041692734,119.73626589505255,0.0,MLP,mlp_prediction.csv,4,2.16475740125,2.16475740125
87309e0f6ffffff,2,True,0.017543859649122806,31.169067071729035,119.70688158450136,3.4072287,MLP,mlp_prediction.csv,3,0.55414253,2.85308617
87309e100ffffff,6,True,0.05263157894736842,31.387679119708803,119.5839217814372,5.6970706,MLP,mlp_prediction.csv,6,1.8647807143333335,3.8322898856666665
87309e101ffffff,2,True,0.017543859649122806,31.388420918074317,119.60592199695967,0.23263893,MLP,mlp_prediction.csv,6,2.487193665,2.254554735
87309e102ffffff,0,False,0.0,31.37030207930795,119.57647100623588,0.3288723,MLP,mlp_prediction.csv,6,12.146903438333332,11.818031138333332
87309e103ffffff,0,False,0.0,31.37104794873038,119.5984718622226,0.7232176,MLP,mlp_prediction.csv,6,1.5554837225000002,0.8322661225000002
87309e104ffffff,0,False,0.0,31.40430829559534,119.56936685439803,0.079835266,MLP,mlp_prediction.csv,6,5.895054898333334,5.815219632333334
87309e105ffffff,1,True,0.008771929824561403,31.405050009612268,119.59137286062557,0.16679719,MLP,mlp_prediction.csv,6,8.815194665999998,8.648397475999998
87309e106ffffff,5,True,0.043859649122807015,31.38693333524492,119.56191513607266,9.657323,MLP,mlp_prediction.csv,6,3.0816057709999995,6.575717229
87309e108ffffff,4,True,0.03508771929824561,31.372527741438407,119.64245427642805,1.4915887,MLP,mlp_prediction.csv,6,14.970733619999999,13.47914492
87309e109ffffff,1,True,0.008771929824561403,31.373261671222036,119.66443582733717,0.24717322,MLP,mlp_prediction.csv,6,23.058319888333333,22.811146668333333
87309e10affffff,3,True,0.02631578947368421,31.35515676636641,119.63500573081397,8.021483,MLP,mlp_prediction.csv,6,12.0814904925,4.0600074925000005
87309e10bffffff,1,True,0.008771929824561403,31.35589476725472,119.65698792778531,2.7508001,MLP,mlp_prediction.csv,6,12.156179049999999,9.40537895
87309e10cffffff,2,True,0.017543859649122806,31.389158733590865,119.62791577897312,4.337466,MLP,mlp_prediction.csv,6,14.595113138333334,10.257647138333333
87309e10dffffff,12,True,0.10526315789473684,31.389892569509204,119.64990312382035,73.886246,MLP,mlp_prediction.csv,6,30.65369942,43.232546580000005
87309e10effffff,0,False,0.0,31.371789835024437,119.62046628683987,0.5812334,MLP,mlp_prediction.csv,6,2.4880051891666666,1.9067717891666667
87309e110ffffff,0,False,0.0,31.35216496122327,119.54701261406116,3.1808736,MLP,mlp_prediction.csv,6,9.836508658333331,6.655635058333331
87309e111ffffff,4,True,0.03508771929824561,31.352918889239156,119.56902053525499,53.972145,MLP,mlp_prediction.csv,6,1.1336040933333333,52.838540906666665
87309e112ffffff,1,True,0.008771929824561403,31.33477154922135,119.53956181084165,0.48539066,MLP,mlp_prediction.csv,5,23.104605592,22.619214932
87309e113ffffff,0,False,0.0,31.335529550337423,119.56157036872783,0.46021423,MLP,mlp_prediction.csv,6,28.60378704333333,28.143572813333332
87309e114ffffff,0,False,0.0,31.368798378091924,119.53245001484179,0.46021423,MLP,mlp_prediction.csv,4,1.820543915,1.360329685
87309e115ffffff,0,False,0.0,31.369552223510293,119.55446372254923,0.46021423,MLP,mlp_prediction.csv,6,11.343273726666668,10.883059496666668
87309e116ffffff,1,True,0.008771929824561403,31.351407043314524,119.52499827099156,3.1808736,MLP,mlp_prediction.csv,3,1.37549283,1.80538077
87309e118ffffff,1,True,0.008771929824561403,31.337033595044616,119.60556821058236,0.0,MLP,mlp_prediction.csv,6,12.087180100833331,12.087180100833331
87309e119ffffff,7,True,0.06140350877192982,31.337779645120946,119.62755748721143,67.2109,MLP,mlp_prediction.csv,6,1.8824995425,65.3284004575
87309e11affffff,2,True,0.017543859649122806,31.319646255297283,119.59811962692474,0.0,MLP,mlp_prediction.csv,6,2.6028616749999998,2.6028616749999998
87309e11bffffff,0,False,0.0,31.320396378535484,119.62010954585384,2.8190935,MLP,mlp_prediction.csv,6,17.8429284,15.0238349
87309e11cffffff,2,True,0.017543859649122806,31.353668830605134,119.59102203089144,2.3714502,MLP,mlp_prediction.csv,6,9.190978634166667,6.819528434166667
87309e11dffffff,1,True,0.008771929824561403,31.354414788565617,119.6130170972985,0.121636905,MLP,mlp_prediction.csv,6,13.151380699999999,13.029743794999998
87309e11effffff,1,True,0.008771929824561403,31.33628356453121,119.58357250319955,0.0,MLP,mlp_prediction.csv,6,10.421210404999998,10.421210404999998
87309e121ffffff,0,False,0.0,31.439039758844448,119.5842712045211,0.46021423,MLP,mlp_prediction.csv,4,12.416947500000001,11.95673327
87309e122ffffff,0,False,0.0,31.420935470485407,119.55480708056291,0.5608946,MLP,mlp_prediction.csv,3,6.456026422000001,5.895131822000001
87309e123ffffff,3,True,0.02631578947368421,31.42167710373535,119.57681887729203,7.824816,MLP,mlp_prediction.csv,5,7.3814342572000005,0.44338174279999976
87309e128ffffff,2,True,0.017543859649122806,31.423148407116077,119.62082317571792,20.095713,MLP,mlp_prediction.csv,6,9.132685619999998,10.963027380000002
87309e129ffffff,0,False,0.0,31.423878083754065,119.64281567008128,0.36912602,MLP,mlp_prediction.csv,6,23.41240696,23.04328094
87309e12affffff,2,True,0.017543859649122806,31.40578773780998,119.61337243486926,3.4173772,MLP,mlp_prediction.csv,6,11.40560662,7.988229420000001
87309e12bffffff,2,True,0.017543859649122806,31.406521483440375,119.63536557346472,7.9615946,MLP,mlp_prediction.csv,6,35.337523036666674,27.375928436666676
87309e12cffffff,3,True,0.02631578947368421,31.439773334637724,119.60627593002965,5.731623,MLP,mlp_prediction.csv,6,9.800742559999998,4.069119559999998
87309e12dffffff,1,True,0.008771929824561403,31.44050292517686,119.6282742192721,1.6769629,MLP,mlp_prediction.csv,6,4.582622033333332,2.9056591333333324
87309e12effffff,5,True,0.043859649122807015,31.42241474819461,119.59882424356756,35.63943,MLP,mlp_prediction.csv,6,6.28275677,29.35667323
87309e131ffffff,2,True,0.017543859649122806,31.403562592508802,119.54735441986081,11.463428,MLP,mlp_prediction.csv,4,2.6895667739999998,8.773861226000001
87309e133ffffff,1,True,0.008771929824561403,31.386183561434773,119.53990206454263,0.46021423,MLP,mlp_prediction.csv,4,5.5102948650000005,5.0500806350000005
87309e140ffffff,0,False,0.0,31.39278818226483,119.73778805874407,0.46021423,MLP,mlp_prediction.csv,6,13.39885942166667,12.93864519166667
87309e141ffffff,4,True,0.03508771929824561,31.393502169002385,119.75974316324285,1.9653803,MLP,mlp_prediction.csv,6,22.399593514999996,20.434213214999996
87309e142ffffff,4,True,0.03508771929824561,31.37543963330846,119.73034181163585,7.9359694,MLP,mlp_prediction.csv,6,10.984476643333332,3.048507243333332
87309e143ffffff,11,True,0.09649122807017543,31.37615768909529,119.75229757152306,59.119427,MLP,mlp_prediction.csv,6,12.667566965,46.451860035
87309e144ffffff,3,True,0.02631578947368421,31.409416705374383,119.72327369841722,4.020791,MLP,mlp_prediction.csv,6,7.801940051666667,3.7811490516666666
87309e145ffffff,4,True,0.03508771929824561,31.41013058699456,119.74523460414625,6.8913746,MLP,mlp_prediction.csv,6,5.078651388333334,1.8127232116666656
87309e146ffffff,0,False,0.0,31.392070232203714,119.71582649893898,0.46021423,MLP,mlp_prediction.csv,6,9.420000338333333,8.959786108333333
87309e148ffffff,15,True,0.13157894736842105,31.377581922843326,119.79618971735576,39.11247,MLP,mlp_prediction.csv,6,426.35600531,387.24353530999997
87309e149ffffff,29,True,0.2543859649122807,31.37828810732172,119.8181260961275,950.67236,MLP,mlp_prediction.csv,6,404.13272666666666,546.5396333333333
87309e14affffff,18,True,0.15789473684210525,31.360239439441884,119.78874573886995,100.62407,MLP,mlp_prediction.csv,6,180.39477464333334,79.77070464333333
87309e14bffffff,30,True,0.2631578947368421,31.360949692981233,119.81068277857783,809.62946,MLP,mlp_prediction.csv,6,355.06402,454.56543999999997
87309e14cffffff,11,True,0.09649122807017543,31.39421219567544,119.7816918088364,65.783424,MLP,mlp_prediction.csv,6,126.23330859333335,60.44988459333335
87309e14dffffff,16,True,0.14035087719298245,31.39491826554432,119.80363399193554,631.21716,MLP,mlp_prediction.csv,6,227.95684366666669,403.2603163333333
87309e14effffff,2,True,0.017543859649122806,31.376871784520937,119.77424687462694,0.20955786,MLP,mlp_prediction.csv,6,55.33984188333334,55.130284023333346
87309e150ffffff,5,True,0.043859649122807015,31.357358851289792,119.70093299753414,8.48526,MLP,mlp_prediction.csv,6,1.0634549416666665,7.421805058333334
87309e151ffffff,3,True,0.02631578947368421,31.358084940937953,119.72289586305523,0.0,MLP,mlp_prediction.csv,6,5.074166953333333,5.074166953333333
87309e152ffffff,5,True,0.043859649122807015,31.339993945181956,119.69348669607464,0.0,MLP,mlp_prediction.csv,6,12.043916180000002,12.043916180000002
87309e153ffffff,0,False,0.0,31.340724105971386,119.71545021323567,0.25760472,MLP,mlp_prediction.csv,6,2.870242576666667,2.612637856666667
87309e154ffffff,2,True,0.017543859649122806,31.37399162762636,119.68641093592693,0.0,MLP,mlp_prediction.csv,6,12.470120358333332,12.470120358333332
87309e155ffffff,4,True,0.03508771929824561,31.374717613903897,119.70837959856676,5.8670044,MLP,mlp_prediction.csv,6,2.813573938333333,3.0534304616666668
87309e156ffffff,2,True,0.017543859649122806,31.356628794479185,119.67896368456972,0.25612053,MLP,mlp_prediction.csv,6,12.345193053333333,12.089072523333332
87309e158ffffff,2,True,0.017543859649122806,31.342172538203485,119.75935789715587,0.0,MLP,mlp_prediction.csv,6,12.300631161666667,12.300631161666667
87309e159ffffff,8,True,0.07017543859649122,31.342890816150845,119.78130205671172,0.0,MLP,mlp_prediction.csv,6,66.99935666666667,66.99935666666667
87309e15affffff,0,False,0.0,31.324813704672714,119.75191385436135,0.47034377,MLP,mlp_prediction.csv,6,1.5466343150000001,1.0762905450000002
87309e15bffffff,2,True,0.017543859649122806,31.325536053786696,119.77385867111461,0.0,MLP,mlp_prediction.csv,6,11.480911333333333,11.480911333333333
87309e15cffffff,6,True,0.05263157894736842,31.35880706667637,119.7448522775192,0.0,MLP,mlp_prediction.csv,6,23.398139933333336,23.398139933333336
87309e15dffffff,5,True,0.043859649122807015,31.359525231759214,119.76680223732224,65.43428,MLP,mlp_prediction.csv,6,26.658842476666663,38.77543752333334
87309e15effffff,3,True,0.02631578947368421,31.341450302561338,119.7374072814649,7.8991632,MLP,mlp_prediction.csv,6,0.19802712,7.70113608
87309e160ffffff,1,True,0.008771929824561403,31.443381499948785,119.7162029405405,2.7508001,MLP,mlp_prediction.csv,6,11.611014591666667,8.860214491666667
87309e161ffffff,1,True,0.008771929824561403,31.444091213096907,119.73816899375723,3.581952,MLP,mlp_prediction.csv,6,25.778229050000004,22.196277050000003
87309e162ffffff,3,True,0.02631578947368421,31.42604325253145,119.70875448997658,0.09937185,MLP,mlp_prediction.csv,6,17.493277793999997,17.393905943999997
87309e163ffffff,1,True,0.008771929824561403,31.42675703260667,119.73072119676785,0.6644424,MLP,mlp_prediction.csv,6,6.461967758333334,5.797525358333335
87309e164ffffff,3,True,0.02631578947368421,31.460003983131887,119.7016798348991,5.807016,MLP,mlp_prediction.csv,6,11.599160040000001,5.792144040000001
87309e165ffffff,1,True,0.008771929824561403,31.460713598918545,119.72365169032199,0.3288723,MLP,mlp_prediction.csv,6,5.274173516666667,4.945301216666667
87309e166ffffff,5,True,0.043859649122807015,31.44266781784435,119.69423043285835,59.184433,MLP,mlp_prediction.csv,6,1.567739009,57.616693991
87309e168ffffff,1,True,0.008771929824561403,31.428172698046517,119.77463523889567,0.16694546,MLP,mlp_prediction.csv,6,39.3167649,39.14981944
87309e169ffffff,1,True,0.008771929824561403,31.42887458993763,119.79658256703483,0.0,MLP,mlp_prediction.csv,6,15.79455541,15.79455541
87309e16affffff,5,True,0.043859649122807015,31.410840505587625,119.76718905244493,1.9335634,MLP,mlp_prediction.csv,6,29.866060226666665,27.932496826666664
87309e16bffffff,7,True,0.06140350877192982,31.411546464415014,119.78913703971693,82.96172,MLP,mlp_prediction.csv,6,117.09144347666667,34.12972347666667
87309e16cffffff,9,True,0.07894736842105263,31.444796960552384,119.76012858889781,121.38669,MLP,mlp_prediction.csv,6,9.704298493333333,111.68239150666668
87309e16dffffff,3,True,0.02631578947368421,31.44549874558025,119.78208172236131,8.191099,MLP,mlp_prediction.csv,6,23.655111359999996,15.464012359999996
87309e16effffff,5,True,0.043859649122807015,31.427466846690823,119.75268144760872,21.427517,MLP,mlp_prediction.csv,6,22.437494643333334,1.0099776433333325
87309e170ffffff,3,True,0.02631578947368421,31.407977040013524,119.67933252910213,0.0,MLP,mlp_prediction.csv,6,34.75637723733333,34.75637723733333
87309e171ffffff,6,True,0.05263157894736842,31.40869885746698,119.70130633886394,38.236023,MLP,mlp_prediction.csv,6,0.7805923906666666,37.455430609333334
87309e172ffffff,12,True,0.10526315789473684,31.39062242908153,119.67188402785395,59.965164,MLP,mlp_prediction.csv,6,30.675438203333332,29.28972579666667
87309e173ffffff,3,True,0.02631578947368421,31.391348315561398,119.69385848743616,0.0,MLP,mlp_prediction.csv,6,17.421400938333335,17.421400938333335
87309e174ffffff,0,False,0.0,31.42460378136432,119.66480172300545,0.31468916,MLP,mlp_prediction.csv,6,18.56161773066667,18.246928570666668
87309e175ffffff,2,True,0.017543859649122806,31.425325503203958,119.68678133084812,0.103177264,MLP,mlp_prediction.csv,6,16.384406334999998,16.281229071
87309e176ffffff,8,True,0.07017543859649122,31.407251249756683,119.65735227275735,109.91921,MLP,mlp_prediction.csv,6,23.749469963333336,86.16974003666667
87309e180ffffff,2,True,0.017543859649122806,31.265910723300717,119.5317727518208,0.09937185,MLP,mlp_prediction.csv,4,3.265465525,3.1660936750000004
87309e181ffffff,3,True,0.02631578947368421,31.26668103759934,119.55377743348974,9.795197,MLP,mlp_prediction.csv,6,5.504203658333332,4.290993341666668
87309e182ffffff,0,False,0.0,31.24849065295858,119.52432411105995,0.3288723,MLP,mlp_prediction.csv,3,4.048904883333333,3.720032583333333
87309e183ffffff,2,True,0.017543859649122806,31.249265044469585,119.54632942749238,2.9377928,MLP,mlp_prediction.csv,6,5.864558941666668,2.926766141666668
87309e185ffffff,1,True,0.008771929824561403,31.283324649070266,119.53922169820106,0.0,MLP,mlp_prediction.csv,5,2.7287407075999996,2.7287407075999996
87309e188ffffff,1,True,0.008771929824561403,31.25080187565965,119.59032080753778,3.4853818,MLP,mlp_prediction.csv,6,4.57256259,1.0871807900000006
87309e189ffffff,6,True,0.05263157894736842,31.251564321801823,119.61230686380567,0.0,MLP,mlp_prediction.csv,6,54.704582640000005,54.704582640000005
87309e18affffff,3,True,0.02631578947368421,31.23338789507337,119.58287438090306,0.0,MLP,mlp_prediction.csv,6,3.3810952833333325,3.3810952833333325
87309e18bffffff,1,True,0.008771929824561403,31.234154418506026,119.60486107754122,0.2284776,MLP,mlp_prediction.csv,6,2.7283150966666665,2.4998374966666663
87309e18cffffff,2,True,0.017543859649122806,31.26744736714062,119.57577569663552,11.257802,MLP,mlp_prediction.csv,6,21.479258923333333,10.221456923333333
87309e18dffffff,1,True,0.008771929824561403,31.268209715157905,119.5977675375833,0.56665444,MLP,mlp_prediction.csv,6,35.472747489999996,34.906093049999996
87309e18effffff,2,True,0.017543859649122806,31.250035450959654,119.56832832754412,15.3824415,MLP,mlp_prediction.csv,6,4.658015766666667,10.724425733333334
87309e198ffffff,0,False,0.0,31.215193193581253,119.55343450226702,0.46021423,MLP,mlp_prediction.csv,4,2.6037954975,2.1435812675
87309e199ffffff,0,False,0.0,31.215967774266495,119.57542825791212,0.7183498,MLP,mlp_prediction.csv,6,0.28489070333333333,0.4334590966666667
87309e19bffffff,5,True,0.043859649122807015,31.19854151411216,119.56798243879796,0.11536119,MLP,mlp_prediction.csv,5,31.042059685999998,30.926698495999997
87309e19cffffff,0,False,0.0,31.231842908505858,119.53888172653313,9.10955,MLP,mlp_prediction.csv,4,1.0497000825,8.059849917500001
87309e19dffffff,0,False,0.0,31.232617392816557,119.56088126267696,0.471921,MLP,mlp_prediction.csv,6,4.768058055,4.296137055
87309e1a1ffffff,0,False,0.0,31.31737198834767,119.532111313124,0.44020653,MLP,mlp_prediction.csv,4,27.286892887,26.846686357
87309e1a3ffffff,1,True,0.008771929824561403,31.299966279451095,119.5246611211413,0.36912602,MLP,mlp_prediction.csv,3,0.15746713266666665,0.21165888733333335
87309e1a8ffffff,0,False,0.0,31.30149459189614,119.56867435966676,0.46021423,MLP,mlp_prediction.csv,6,35.66423363633333,35.20401940633333
87309e1a9ffffff,1,True,0.008771929824561403,31.30225277016512,119.59067134655893,0.32301515,MLP,mlp_prediction.csv,6,18.368786128333333,18.045770978333334
87309e1aaffffff,5,True,0.043859649122807015,31.28409088702852,119.56122574429222,3.3478138,MLP,mlp_prediction.csv,6,19.640578849666667,16.292765049666666
87309e1abffffff,8,True,0.07017543859649122,31.28485314049529,119.58322336971817,96.298065,MLP,mlp_prediction.csv,6,2.8224792933333336,93.47558570666666
87309e1acffffff,6,True,0.05263157894736842,31.3181340634435,119.55412050688767,108.26086,MLP,mlp_prediction.csv,6,1.2669455863333334,106.99391441366666
87309e1adffffff,0,False,0.0,31.318892151346912,119.57612327938025,5.723453,MLP,mlp_prediction.csv,6,18.250717268333332,12.527264268333333
87309e1aeffffff,5,True,0.043859649122807015,31.300732429403766,119.54667094996769,0.032194868,MLP,mlp_prediction.csv,6,18.813036763333333,18.78084189533333
87309e300ffffff,0,False,0.0,31.281254833232598,119.99251834751529,0.46021423,MLP,mlp_prediction.csv,6,0.46021423,0.0
87309e301ffffff,0,False,0.0,31.281942148472773,120.01438748137586,0.46021423,MLP,mlp_prediction.csv,6,0.46021423,0.0
87309e302ffffff,0,False,0.0,31.263920325693174,119.98508348334468,0.46021423,MLP,mlp_prediction.csv,6,0.46021423,0.0
87309e303ffffff,0,False,0.0,31.264611712090307,120.00695329642949,0.46021423,MLP,mlp_prediction.csv,6,0.46021423,0.0
87309e304ffffff,0,False,0.0,31.29789605046632,119.97807855419043,0.46021423,MLP,mlp_prediction.csv,6,0.46021423,0.0
87309e305ffffff,0,False,0.0,31.29858321498306,119.99995350029157,0.46021423,MLP,mlp_prediction.csv,6,0.46021423,0.0
87309e306ffffff,0,False,0.0,31.280563598162733,119.97064272347575,0.46021423,MLP,mlp_prediction.csv,6,0.46021423,0.0
87309e308ffffff,0,False,0.0,31.265982737489047,120.05067344441173,0.46021423,MLP,mlp_prediction.csv,5,0.46021422999999995,5.551115123125783e-17
87309e309ffffff,0,False,0.0,31.26666238300985,120.07252377237032,0.46021423,MLP,mlp_prediction.csv,3,0.46021423,0.0
87309e30affffff,0,False,0.0,31.248654320257433,120.04324091060299,0.46021423,MLP,mlp_prediction.csv,3,0.46021423,0.0
87309e30cffffff,0,False,0.0,31.282625547143372,120.03625012157612,0.46021423,MLP,mlp_prediction.csv,6,0.46021423,0.0
87309e30dffffff,0,False,0.0,31.283305032505787,120.05810626464437,0.46021423,MLP,mlp_prediction.csv,6,0.46021423,0.0
87309e30effffff,0,False,0.0,31.2652991816026,120.02881661794326,0.46021423,MLP,mlp_prediction.csv,6,0.46021423,0.0
87309e310ffffff,0,False,0.0,31.245880314259143,119.9557719305149,0.46021423,MLP,mlp_prediction.csv,6,0.46021423,0.0
87309e311ffffff,0,False,0.0,31.246579693182905,119.97764890801331,0.46021423,MLP,mlp_prediction.csv,6,0.46021423,0.0
87309e312ffffff,0,False,0.0,31.228529484305838,119.94833696873575,0.46021423,MLP,mlp_prediction.csv,6,0.46021423,0.0
87309e313ffffff,0,False,0.0,31.229232936525555,119.97021462175465,0.46021423,MLP,mlp_prediction.csv,5,0.46021422999999995,5.551115123125783e-17
87309e314ffffff,0,False,0.0,31.26252578921476,119.9413243964071,0.46021423,MLP,mlp_prediction.csv,6,0.43897583333333334,0.02123839666666666
87309e315ffffff,0,False,0.0,31.26322501915349,119.96320718217274,0.46021423,MLP,mlp_prediction.csv,6,0.46021423,0.0
87309e316ffffff,0,False,0.0,31.245177011628112,119.93388847051764,0.46021423,MLP,mlp_prediction.csv,6,0.46082214666666665,0.0006079166666666524
87309e318ffffff,0,False,0.0,31.230628081932878,120.01395047259678,0.46021423,MLP,mlp_prediction.csv,3,0.46021423,0.0
87309e31cffffff,0,False,0.0,31.24727515165347,119.9995193995168,0.46021423,MLP,mlp_prediction.csv,6,0.46021423,0.0
87309e31dffffff,0,False,0.0,31.247966692926127,120.02138340153896,0.46021423,MLP,mlp_prediction.csv,5,0.46021422999999995,5.551115123125783e-17
87309e31effffff,0,False,0.0,31.229932467983613,119.99208579087133,0.46021423,MLP,mlp_prediction.csv,4,0.46021423,0.0
87309e320ffffff,0,False,0.0,31.331859623388294,119.97107100214551,0.46021423,MLP,mlp_prediction.csv,6,2.8442139866666665,2.3839997566666664
87309e321ffffff,0,False,0.0,31.33254257170245,119.9929510829203,0.46021423,MLP,mlp_prediction.csv,6,0.46021423,0.0
87309e322ffffff,0,False,0.0,31.314535357905534,119.96363391585098,0.46021423,MLP,mlp_prediction.csv,6,1.3680761583333334,0.9078619283333333
87309e323ffffff,0,False,0.0,31.315222375249345,119.98551467408316,0.46021423,MLP,mlp_prediction.csv,6,0.46021423,0.0
87309e324ffffff,4,True,0.03508771929824561,31.348494953517378,119.95662248387553,9.173066,MLP,mlp_prediction.csv,6,1.3636554733333333,7.809410526666667
87309e325ffffff,0,False,0.0,31.34917775881575,119.97850837795721,0.46021423,MLP,mlp_prediction.csv,6,1.85825525,1.39804102
87309e326ffffff,5,True,0.043859649122807015,31.331172749665104,119.94918443189515,6.051361,MLP,mlp_prediction.csv,6,1.844151515,4.207209485
87309e328ffffff,0,False,0.0,31.316584645817173,120.02925671443525,0.46021423,MLP,mlp_prediction.csv,6,0.46021423,0.0
87309e329ffffff,0,False,0.0,31.317259905569895,120.05111798959305,0.46021423,MLP,mlp_prediction.csv,6,0.46021423,0.0
87309e32affffff,0,False,0.0,31.299266459985116,120.02182195412233,0.46021423,MLP,mlp_prediction.csv,6,0.46021423,0.0
87309e32bffffff,0,False,0.0,31.299945788735055,120.04368391220395,0.46021423,MLP,mlp_prediction.csv,6,0.46021423,0.0
87309e32cffffff,0,False,0.0,31.333221597872438,120.01482467072657,0.46021423,MLP,mlp_prediction.csv,6,0.46021423,0.0
87309e32dffffff,0,False,0.0,31.333896705164396,120.03669176208093,0.46021423,MLP,mlp_prediction.csv,5,0.46021422999999995,5.551115123125783e-17
87309e32effffff,0,False,0.0,31.31590547013197,120.00738894143988,0.46021423,MLP,mlp_prediction.csv,6,0.46021423,0.0
87309e330ffffff,0,False,0.0,31.296509949844864,119.93430919914037,2.7508001,MLP,mlp_prediction.csv,6,20.16089755666667,17.41009745666667
87309e331ffffff,0,False,0.0,31.29720496317361,119.95619711930733,0.46021423,MLP,mlp_prediction.csv,6,0.8179826750000001,0.3577684450000001
87309e332ffffff,0,False,0.0,31.279169355499526,119.92687201883322,0.33278385,MLP,mlp_prediction.csv,6,18.141124465000004,17.808340615000006
87309e333ffffff,0,False,0.0,31.279868440004247,119.94876061274819,0.46021423,MLP,mlp_prediction.csv,6,0.8207401450000001,0.36052591500000014
87309e334ffffff,12,True,0.10526315789473684,31.313149542785805,119.91985294075202,92.03229,MLP,mlp_prediction.csv,6,5.19191993,86.84037007
87309e335ffffff,0,False,0.0,31.313844414838094,119.94174667023887,0.31623903,MLP,mlp_prediction.csv,6,17.06834252666667,16.75210349666667
87309e336ffffff,5,True,0.043859649122807015,31.295811007221292,119.91241479719723,27.363644,MLP,mlp_prediction.csv,6,31.059959966666668,3.696315966666667
87309e370ffffff,0,False,0.0,31.301292710535012,120.08738832725271,0.46021423,MLP,mlp_prediction.csv,6,0.46021423,0.0
87309e371ffffff,0,False,0.0,31.301960310116304,120.10923077731043,0.46021423,MLP,mlp_prediction.csv,3,0.46021423,0.0
87309e372ffffff,0,False,0.0,31.283980607822645,120.07995590711853,0.46021423,MLP,mlp_prediction.csv,5,0.46021422999999995,5.551115123125783e-17
87309e373ffffff,0,False,0.0,31.284652276357804,120.10179904554616,0.46021423,MLP,mlp_prediction.csv,3,0.46021423,0.0
87309e374ffffff,0,False,0.0,31.31793125265634,120.07297276344669,0.46021423,MLP,mlp_prediction.csv,5,0.46021422999999995,5.551115123125783e-17
87309e375ffffff,0,False,0.0,31.318598690343926,120.09482103253914,0.46021423,MLP,mlp_prediction.csv,3,0.46021423,0.0
87309e376ffffff,0,False,0.0,31.300621204496675,120.06553937106723,0.46021423,MLP,mlp_prediction.csv,6,0.46021423,0.0
87309e3a0ffffff,1,True,0.008771929824561403,31.210461079383105,119.91901749102723,17.933304,MLP,mlp_prediction.csv,6,5.976593114999999,11.956710885
87309e3a1ffffff,0,False,0.0,31.21117253012534,119.94090229706872,0.46021423,MLP,mlp_prediction.csv,5,3.9548321839999985,3.4946179539999984
87309e3a2ffffff,6,True,0.05263157894736842,31.193093926398717,119.91158243789303,16.617962,MLP,mlp_prediction.csv,5,7.736878725999999,8.881083274
87309e3a3ffffff,0,False,0.0,31.19380945255503,119.93346791574714,0.46021423,MLP,mlp_prediction.csv,3,11.670493409999999,11.210279179999999
87309e3a4ffffff,0,False,0.0,31.227110804576203,119.90456222499526,0.0,MLP,mlp_prediction.csv,6,16.82450066,16.82450066
87309e3a5ffffff,0,False,0.0,31.227822108072836,119.92645283531319,0.46021423,MLP,mlp_prediction.csv,6,3.296301403333333,2.836087173333333
87309e3a6ffffff,6,True,0.05263157894736842,31.209745701075867,119.89712621018849,17.860954,MLP,mlp_prediction.csv,6,12.8929125,4.9680415
87309e3acffffff,0,False,0.0,31.211880056550463,119.9627806248022,0.46021423,MLP,mlp_prediction.csv,3,0.46021423,0.0
87309e3b0ffffff,0,False,0.0,31.17499711933117,119.88225505668387,0.0,MLP,mlp_prediction.csv,4,3.6195466575,3.6195466575
87309e3b1ffffff,0,False,0.0,31.175720649965108,119.90414767614395,2.4299214,MLP,mlp_prediction.csv,3,5.539320666666666,3.109399266666666
87309e3b4ffffff,2,True,0.017543859649122806,31.191651087249422,119.86779206761187,11.588051,MLP,mlp_prediction.csv,6,3.026240666666666,8.561810333333334
87309e3b5ffffff,2,True,0.017543859649122806,31.192374472378237,119.88969048734027,0.0,MLP,mlp_prediction.csv,6,10.864864566666666,10.864864566666666
87309e3b6ffffff,0,False,0.0,31.17426965729439,119.86035597014971,0.46021423,MLP,mlp_prediction.csv,4,3.1482454425,2.6880312125
87309e56bffffff,0,False,0.0,31.162883758106272,119.53109605010921,0.46021423,MLP,mlp_prediction.csv,1,0.6059717,0.14575747
87309e850ffffff,1,True,0.008771929824561403,31.595026635834955,119.65135580611202,0.33278385,MLP,mlp_prediction.csv,4,10.643479395,10.310695545
87309e851ffffff,4,True,0.03508771929824561,31.595723634158453,119.67335472803731,28.520226,MLP,mlp_prediction.csv,4,8.3016863825,20.2185396175
87309e852ffffff,0,False,0.0,31.577719393999196,119.64390075038263,2.0496619,MLP,mlp_prediction.csv,4,58.0130511225,55.963389222500005
87309e853ffffff,3,True,0.02631578947368421,31.57842045285509,119.66590032041132,11.865183,MLP,mlp_prediction.csv,6,46.385180291666664,34.51999729166666
87309e855ffffff,1,True,0.008771929824561403,31.61232771674377,119.6588111638386,0.13884668,MLP,mlp_prediction.csv,2,14.426504925,14.287658245
87309e85affffff,1,True,0.008771929824561403,31.562509406561514,119.70242729147027,0.09937185,MLP,mlp_prediction.csv,4,8.111378575,8.012006724999999
87309e85effffff,3,True,0.02631578947368421,31.579117528806414,119.68789343706133,20.869932,MLP,mlp_prediction.csv,4,11.852339712500001,9.017592287499998
87309e8c0ffffff,2,True,0.017543859649122806,31.509146142852973,119.6360857064072,0.44226408,MLP,mlp_prediction.csv,6,27.110827071666666,26.668562991666665
87309e8c1ffffff,2,True,0.017543859649122806,31.50985946885048,119.65808141587145,0.0,MLP,mlp_prediction.csv,6,32.726969385,32.726969385
87309e8c2ffffff,3,True,0.02631578947368421,31.49181217303518,119.62863280820078,0.4191437,MLP,mlp_prediction.csv,6,2.3305364683333334,1.9113927683333334
87309e8c3ffffff,0,False,0.0,31.492529563815136,119.65062916383165,0.46021423,MLP,mlp_prediction.csv,6,8.91933766,8.45912343
87309e8c4ffffff,5,True,0.043859649122807015,31.52576071060206,119.6215373975179,11.9186945,MLP,mlp_prediction.csv,6,26.05904216,14.14034766
87309e8c5ffffff,10,True,0.08771929824561403,31.526473956525443,119.64353890696533,144.48012,MLP,mlp_prediction.csv,6,2.1572075633333334,142.32291243666666
87309e8c6ffffff,3,True,0.02631578947368421,31.508428832758288,119.61408355211728,5.38679,MLP,mlp_prediction.csv,6,4.111023396666667,1.2757666033333335
87309e8c8ffffff,4,True,0.03508771929824561,31.49395240526384,119.6946025324369,10.704469,MLP,mlp_prediction.csv,6,71.90497113333332,61.200502133333316
87309e8c9ffffff,23,True,0.20175438596491227,31.49465786246514,119.71657953813713,370.751,MLP,mlp_prediction.csv,6,15.279091883333335,355.47190811666667
87309e8caffffff,3,True,0.02631578947368421,31.476624476267858,119.68715187928062,0.0,MLP,mlp_prediction.csv,6,12.546209636666669,12.546209636666669
87309e8cbffffff,3,True,0.02631578947368421,31.477333998269344,119.7091295367366,7.156707,MLP,mlp_prediction.csv,6,65.3048118,58.1481048
87309e8ccffffff,1,True,0.008771929824561403,31.510568814017432,119.68007067686077,0.0,MLP,mlp_prediction.csv,6,17.5002398,17.5002398
87309e8cdffffff,6,True,0.05263157894736842,31.511274181621886,119.7020534857358,2.5429018,MLP,mlp_prediction.csv,6,74.73976816666666,72.19686636666667
87309e8ceffffff,5,True,0.043859649122807015,31.4932429734695,119.67261907312432,50.979218,MLP,mlp_prediction.csv,6,1.936730535,49.042487465
87309e8d0ffffff,11,True,0.09649122807017543,31.473746606715938,119.59917677105048,113.59442,MLP,mlp_prediction.csv,6,1.932120955,111.662299045
87309e8d1ffffff,2,True,0.017543859649122806,31.474472047862044,119.6211802125799,0.0,MLP,mlp_prediction.csv,6,20.41675204666667,20.41675204666667
87309e8d2ffffff,0,False,0.0,31.456396260107724,119.5917238358518,0.471921,MLP,mlp_prediction.csv,5,24.743913432000003,24.271992432000005
87309e8d3ffffff,0,False,0.0,31.457125768129153,119.61372791977831,0.46021423,MLP,mlp_prediction.csv,6,20.301285125,19.841070895
87309e8d4ffffff,1,True,0.008771929824561403,31.49036543504316,119.58462077254138,0.7132445,MLP,mlp_prediction.csv,5,24.820073392,24.106828892000003
87309e8d5ffffff,2,True,0.017543859649122806,31.491090797865454,119.60663000988353,6.4742503,MLP,mlp_prediction.csv,6,20.03389425,13.55964395
87309e8d6ffffff,3,True,0.02631578947368421,31.47301717762937,119.57716689263835,3.4730957,MLP,mlp_prediction.csv,3,38.25986183333333,34.78676613333333
87309e8d8ffffff,2,True,0.017543859649122806,31.458572832526503,119.65771676875474,0.0,MLP,mlp_prediction.csv,6,0.5267541616666667,0.5267541616666667
87309e8d9ffffff,2,True,0.017543859649122806,31.459290395422347,119.67970152650082,0.17414784,MLP,mlp_prediction.csv,6,10.986511663333333,10.812363823333333
87309e8daffffff,1,True,0.008771929824561403,31.441228533718657,119.65026606858915,0.5062721,MLP,mlp_prediction.csv,6,0.5275804883333333,0.02130838833333326
87309e8dbffffff,1,True,0.008771929824561403,31.4419501635213,119.67225147433119,0.471921,MLP,mlp_prediction.csv,6,10.047119894,9.575198894
87309e8dcffffff,1,True,0.008771929824561403,31.47519350432801,119.64317721356262,1.2197002,MLP,mlp_prediction.csv,6,0.2779736266666667,0.9417265733333332
87309e8ddffffff,1,True,0.008771929824561403,31.47591097937558,119.66516777034437,0.45569998,MLP,mlp_prediction.csv,6,8.805546711666667,8.349846731666666
87309e8deffffff,1,True,0.008771929824561403,31.457851291182322,119.63572556529823,0.33278385,MLP,mlp_prediction.csv,6,0.6438582383333333,0.31107438833333334
87309e8e0ffffff,0,False,0.0,31.559696885220568,119.61443933197783,0.46021423,MLP,mlp_prediction.csv,3,0.3211320066666667,0.1390822233333333
87309e8e1ffffff,0,False,0.0,31.56040599200087,119.63644599688449,0.24033764,MLP,mlp_prediction.csv,5,44.541212586,44.300874946
87309e8e2ffffff,0,False,0.0,31.542373261176238,119.60698423661266,0.23378722,MLP,mlp_prediction.csv,4,4.5475500975,4.3137628775
87309e8e3ffffff,1,True,0.008771929824561403,31.54308643060997,119.62899154585159,0.48927116,MLP,mlp_prediction.csv,6,26.237694871666672,25.74842371166667
87309e8e8ffffff,2,True,0.017543859649122806,31.544500812421123,119.6729868243281,0.74417186,MLP,mlp_prediction.csv,6,44.56772394,43.82355208
87309e8e9ffffff,2,True,0.017543859649122806,31.54520203134024,119.69497478626768,0.0,MLP,mlp_prediction.csv,6,8.865662668333334,8.865662668333334
87309e8eaffffff,2,True,0.017543859649122806,31.52718321864646,119.66553396944823,0.0,MLP,mlp_prediction.csv,6,31.015359583333336,31.015359583333336
87309e8ebffffff,6,True,0.05263157894736842,31.527888500234212,119.68752258131988,40.77485,MLP,mlp_prediction.csv,6,0.54784561,40.22700439
87309e8ecffffff,16,True,0.14035087719298245,31.561111112302484,119.65844621420138,219.6139,MLP,mlp_prediction.csv,6,3.6528246733333334,215.96107532666667
87309e8edffffff,2,True,0.017543859649122806,31.561812249398027,119.68043998027714,6.924578,MLP,mlp_prediction.csv,6,42.198759785,35.274181784999996
87309e8eeffffff,2,True,0.017543859649122806,31.54379561326821,119.65099240964136,0.09301564,MLP,mlp_prediction.csv,6,60.927966776666665,60.83495113666667
87309e8f1ffffff,3,True,0.02631578947368421,31.52504347760858,119.59952944476228,5.3220205,MLP,mlp_prediction.csv,4,4.407259755,0.9147607449999997
87309e8f2ffffff,0,False,0.0,31.506982247217696,119.57005992370584,0.46883366,MLP,mlp_prediction.csv,2,0.40150589999999997,0.06732776000000001
87309e8f3ffffff,1,True,0.008771929824561403,31.50770753530116,119.59207495666057,0.0897673,MLP,mlp_prediction.csv,5,3.6730277920000005,3.5832604920000004
87309ea00ffffff,3,True,0.02631578947368421,31.51877164214965,119.9434375126645,2.6548307,MLP,mlp_prediction.csv,6,17.01431021666667,14.359479516666669
87309ea01ffffff,6,True,0.05263157894736842,31.519429534398025,119.96534261582862,0.0,MLP,mlp_prediction.csv,4,6.5387486500000005,6.5387486500000005
87309ea02ffffff,3,True,0.02631578947368421,31.50149455154849,119.93599385431081,1.2660824,MLP,mlp_prediction.csv,6,63.36115265000001,62.095070250000006
87309ea03ffffff,4,True,0.03508771929824561,31.502156504227067,119.95789963332486,1.8111039,MLP,mlp_prediction.csv,6,32.89667108333333,31.085567183333332
87309ea04ffffff,4,True,0.03508771929824561,31.535384818821655,119.92897053836286,36.135735,MLP,mlp_prediction.csv,4,16.966582525,19.169152474999997
87309ea05ffffff,3,True,0.02631578947368421,31.536042589490133,119.95088146200123,3.174778,MLP,mlp_prediction.csv,3,12.930188566666665,9.755410566666665
87309ea06ffffff,9,True,0.07894736842105263,31.51810981165898,119.92152591447056,59.698162,MLP,mlp_prediction.csv,6,9.049936633333333,50.64822536666667
87309ea08ffffff,2,True,0.017543859649122806,31.50346860700948,120.00169169852114,0.41645402,MLP,mlp_prediction.csv,3,10.345725,9.92927098
87309ea0affffff,2,True,0.017543859649122806,31.486197557015352,119.99425036281002,0.0,MLP,mlp_prediction.csv,6,6.86130252,6.86130252
87309ea0bffffff,5,True,0.043859649122807015,31.486851774065272,120.0161373233278,12.522893,MLP,mlp_prediction.csv,4,0.50695945,12.01593355
87309ea0effffff,6,True,0.05263157894736842,31.502814521619424,119.979798915897,18.514282,MLP,mlp_prediction.csv,5,0.7970638639999998,17.717218136000003
87309ea10ffffff,13,True,0.11403508771929824,31.48354136550687,119.90663754229723,102.56177,MLP,mlp_prediction.csv,6,139.498888,36.937118
87309ea11ffffff,11,True,0.09649122807017543,31.484211318443354,119.92855048717435,141.39868,MLP,mlp_prediction.csv,6,62.07141528333333,79.32726471666669
87309ea12ffffff,13,True,0.11403508771929824,31.466247928041128,119.89919379448446,21.84503,MLP,mlp_prediction.csv,6,131.87288741666666,110.02785741666665
87309ea13ffffff,8,True,0.07017543859649122,31.466921943596496,119.92110741148925,41.05846,MLP,mlp_prediction.csv,6,53.35496278333333,12.296502783333331
87309ea14ffffff,3,True,0.02631578947368421,31.500158827203293,119.89216282102986,1.7645887,MLP,mlp_prediction.csv,6,124.03600332333333,122.27141462333333
87309ea15ffffff,3,True,0.02631578947368421,31.500828660301043,119.91408158237063,1.4170693,MLP,mlp_prediction.csv,6,52.86277101666667,51.44570171666667
87309ea16ffffff,23,True,0.20175438596491227,31.482867470398112,119.88471811012614,629.5095,MLP,mlp_prediction.csv,6,23.438612950000003,606.07088705
87309ea18ffffff,1,True,0.008771929824561403,31.46825816033855,119.96491517582558,4.1975145,MLP,mlp_prediction.csv,6,39.97201346666667,35.77449896666667
87309ea19ffffff,2,True,0.017543859649122806,31.468920368082223,119.98680931612502,6.685415,MLP,mlp_prediction.csv,6,2.08168,4.603735
87309ea1affffff,0,False,0.0,31.45097077064809,119.95747374077519,0.0,MLP,mlp_prediction.csv,6,12.319091395,12.319091395
87309ea1bffffff,3,True,0.02631578947368421,31.451637040970823,119.97936855870029,5.2637944,MLP,mlp_prediction.csv,6,32.272157494999995,27.008363094999993
87309ea1cffffff,9,True,0.07894736842105263,31.48487733248652,119.95045694122945,173.18707,MLP,mlp_prediction.csv,6,33.8948637,139.2922063
87309ea1dffffff,1,True,0.008771929824561403,31.485539410916694,119.97235690094425,1.7577614,MLP,mlp_prediction.csv,6,34.06589756666667,32.30813616666667
87309ea1effffff,12,True,0.10526315789473684,31.467592019936355,119.9430145397766,52.93804,MLP,mlp_prediction.csv,6,59.97362075000001,7.035580750000008
87309ea30ffffff,0,False,0.0,31.53405745060057,119.88512921377821,0.46021423,MLP,mlp_prediction.csv,5,2.771847624,2.311633394
87309ea31ffffff,4,True,0.03508771929824561,31.53472310695345,119.90705312111183,2.3385594,MLP,mlp_prediction.csv,4,26.695363557500002,24.3568041575
87309ea32ffffff,0,False,0.0,31.516774322816826,119.87768324709477,0.24033764,MLP,mlp_prediction.csv,6,2.1741549633333332,1.9338173233333333
87309ea33ffffff,5,True,0.043859649122807015,31.51744403964223,119.8996078247698,10.487343,MLP,mlp_prediction.csv,6,10.986488545,0.4991455450000011
87309ea34ffffff,0,False,0.0,31.55066888731064,119.87064574880428,0.46021423,MLP,mlp_prediction.csv,2,0.39649904,0.06371518999999998
87309ea36ffffff,1,True,0.008771929824561403,31.53338784647936,119.86319881990171,0.33278385,MLP,mlp_prediction.csv,4,0.290191525,0.042592324999999986
87309ea80ffffff,2,True,0.017543859649122806,31.397703042231896,119.8913380279433,0.047177773,MLP,mlp_prediction.csv,6,16.289598666666667,16.242420893666665
87309ea81ffffff,1,True,0.008771929824561403,31.39838937703169,119.91324784507164,0.0,MLP,mlp_prediction.csv,6,10.136529538833335,10.136529538833335
87309ea82ffffff,7,True,0.06140350877192982,31.380382970305142,119.88389641302511,49.954895,MLP,mlp_prediction.csv,6,43.221895462166664,6.7329995378333365
87309ea83ffffff,6,True,0.05263157894736842,31.38107337202639,119.9058069003418,42.54948,MLP,mlp_prediction.csv,6,11.2775070455,31.2719729545
87309ea84ffffff,3,True,0.02631578947368421,31.414330767344058,119.87686430695018,0.0,MLP,mlp_prediction.csv,6,52.21697362883333,52.21697362883333
87309ea85ffffff,3,True,0.02631578947368421,31.41501697631171,119.89877993548268,5.233217,MLP,mlp_prediction.csv,6,10.98158487216667,5.74836787216667
87309ea86ffffff,9,True,0.07894736842105263,31.39701276694952,119.86942173051993,0.0,MLP,mlp_prediction.csv,6,30.369445462166667,30.369445462166667
87309ea88ffffff,0,False,0.0,31.382442366151874,119.94960842628524,0.043855257,MLP,mlp_prediction.csv,6,8.78543681666667,8.741581559666669
87309ea89ffffff,3,True,0.02631578947368421,31.383120965091535,119.97149945787366,38.456738,MLP,mlp_prediction.csv,6,9.460744681166668,28.995993318833335
87309ea8affffff,3,True,0.02631578947368421,31.365128359754785,119.9421691186722,1.0745348,MLP,mlp_prediction.csv,6,2.168539056166667,1.094004256166667
87309ea8bffffff,2,True,0.017543859649122806,31.36581102559195,119.96406082594628,0.13560858,MLP,mlp_prediction.csv,6,8.278103752833333,8.142495172833334
87309ea8cffffff,8,True,0.07017543859649122,31.399071774617155,119.93515117837381,9.150772,MLP,mlp_prediction.csv,6,18.099283122833334,8.948511122833334
87309ea8dffffff,0,False,0.0,31.39975023825779,119.95704802432844,0.23626302,MLP,mlp_prediction.csv,6,37.164633542833336,36.92837052283333
87309ea8effffff,3,True,0.02631578947368421,31.381759836219608,119.92771090593652,3.6587045,MLP,mlp_prediction.csv,6,8.803107009500001,5.144402509500002
87309ea90ffffff,25,True,0.21929824561403508,31.362358350663754,119.85453745818417,62.85164,MLP,mlp_prediction.csv,6,159.509225,96.65758499999998
87309ea91ffffff,9,True,0.07894736842105263,31.36305676132718,119.87645509096188,70.51585,MLP,mlp_prediction.csv,6,43.216760066666666,27.299089933333335
87309ea92ffffff,14,True,0.12280701754385964,31.345021936374295,119.84709576274614,35.25115,MLP,mlp_prediction.csv,6,155.80733,120.55618000000001
87309ea93ffffff,6,True,0.05263157894736842,31.345724416099277,119.8690140619874,0.0,MLP,mlp_prediction.csv,6,52.229116733333335,52.229116733333335
87309ea94ffffff,20,True,0.17543859649122806,31.378990341216657,119.84005600736982,111.20885,MLP,mlp_prediction.csv,6,329.8945033333333,218.68565333333333
87309ea95ffffff,18,True,0.15789473684210525,31.379688627790067,119.86197944752001,132.2146,MLP,mlp_prediction.csv,6,49.08853916666666,83.12606083333333
87309ea96ffffff,27,True,0.23684210526315788,31.361655995635367,119.832613352871,607.8649,MLP,mlp_prediction.csv,6,372.29015,235.57475000000005
87309ea98ffffff,17,True,0.14912280701754385,31.34711755458088,119.91283123500978,177.26938,MLP,mlp_prediction.csv,6,2.489100166666667,174.78027983333334
87309ea99ffffff,2,True,0.017543859649122806,31.347808219860656,119.93473010172315,0.0,MLP,mlp_prediction.csv,6,32.370586233333334,32.370586233333334
87309ea9affffff,1,True,0.008771929824561403,31.329787212938335,119.90539183698789,0.0,MLP,mlp_prediction.csv,6,69.12976114166666,69.12976114166666
87309ea9bffffff,3,True,0.02631578947368421,31.330481947269234,119.92729137567184,0.6551756,MLP,mlp_prediction.csv,6,45.94487833833333,45.28970273833333
87309ea9cffffff,12,True,0.10526315789473684,31.36375123088769,119.89836624765832,14.004265,MLP,mlp_prediction.csv,6,56.76079423333334,42.75652923333334
87309ea9dffffff,2,True,0.017543859649122806,31.36444176260868,119.92027092473724,0.0,MLP,mlp_prediction.csv,6,39.759394050000004,39.759394050000004
87309ea9effffff,1,True,0.008771929824561403,31.346422954414496,119.89092588725485,0.2751604,MLP,mlp_prediction.csv,6,67.7117325,67.43657209999999
87309eaa0ffffff,5,True,0.043859649122807015,31.448266326762457,119.86982956776376,18.607328,MLP,mlp_prediction.csv,6,54.636851063333324,36.02952306333333
87309eaa1ffffff,0,False,0.0,31.44894834867399,119.89175033916636,2.2610488,MLP,mlp_prediction.csv,6,20.326901533333338,18.065852733333337
87309eaa2ffffff,17,True,0.14912280701754385,31.430956541482658,119.86238573677306,252.38559,MLP,mlp_prediction.csv,6,12.884896226666667,239.50069377333335
87309eaa3ffffff,10,True,0.08771929824561403,31.431642628181187,119.88430717657695,55.635857,MLP,mlp_prediction.csv,6,48.08563871666667,7.550218283333329
87309eaa4ffffff,4,True,0.03508771929824561,31.46488806617874,119.85534710845452,0.48103008,MLP,mlp_prediction.csv,6,5.944151416666666,5.463121336666666
87309eaa5ffffff,7,True,0.06140350877192982,31.465569969993645,119.87727369229279,14.460289,MLP,mlp_prediction.csv,6,112.11732281333333,97.65703381333333
87309eaa6ffffff,3,True,0.02631578947368421,31.447580358768292,119.84790231682462,2.5972915,MLP,mlp_prediction.csv,6,50.984667656666666,48.38737615666667
87309eaa8ffffff,1,True,0.008771929824561403,31.433002975474434,119.92813060973481,0.0,MLP,mlp_prediction.csv,6,21.18628752666667,21.18628752666667
87309eaa9ffffff,4,True,0.03508771929824561,31.43367724261397,119.95003259602709,11.047944,MLP,mlp_prediction.csv,6,19.985860745,8.937916745
87309eaaaffffff,3,True,0.02631578947368421,31.415699245110275,119.92068908161392,0.17982596,MLP,mlp_prediction.csv,6,21.48128125,21.30145529
87309eaabffffff,12,True,0.10526315789473684,31.416377577010408,119.9425917418153,104.47705,MLP,mlp_prediction.csv,6,5.930943996666667,98.54610600333334
87309eaacffffff,3,True,0.02631578947368421,31.449626427775762,119.91366462748961,1.3862567,MLP,mlp_prediction.csv,6,12.53186455,11.14560785
87309eaadffffff,4,True,0.03508771929824561,31.45030056734197,119.93557242920035,0.0,MLP,mlp_prediction.csv,6,17.738450116666666,17.738450116666666
87309eaaeffffff,6,True,0.05263157894736842,31.432324771754523,119.90622213540944,10.0266485,MLP,mlp_prediction.csv,6,10.78270091,0.7560524100000006
87309eab0ffffff,6,True,0.05263157894736842,31.4129465158254,119.8330136168439,16.724607,MLP,mlp_prediction.csv,6,38.27999814333333,21.55539114333333
87309eab1ffffff,2,True,0.017543859649122806,31.413640614937993,119.85494219955461,0.0,MLP,mlp_prediction.csv,6,44.92984964333334,44.92984964333334
87309eab2ffffff,14,True,0.12280701754385964,31.395620381870724,119.82556970896077,225.76352,MLP,mlp_prediction.csv,6,285.5450908333334,59.781570833333404
87309eab3ffffff,6,True,0.05263157894736842,31.396318547917687,119.84749895634226,0.0,MLP,mlp_prediction.csv,6,80.98526283333332,80.98526283333332
87309eab4ffffff,8,True,0.07017543859649122,31.429572525629432,119.81852342844213,0.0,MLP,mlp_prediction.csv,6,9.10103881,9.10103881
87309eab5ffffff,1,True,0.008771929824561403,31.430266508388474,119.84045781954312,0.46890086,MLP,mlp_prediction.csv,6,50.94544091666666,50.476540056666664
87309eab6ffffff,10,True,0.08771929824561403,31.412248466739577,119.81107856237557,3.447568,MLP,mlp_prediction.csv,6,159.44450116666667,155.99693316666668
87309eac4ffffff,3,True,0.02631578947368421,31.419051601083392,120.03013745309022,0.4769175,MLP,mlp_prediction.csv,3,13.102458743333331,12.62554124333333
87309eac6ffffff,0,False,0.0,31.40176205822447,120.02269960303785,0.46021423,MLP,mlp_prediction.csv,4,5.5079809325,5.0477667025
87309ead0ffffff,0,False,0.0,31.367164576409486,120.0078247664929,0.46021423,MLP,mlp_prediction.csv,5,0.368171384,0.09204284600000001
87309ead2ffffff,0,False,0.0,31.349856639021876,120.00038778046815,0.46021423,MLP,mlp_prediction.csv,6,0.46021423,0.0
87309ead3ffffff,0,False,0.0,31.35053159740303,120.02226068791786,0.46021423,MLP,mlp_prediction.csv,4,0.46021423,0.0
87309ead4ffffff,1,True,0.008771929824561403,31.383795636308182,119.99338399719718,0.0,MLP,mlp_prediction.csv,6,16.103841781666667,16.103841781666667
87309ead5ffffff,0,False,0.0,31.38446638307269,120.01526204076077,0.46021423,MLP,mlp_prediction.csv,4,0.454392865,0.005821365000000023
87309ead6ffffff,0,False,0.0,31.366489763387357,119.98594604305237,0.46021423,MLP,mlp_prediction.csv,6,6.662164878333333,6.201950648333333
87309eadaffffff,0,False,0.0,31.334567896845687,120.05855235350974,0.46021423,MLP,mlp_prediction.csv,3,0.46021423,0.0
87309eae0ffffff,2,True,0.017543859649122806,31.45295779577928,120.02313869959468,0.0,MLP,mlp_prediction.csv,4,5.065224195,5.065224195
87309eae2ffffff,5,True,0.043859649122807015,31.435676457299813,120.0156995915905,18.649513,MLP,mlp_prediction.csv,5,40.591465299999996,21.941952299999997
87309eae4ffffff,3,True,0.02631578947368421,31.469578646447733,120.00869695717336,1.2710097,MLP,mlp_prediction.csv,6,3.2581136799999997,1.9871039799999997
87309eae5ffffff,1,True,0.008771929824561403,31.470232998716703,120.03057809547866,0.34037408,MLP,mlp_prediction.csv,3,4.597967566666667,4.257593486666667
87309eae6ffffff,3,True,0.02631578947368421,31.45229938158815,120.00125687947161,0.0,MLP,mlp_prediction.csv,6,35.69208201666667,35.69208201666667
87309eaf0ffffff,4,True,0.03508771929824561,31.417722443204195,119.98637759036282,5.8387823,MLP,mlp_prediction.csv,6,45.784032245,39.945249945
87309eaf1ffffff,2,True,0.017543859649122806,31.418388984045432,120.00826077170018,20.197649,MLP,mlp_prediction.csv,6,34.767555005,14.569906005
87309eaf2ffffff,7,True,0.06140350877192982,31.400424771224326,119.97893837942378,55.888527,MLP,mlp_prediction.csv,6,10.066630886666667,45.82189611333334
87309eaf3ffffff,2,True,0.017543859649122806,31.401095376788803,120.00082224015775,0.897143,MLP,mlp_prediction.csv,6,13.80756446,12.91042146
87309eaf4ffffff,0,False,0.0,31.43434757644746,119.97192809076994,0.46725547,MLP,mlp_prediction.csv,6,36.567356616666665,36.10010114666667
87309eaf5ffffff,19,True,0.16666666666666666,31.435013980250467,119.99381709045676,182.28276,MLP,mlp_prediction.csv,6,8.402832361666666,173.87992763833333
87309eaf6ffffff,5,True,0.043859649122807015,31.417051975283982,119.964487912568,14.970859,MLP,mlp_prediction.csv,6,29.65930363166667,14.68844463166667
87309eb80ffffff,0,False,0.0,31.51405594182272,119.78992012764382,0.46021423,MLP,mlp_prediction.csv,6,0.38639565000000003,0.07381857999999997
87309eb81ffffff,0,False,0.0,31.5147414706825,119.81187062169576,0.46021423,MLP,mlp_prediction.csv,6,3.8320426499999996,3.3718284199999995
87309eb82ffffff,0,False,0.0,31.496750419200396,119.78247179738666,0.0,MLP,mlp_prediction.csv,6,0.4630980216666667,0.4630980216666667
87309eb83ffffff,0,False,0.0,31.49744001072595,119.80442295250919,0.47751698,MLP,mlp_prediction.csv,6,6.297335281666666,5.8198183016666665
87309eb84ffffff,0,False,0.0,31.53066988668245,119.7754124501018,0.46021423,MLP,mlp_prediction.csv,6,3.0359976916666658,2.5757834616666657
87309eb85ffffff,0,False,0.0,31.5313553146881,119.79736875455814,0.46021423,MLP,mlp_prediction.csv,5,0.46021422999999995,5.551115123125783e-17
87309eb86ffffff,0,False,0.0,31.513366451760874,119.76796316342616,0.46021423,MLP,mlp_prediction.csv,6,0.76527617,0.30506194000000003
87309eb88ffffff,6,True,0.05263157894736842,31.498807322337694,119.84830584429677,52.90689,MLP,mlp_prediction.csv,6,3.522349371666666,49.38454062833333
87309eb89ffffff,4,True,0.03508771929824561,31.499485048975146,119.87023757382363,0.0,MLP,mlp_prediction.csv,6,114.07021938999999,114.07021938999999
87309eb8affffff,2,True,0.017543859649122806,31.481507840554077,119.84085979806268,0.0,MLP,mlp_prediction.csv,6,14.965214846666669,14.965214846666669
87309eb8bffffff,1,True,0.008771929824561403,31.482189629839322,119.86279219419883,0.0,MLP,mlp_prediction.csv,6,116.22628484666666,116.22628484666666
87309eb8cffffff,0,False,0.0,31.515423041616316,119.83381464200092,0.46021423,MLP,mlp_prediction.csv,5,14.900240091999999,14.440025861999999
87309eb8dffffff,0,False,0.0,31.51610065790151,119.8557521849878,0.0,MLP,mlp_prediction.csv,5,10.788045143999998,10.788045143999998
87309eb8effffff,2,True,0.017543859649122806,31.498125644013403,119.82636763600391,20.673882,MLP,mlp_prediction.csv,6,11.672387073333333,9.001494926666666
87309eb90ffffff,0,False,0.0,31.47874113066474,119.7530654827171,0.46021423,MLP,mlp_prediction.csv,6,11.806814910000002,11.346600680000002
87309eb91ffffff,0,False,0.0,31.479438747594408,119.77502376402064,0.46021423,MLP,mlp_prediction.csv,6,3.626279231666666,3.166065001666666
87309eb92ffffff,9,True,0.07894736842105263,31.461419246047065,119.7456170891516,8.1110525,MLP,mlp_prediction.csv,6,24.457077838333337,16.346025338333337
87309eb93ffffff,3,True,0.02631578947368421,31.462120927783577,119.76757602777974,16.747225,MLP,mlp_prediction.csv,6,23.706512943333326,6.959287943333326
87309eb94ffffff,8,True,0.07017543859649122,31.495359348341648,119.73855008660239,40.82467,MLP,mlp_prediction.csv,6,67.47800534333332,26.653335343333325
87309eb95ffffff,0,False,0.0,31.49605686616308,119.76051417421992,0.46021423,MLP,mlp_prediction.csv,6,7.492685465,7.032471235
87309eb96ffffff,7,True,0.06140350877192982,31.478039548645906,119.7311007390872,4.2375135,MLP,mlp_prediction.csv,6,71.27208600499999,67.03457250499999
87309eb98ffffff,16,True,0.14035087719298245,31.463512408151775,119.81147451004762,211.10182,MLP,mlp_prediction.csv,6,8.964110988333333,202.13770901166666
87309eb99ffffff,4,True,0.03508771929824561,31.464202213322363,119.83341404651956,0.0,MLP,mlp_prediction.csv,6,43.97913093,43.97913093
87309eb9affffff,8,True,0.07017543859649122,31.446196571446837,119.80402839055637,0.0,MLP,mlp_prediction.csv,6,42.814647283333336,42.814647283333336
87309eb9bffffff,13,True,0.11403508771929824,31.446890441419853,119.82596858990141,33.965157,MLP,mlp_prediction.csv,6,35.69466872666667,1.7295117266666722
87309eb9cffffff,0,False,0.0,31.480132402704808,119.79697557940196,0.46021423,MLP,mlp_prediction.csv,6,38.566474318333334,38.106260088333336
87309eb9dffffff,4,True,0.03508771929824561,31.480822099267193,119.81892092527478,15.729487,MLP,mlp_prediction.csv,6,38.78557220166667,23.05608520166667
87309eb9effffff,3,True,0.02631578947368421,31.462818647395558,119.78952850260801,3.6298077,MLP,mlp_prediction.csv,6,39.49342874333333,35.86362104333333
87309eba2ffffff,1,True,0.008771929824561403,31.547281839430983,119.76089991930834,15.914915,MLP,mlp_prediction.csv,4,26.5716946725,10.6567796725
87309eba3ffffff,0,False,0.0,31.54796717015774,119.7828620340128,0.46021423,MLP,mlp_prediction.csv,3,5.611781153333333,5.151566923333333
87309ebaaffffff,0,False,0.0,31.532036781803566,119.81931858672766,0.46021423,MLP,mlp_prediction.csv,3,0.46021423,0.0
87309ebb0ffffff,4,True,0.03508771929824561,31.52928713489318,119.73148043869155,11.487343,MLP,mlp_prediction.csv,6,23.162740771666666,11.675397771666667
87309ebb1ffffff,0,False,0.0,31.529980494509417,119.75344967694693,0.46021423,MLP,mlp_prediction.csv,6,22.663270426666667,22.20305619666667
87309ebb2ffffff,14,True,0.12280701754385964,31.511975574933214,119.72402983886673,26.20829,MLP,mlp_prediction.csv,6,71.39278581666666,45.184495816666654
87309ebb3ffffff,1,True,0.008771929824561403,31.512672997222175,119.7459997326336,2.7508001,MLP,mlp_prediction.csv,6,13.316824281666664,10.566024181666663
87309ebb4ffffff,3,True,0.02631578947368421,31.54589927329852,119.71695629182575,4.6510043,MLP,mlp_prediction.csv,5,23.298570169999998,18.647565869999998
87309ebb5ffffff,9,True,0.07894736842105263,31.54659254157022,119.7389313373776,104.906136,MLP,mlp_prediction.csv,4,8.1283691325,96.7777668675
87309ebb6ffffff,2,True,0.017543859649122806,31.52858980455917,119.70950473894337,0.0,MLP,mlp_prediction.csv,6,14.277398183333334,14.277398183333334
87309e000ffffff,2,True,0.017543859649122806,31.271219356703583,119.68567060623714,1.9709789692468749,SVR,SVR_prediction.csv,6,7.875149314510243,5.904170345263369
87309e001ffffff,4,True,0.03508771929824561,31.2719618456506,119.70763028141194,3.065422057550285,SVR,SVR_prediction.csv,6,0.8243802279552979,2.241041829594987
87309e002ffffff,1,True,0.008771929824561403,31.253827821225403,119.67822645372405,1.5835857862984897,SVR,SVR_prediction.csv,6,3.2504527104685508,1.666866924170061
87309e003ffffff,0,False,0.0,31.25457438548731,119.70018677860661,0.2693879697620938,SVR,SVR_prediction.csv,6,1.0249080629110476,0.7555200931489539
87309e004ffffff,7,True,0.06140350877192982,31.287862374185497,119.6711495914689,40.4444561976572,SVR,SVR_prediction.csv,6,2.354229591776073,38.09022660588113
87309e005ffffff,0,False,0.0,31.288604753760737,119.69311505867809,1.5953521429847632,SVR,SVR_prediction.csv,6,8.351570530953907,6.7562183879691435
87309e006ffffff,2,True,0.017543859649122806,31.270472902420483,119.6637044906357,0.2926917328086216,SVR,SVR_prediction.csv,6,28.948516530936853,28.655824798128233
87309e008ffffff,0,False,0.0,31.256055630125832,119.74408809900689,0.5102053451569392,SVR,SVR_prediction.csv,6,0.10648604749744846,0.4037192976594907
87309e009ffffff,1,True,0.008771929824561403,31.256790316985185,119.76602908731542,1.189759516425676,SVR,SVR_prediction.csv,6,5.180573622811059,3.9908141063853826
87309e00affffff,0,False,0.0,31.23867018484057,119.73664619971696,0.3190665490400568,SVR,SVR_prediction.csv,6,-1.513887284399571,1.8329538334396278
87309e00bffffff,2,True,0.017543859649122806,31.239408947056386,119.75858784328979,-1.6728268591362512,SVR,SVR_prediction.csv,6,0.1582533866322938,1.831080245768545
87309e00cffffff,1,True,0.008771929824561403,31.272700372503344,119.72958351254353,1.8435466424882725,SVR,SVR_prediction.csv,6,0.6802535584728518,1.1632930840154208
87309e00dffffff,0,False,0.0,31.273434940504934,119.75153029602494,0.3624065326530482,SVR,SVR_prediction.csv,6,0.3541547370460932,0.008251795606954992
87309e00effffff,0,False,0.0,31.255316987373888,119.72214066157072,-1.4030360964861115,SVR,SVR_prediction.csv,6,0.88048435399538,2.2835204504814914
87309e010ffffff,2,True,0.017543859649122806,31.23567554182513,119.64881519142165,-5.002815226528796,SVR,SVR_prediction.csv,6,20.23127597131633,25.234091197845125
87309e011ffffff,0,False,0.0,31.236430148178197,119.67078260137208,10.729205818933837,SVR,SVR_prediction.csv,6,2.093736960429023,8.635468858504813
87309e012ffffff,6,True,0.05263157894736842,31.218267654709276,119.64137099350705,21.13295928813584,SVR,SVR_prediction.csv,6,-0.4093676085097582,21.542326896645598
87309e013ffffff,3,True,0.02631578947368421,31.219026338419575,119.66333904941428,-0.4026999822928592,SVR,SVR_prediction.csv,6,6.538406959824379,6.941106942117239
87309e014ffffff,18,True,0.15789473684210525,31.252322792619868,119.63428649268992,82.53115244297335,SVR,SVR_prediction.csv,6,26.529965044523934,56.00118739844942
87309e015ffffff,5,True,0.043859649122807015,31.25307729134889,119.65625969054221,4.58323167117776,SVR,SVR_prediction.csv,6,35.49640246732179,30.913170796144033
87309e016ffffff,5,True,0.043859649122807015,31.234916966345743,119.62684134893098,2.8138065889700363,SVR,SVR_prediction.csv,6,16.159774649742165,13.345968060772128
87309e018ffffff,5,True,0.043859649122807015,31.220531810579633,119.70725585547424,-7.489695378910816,SVR,SVR_prediction.csv,6,1.6567745911129241,9.14646997002374
87309e019ffffff,0,False,0.0,31.22127860549944,119.72920459838828,-1.8621395245787664,SVR,SVR_prediction.csv,6,-1.3530319057312135,0.509107618847553
87309e01affffff,0,False,0.0,31.203130020625984,119.69981390081693,0.3190665490400568,SVR,SVR_prediction.csv,6,0.1877948810521579,0.1312716679878989
87309e01bffffff,0,False,0.0,31.203880892958427,119.72176329525408,0.4073234483220797,SVR,SVR_prediction.csv,6,-2.341164636883805,2.7484880852058846
87309e01cffffff,0,False,0.0,31.237180788640348,119.69274357515094,1.657220100882116,SVR,SVR_prediction.csv,6,2.4186101948492773,0.7613900939671614
87309e01dffffff,3,True,0.02631578947368421,31.2379274664484,119.71469810913655,-0.7247224400253672,SVR,SVR_prediction.csv,6,-1.418199396715238,0.6934769566898707
87309e01effffff,3,True,0.02631578947368421,31.219781055964916,119.68530067127807,10.143899413037426,SVR,SVR_prediction.csv,6,0.9017710739942335,9.242128339043193
87309e020ffffff,1,True,0.008771929824561403,31.321884695845736,119.66407008324529,0.3176488127798297,SVR,SVR_prediction.csv,6,6.2336556404598715,5.916006827680042
87309e021ffffff,0,False,0.0,31.322622896406493,119.68604069442168,0.3679793643169283,SVR,SVR_prediction.csv,6,5.029024297106199,4.66104493278927
87309e022ffffff,3,True,0.02631578947368421,31.304503432022237,119.65662373374485,4.36265472132752,SVR,SVR_prediction.csv,6,10.12433449307821,5.76167977175069
87309e023ffffff,4,True,0.03508771929824561,31.305245705795198,119.67859499280867,3.63944767249313,SVR,SVR_prediction.csv,6,7.901192964684385,4.261745292191255
87309e024ffffff,0,False,0.0,31.338521718004966,119.64954032943177,0.3190665490400568,SVR,SVR_prediction.csv,6,10.253184461130964,9.934117912090906
87309e025ffffff,5,True,0.043859649122807015,31.33925981694279,119.67151673359804,27.13705419458533,SVR,SVR_prediction.csv,6,0.3518281720062972,26.78522602257903
87309e026ffffff,1,True,0.008771929824561403,31.321142524303745,119.64209303250995,1.5757313409962628,SVR,SVR_prediction.csv,6,7.339768456315217,5.7640371153189545
87309e028ffffff,0,False,0.0,31.306718352533736,119.72251818413874,1.873153338693132,SVR,SVR_prediction.csv,6,0.46281168614305573,1.4103416525500763
87309e029ffffff,0,False,0.0,31.307448731991375,119.74447010917218,0.3190665490400568,SVR,SVR_prediction.csv,6,-0.03930678765967335,0.35837333669973015
87309e02affffff,1,True,0.008771929824561403,31.289343168280702,119.71507408333376,0.6700517397358945,SVR,SVR_prediction.csv,6,1.5955020838305944,0.9254503440947
87309e02bffffff,3,True,0.02631578947368421,31.29007762098965,119.7370266618218,0.8764717722270554,SVR,SVR_prediction.csv,6,0.1821076807767293,0.6943640914503261
87309e02cffffff,1,True,0.008771929824561403,31.323357129232466,119.70800486241069,0.2731469577752139,SVR,SVR_prediction.csv,6,0.28151786168431575,0.008370903909101834
87309e02dffffff,0,False,0.0,31.324087397571486,119.72996258359358,0.3190665490400568,SVR,SVR_prediction.csv,6,1.4361844385253295,1.1171178894852727
87309e02effffff,1,True,0.008771929824561403,31.30598401155059,119.70055981081373,0.3190665490400568,SVR,SVR_prediction.csv,6,1.4031885359998437,1.084121986959787
87309e030ffffff,4,True,0.03508771929824561,31.28636570689912,119.62719934389479,5.80866628040544,SVR,SVR_prediction.csv,6,29.927364586823828,24.118698306418388
87309e031ffffff,4,True,0.03508771929824561,31.287116026312113,119.64917768532996,2.2642523117955293,SVR,SVR_prediction.csv,6,31.042922300731888,28.778669988936358
87309e032ffffff,9,True,0.07894736842105263,31.268968084885945,119.61975295266791,36.5899701456384,SVR,SVR_prediction.csv,6,35.08724658783275,1.5027235578056448
87309e033ffffff,18,True,0.15789473684210525,31.26972247956095,119.64173193823395,122.84459424944524,SVR,SVR_prediction.csv,6,22.011660764133183,100.83293348531205
87309e034ffffff,3,True,0.02631578947368421,31.303006967449054,119.61266190697448,4.091801030597742,SVR,SVR_prediction.csv,6,2.9191078220432405,1.1726932085545019
87309e035ffffff,5,True,0.043859649122807015,31.303757186987706,119.63464603725322,12.504470622747313,SVR,SVR_prediction.csv,6,3.2933876310007686,9.211082991746544
87309e036ffffff,0,False,0.0,31.285611412706388,119.60521457080657,1.269099160718744,SVR,SVR_prediction.csv,6,16.188178002138553,14.91907884141981
87309e040ffffff,21,True,0.18421052631578946,31.276333688910285,119.83925288164927,111.47675383810392,SVR,SVR_prediction.csv,6,108.47184484127575,3.0049089968281635
87309e041ffffff,9,True,0.07894736842105263,31.27704851135072,119.86116737311477,19.058653152907677,SVR,SVR_prediction.csv,6,91.67779836619893,72.61914521329125
87309e042ffffff,24,True,0.21052631578947367,31.258970674648282,119.83181332162233,141.51420082891354,SVR,SVR_prediction.csv,6,117.06586111212391,24.448339716789633
87309e043ffffff,28,True,0.24561403508771928,31.259689570384623,119.85372847761596,318.2547038278532,SVR,SVR_prediction.csv,6,83.96557145617199,234.2891323716812
87309e044ffffff,7,True,0.06140350877192982,31.29297587864782,119.82477244215505,44.25764371289357,SVR,SVR_prediction.csv,6,41.57318442196708,2.6844592909264904
87309e045ffffff,12,True,0.10526315789473684,31.293690571012924,119.84669273593269,46.74194519334817,SVR,SVR_prediction.csv,6,31.78441348337546,14.957531709972713
87309e046ffffff,16,True,0.14035087719298245,31.275614923854693,119.81733192464415,81.00392233173832,SVR,SVR_prediction.csv,6,56.81939148356062,24.1845308481777
87309e048ffffff,10,True,0.08771929824561403,31.261115546120674,119.8975393851172,-3.7721785116841433,SVR,SVR_prediction.csv,6,21.350951554047217,25.12313006573136
87309e049ffffff,0,False,0.0,31.26182263262181,119.91943512955102,0.3190665490400568,SVR,SVR_prediction.csv,6,7.577170916770886,7.258104367730828
87309e04affffff,8,True,0.07017543859649122,31.243758622234452,119.89010211705896,22.05434388538665,SVR,SVR_prediction.csv,6,14.499139799419531,7.5552040859671195
87309e04bffffff,0,False,0.0,31.24446978203705,119.9119985315272,0.4115549285943731,SVR,SVR_prediction.csv,6,2.8920839994895253,2.480529070895152
87309e04cffffff,6,True,0.05263157894736842,31.277759394427196,119.88307539549179,6.275024043840748,SVR,SVR_prediction.csv,6,22.612170052645734,16.337146008804986
87309e04dffffff,9,True,0.07894736842105263,31.278466341392207,119.90497694524113,47.866449436594905,SVR,SVR_prediction.csv,6,3.7918337266553466,44.07461570993956
87309e04effffff,11,True,0.09649122807017543,31.260404526458736,119.87563716662817,51.179270480826574,SVR,SVR_prediction.csv,6,65.28422246485421,14.104951984027636
87309e050ffffff,8,True,0.07017543859649122,31.2408746159241,119.80245177505209,41.742174833259895,SVR,SVR_prediction.csv,6,18.792273847540166,22.94990098571973
87309e051ffffff,11,True,0.09649122807017543,31.241601529061885,119.8243740560853,13.511848502902003,SVR,SVR_prediction.csv,6,61.13730751778417,47.62545901488217
87309e052ffffff,10,True,0.08771929824561403,31.22349526446706,119.7950121434376,41.35251536788605,SVR,SVR_prediction.csv,6,7.496408588839528,33.85610677904652
87309e053ffffff,1,True,0.008771929824561403,31.22422625299171,119.81693508527152,0.2679702335018667,SVR,SVR_prediction.csv,6,17.532203423328586,17.26423318982672
87309e054ffffff,7,True,0.06140350877192982,31.257521051195305,119.78796362290615,15.323854559810224,SVR,SVR_prediction.csv,6,15.626182935730482,0.30232837592025774
87309e055ffffff,9,True,0.07894736842105263,31.25824783600098,119.80989170219873,27.418176126687115,SVR,SVR_prediction.csv,6,49.99053100604197,22.572354879354855
87309e056ffffff,5,True,0.043859649122807015,31.24014375633681,119.78052303626251,14.879278294453744,SVR,SVR_prediction.csv,6,14.319582027381804,0.5596962670719403
87309e058ffffff,6,True,0.05263157894736842,31.22567640279713,119.86076158775425,22.738366479063085,SVR,SVR_prediction.csv,6,34.53114719171978,11.792780712656697
87309e059ffffff,3,True,0.02631578947368421,31.22639557056689,119.88266514129975,11.22826453184463,SVR,SVR_prediction.csv,6,15.579927787027332,4.351663255182702
87309e05affffff,0,False,0.0,31.208303148781194,119.85332423821066,0.3190665490400568,SVR,SVR_prediction.csv,6,7.414040383355171,7.094973834315114
87309e05bffffff,5,True,0.043859649122807015,31.209026391957,119.87522845807295,9.923440594270096,SVR,SVR_prediction.csv,6,8.119675159983835,1.8037654342862606
87309e05cffffff,17,True,0.14912280701754385,31.24232449899512,119.84628987579856,150.72976204545893,SVR,SVR_prediction.csv,6,88.50091151140613,62.228850534052796
87309e05dffffff,8,True,0.07017543859649122,31.243043528970116,119.86819923063787,29.834788390821267,SVR,SVR_prediction.csv,6,96.0307852084055,66.19599681758424
87309e05effffff,3,True,0.02631578947368421,31.224953298020456,119.83885156789592,5.151561038883707,SVR,SVR_prediction.csv,6,31.317322179885192,26.165761141001486
87309e060ffffff,2,True,0.017543859649122806,31.326968891061917,119.81772892822886,35.45351102478248,SVR,SVR_prediction.csv,6,54.55837416822368,19.1048631434412
87309e061ffffff,3,True,0.02631578947368421,31.32767938573095,119.83965436143957,-12.119159802819658,SVR,SVR_prediction.csv,6,37.27086544246288,49.39002524528254
87309e062ffffff,3,True,0.02631578947368421,31.309616133698732,119.81028715855275,4.183774707877903,SVR,SVR_prediction.csv,6,21.652588201677286,17.468813493799384
87309e063ffffff,8,True,0.07017543859649122,31.31033069954861,119.83221325449803,-3.3696789544036894,SVR,SVR_prediction.csv,6,20.276955195602135,23.646634150005823
87309e064ffffff,31,True,0.2719298245614035,31.343605139657743,119.8032397565454,127.81157591659752,SVR,SVR_prediction.csv,6,110.05962314861624,17.75195276798128
87309e065ffffff,22,True,0.19298245614035087,31.34431551197989,119.82517099307945,164.78444234254982,SVR,SVR_prediction.csv,6,126.2537557278789,38.53068661467093
87309e066ffffff,9,True,0.07894736842105263,31.326254448165365,119.7957970302638,46.059290799540165,SVR,SVR_prediction.csv,6,28.047604142258404,18.01168665728176
87309e068ffffff,3,True,0.02631578947368421,31.31174799868819,119.87604604422287,-0.0053797428591561,SVR,SVR_prediction.csv,6,14.972190331230836,14.977570074089993
87309e069ffffff,3,True,0.02631578947368421,31.31245073848872,119.89795273090517,3.069340611349171,SVR,SVR_prediction.csv,6,20.21169120369179,17.142350592342616
87309e06affffff,5,True,0.043859649122807015,31.294401321060885,119.86860656206154,16.139092813220923,SVR,SVR_prediction.csv,6,13.402665321462708,2.7364274917582154
87309e06bffffff,2,True,0.017543859649122806,31.295108132045378,119.8905139169953,5.201732944008465,SVR,SVR_prediction.csv,6,14.625469657972248,9.423736713963784
87309e06cffffff,3,True,0.02631578947368421,31.328385935428344,119.8615733263353,1.514333987727572,SVR,SVR_prediction.csv,6,10.484529479473231,8.97019549174566
87309e06dffffff,13,True,0.11403508771929824,31.329088543411288,119.88348581936518,60.76462529354855,SVR,SVR_prediction.csv,6,-0.48004508587313804,61.244670379421684
87309e06effffff,4,True,0.03508771929824561,31.311041320126854,119.85413288423922,3.144016337530348,SVR,SVR_prediction.csv,6,8.150192249035694,5.006175911505347
87309e070ffffff,0,False,0.0,31.29153465395828,119.78091246588711,1.7289064958688776,SVR,SVR_prediction.csv,6,2.0643265503162773,0.33542005444739975
87309e071ffffff,5,True,0.043859649122807015,31.292257240713276,119.80284568428465,9.40238941513779,SVR,SVR_prediction.csv,6,22.688967573353313,13.286578158215523
87309e072ffffff,1,True,0.008771929824561403,31.27416555289989,119.77347062825895,1.680523863928644,SVR,SVR_prediction.csv,6,3.579422227739268,1.898898363810624
87309e073ffffff,4,True,0.03508771929824561,31.274892212934084,119.79540450565798,6.847184979627813,SVR,SVR_prediction.csv,6,22.75962879886183,15.912443819234017
87309e074ffffff,0,False,0.0,31.30817515317156,119.76641558231219,0.3190665490400568,SVR,SVR_prediction.csv,6,-0.8991894175908256,1.2182559666308825
87309e075ffffff,0,False,0.0,31.308897619323755,119.78835459996654,-1.887626787886612,SVR,SVR_prediction.csv,6,9.960257356642643,11.847884144529255
87309e076ffffff,1,True,0.008771929824561403,31.29080811513319,119.75897279053783,-3.975578717950028,SVR,SVR_prediction.csv,6,0.8810736271262899,4.856652345076318
87309e080ffffff,1,True,0.008771929824561403,31.14934974962239,119.6335678501855,0.3437880483468116,SVR,SVR_prediction.csv,4,1.0543548382330583,0.7105667898862467
87309e082ffffff,0,False,0.0,31.13191526937002,119.62612580369345,0.3190665490400568,SVR,SVR_prediction.csv,3,1.6076579790729564,1.2885914300328996
87309e084ffffff,1,True,0.008771929824561403,31.16600717649517,119.61904020932923,0.6333556007414538,SVR,SVR_prediction.csv,6,0.03341225366782472,0.5999433470736291
87309e085ffffff,1,True,0.008771929824561403,31.16677809753675,119.64101019823643,1.6324986015753613,SVR,SVR_prediction.csv,5,0.3868686592416872,1.245629942333674
87309e086ffffff,0,False,0.0,31.148574747725384,119.61159721856829,1.6324986015753613,SVR,SVR_prediction.csv,6,0.858648388675511,0.7738502128998503
87309e090ffffff,1,True,0.008771929824561403,31.113691491460784,119.59671214439084,-0.5728987880135784,SVR,SVR_prediction.csv,3,1.5831132075450807,2.156011995558659
87309e094ffffff,0,False,0.0,31.130353131406647,119.5821768369123,1.5835857862984897,SVR,SVR_prediction.csv,5,0.719274702728575,0.8643110835699147
87309e095ffffff,1,True,0.008771929824561403,31.131136185749174,119.60415453017794,2.8466872872966955,SVR,SVR_prediction.csv,5,0.7293408130359946,2.117346474260701
87309e096ffffff,0,False,0.0,31.112904354270555,119.57473381217156,0.3190665490400568,SVR,SVR_prediction.csv,2,0.5053434991424557,0.18627695010239886
87309e0a0ffffff,1,True,0.008771929824561403,31.200086899254174,119.61195196770073,1.5835857862984897,SVR,SVR_prediction.csv,6,-0.5839091319539736,2.1674949182524634
87309e0a1ffffff,2,True,0.017543859649122806,31.200853630867094,119.63392709703146,-1.886861023885521,SVR,SVR_prediction.csv,6,4.229507027532172,6.116368051417693
87309e0a2ffffff,2,True,0.017543859649122806,31.182662660178817,119.60450773069532,-4.051919208879047,SVR,SVR_prediction.csv,6,15.092975465647045,19.144894674526093
87309e0a3ffffff,0,False,0.0,31.183433471170012,119.6264835022279,0.3190665490400568,SVR,SVR_prediction.csv,6,-0.29504561585153444,0.6141121648915913
87309e0a4ffffff,1,True,0.008771929824561403,31.216738375863557,119.59741559410753,-1.3804154693775557,SVR,SVR_prediction.csv,6,0.7127359402924768,2.0931514096700323
87309e0a5ffffff,1,True,0.008771929824561403,31.217505001601115,119.61939650719027,0.3927008636236832,SVR,SVR_prediction.csv,6,3.802787143658201,3.4100862800345175
87309e0a6ffffff,4,True,0.03508771929824561,31.199316194745062,119.58997041373762,3.103973497754541,SVR,SVR_prediction.csv,6,14.563150565672546,11.459177067918004
87309e0a8ffffff,0,False,0.0,31.184963186577757,119.67041576321316,0.6844519162796437,SVR,SVR_prediction.csv,6,0.5920619128008453,0.09239000347879844
87309e0a9ffffff,0,False,0.0,31.18572209745157,119.69237224539765,0.3190665490400568,SVR,SVR_prediction.csv,6,0.397940796491335,0.07887424745127819
87309e0aaffffff,0,False,0.0,31.167545051604787,119.6629737594871,0.3190665490400568,SVR,SVR_prediction.csv,4,0.7509991078029975,0.4319325587629407
87309e0abffffff,0,False,0.0,31.16830804192613,119.68493088944943,0.3679793643169283,SVR,SVR_prediction.csv,4,1.1481391772117344,0.7801598128948062
87309e0acffffff,3,True,0.02631578947368421,31.201616392812856,119.65589579808375,1.629663129054907,SVR,SVR_prediction.csv,6,3.407407680598371,1.777744551543464
87309e0adffffff,1,True,0.008771929824561403,31.20237518832187,119.67785806722114,0.5975293363130659,SVR,SVR_prediction.csv,6,2.1155745956932055,1.5180452593801395
87309e0aeffffff,0,False,0.0,31.184200312227013,119.6484528476135,0.3190665490400568,SVR,SVR_prediction.csv,6,0.44964762018408416,0.13058107114402734
87309e0b0ffffff,0,False,0.0,31.16445342059112,119.57508096312061,0.3562054042755016,SVR,SVR_prediction.csv,6,14.88092937187455,14.52472396759905
87309e0b1ffffff,3,True,0.02631578947368421,31.165232285254632,119.5970637964069,0.3245409303484047,SVR,SVR_prediction.csv,6,13.974653790615376,13.65011286026697
87309e0b2ffffff,0,False,0.0,31.14701282932548,119.56763669333915,0.3190665490400568,SVR,SVR_prediction.csv,4,0.9105031237013258,0.591436574661269
87309e0b3ffffff,2,True,0.017543859649122806,31.147795775366916,119.58962016506831,0.6844519162796437,SVR,SVR_prediction.csv,6,1.177097426472418,0.49264551019277436
87309e0b4ffffff,4,True,0.03508771929824561,31.181109115489175,119.56053692379335,2.3464170179281862,SVR,SVR_prediction.csv,4,22.90679941847047,20.560382400542284
87309e0b5ffffff,14,True,0.12280701754385964,31.181887876026906,119.58252553666438,84.59333042969934,SVR,SVR_prediction.csv,6,1.2898516822304926,83.30347874746884
87309e0b6ffffff,0,False,0.0,31.163670579282048,119.5530917131312,1.017769387951668,SVR,SVR_prediction.csv,4,0.8351888800709504,0.18258050788071767
87309e0c1ffffff,0,False,0.0,31.1554072152313,119.80910128009788,0.3190665490400568,SVR,SVR_prediction.csv,2,0.687269938291001,0.3682033892509442
87309e0c5ffffff,0,False,0.0,31.172063650369346,119.79461994350193,0.6961909753028763,SVR,SVR_prediction.csv,4,0.4805676132002179,0.21562336210265842
87309e0e0ffffff,5,True,0.043859649122807015,31.205370770648063,119.76564275223268,21.172078471894025,SVR,SVR_prediction.csv,6,-3.48059043950504,24.652668911399065
87309e0e1ffffff,2,True,0.017543859649122806,31.20610978247857,119.78757280758848,-2.991188101918207,SVR,SVR_prediction.csv,6,9.088277519333605,12.079465621251812
87309e0e2ffffff,3,True,0.02631578947368421,31.187975081525696,119.7582030553129,-5.612185032660946,SVR,SVR_prediction.csv,4,4.844298112711629,10.456483145372575
87309e0e3ffffff,0,False,0.0,31.18871817081295,119.78013376773788,0.3679793643169283,SVR,SVR_prediction.csv,5,2.7643543901565018,2.3963750258395735
87309e0e4ffffff,4,True,0.03508771929824561,31.222021443961413,119.75114689641535,-3.9308041313278688,SVR,SVR_prediction.csv,6,1.5398056502964856,5.470609781624354
87309e0e5ffffff,5,True,0.043859649122807015,31.222760329204014,119.77308274596028,-12.017985253954784,SVR,SVR_prediction.csv,6,11.468175506975248,23.486160760930034
87309e0e6ffffff,3,True,0.02631578947368421,31.204627808553784,119.74370624692521,3.3006405185146326,SVR,SVR_prediction.csv,6,0.7851278879615755,2.515512630553057
87309e0e8ffffff,0,False,0.0,31.190192510696534,119.82397583476796,0.3190665490400568,SVR,SVR_prediction.csv,6,0.9834888288189454,0.6644222797788886
87309e0e9ffffff,1,True,0.008771929824561403,31.19092376776938,119.84588718224036,0.9115210873898756,SVR,SVR_prediction.csv,6,1.1726032161140811,0.26108212872420555
87309e0eaffffff,0,False,0.0,31.172802926051922,119.81653841000913,0.6783489012791256,SVR,SVR_prediction.csv,5,0.4420532521175615,0.2362956491615641
87309e0ebffffff,0,False,0.0,31.173538260614336,119.83845042007653,0.3190665490400568,SVR,SVR_prediction.csv,4,0.5570007716872787,0.23793422264722186
87309e0ecffffff,4,True,0.03508771929824561,31.206844847284025,119.80949640941422,3.0982015276946515,SVR,SVR_prediction.csv,6,6.640359826003288,3.5421582983086366
87309e0edffffff,1,True,0.008771929824561403,31.20757596830445,119.83141355414132,0.336919269345202,SVR,SVR_prediction.csv,6,1.6778978309250359,1.340978561579834
87309e0eeffffff,1,True,0.008771929824561403,31.189457312790704,119.80205802874664,0.5568756381647608,SVR,SVR_prediction.csv,6,0.3614332026192386,0.1954424355455222
87309e0f4ffffff,5,True,0.043859649122807015,31.18647704807918,119.71432229054743,-2.851354081488865,SVR,SVR_prediction.csv,5,-0.22961553259793943,2.6217385488909257
87309e0f5ffffff,4,True,0.03508771929824561,31.187228041692734,119.73626589505255,-5.463505903879071,SVR,SVR_prediction.csv,4,-1.1888937868282747,4.274612117050796
87309e0f6ffffff,2,True,0.017543859649122806,31.169067071729035,119.70688158450136,3.26997169448718,SVR,SVR_prediction.csv,3,-0.72143605604396,3.99140775053114
87309e100ffffff,6,True,0.05263157894736842,31.387679119708803,119.5839217814372,4.435464937995056,SVR,SVR_prediction.csv,6,1.2423083621085558,3.1931565758865004
87309e101ffffff,2,True,0.017543859649122806,31.388420918074317,119.60592199695967,0.6086341014346989,SVR,SVR_prediction.csv,6,2.054433649993373,1.445799548558674
87309e102ffffff,0,False,0.0,31.37030207930795,119.57647100623588,0.3176488127798297,SVR,SVR_prediction.csv,6,6.189157761731676,5.871508948951846
87309e103ffffff,0,False,0.0,31.37104794873038,119.5984718622226,0.659730416972889,SVR,SVR_prediction.csv,6,2.2899235753801963,1.6301931584073073
87309e104ffffff,0,False,0.0,31.40430829559534,119.56936685439803,0.2693879697620938,SVR,SVR_prediction.csv,6,3.8308256614217764,3.5614376916596826
87309e105ffffff,1,True,0.008771929824561403,31.405050009612268,119.59137286062557,0.3190665490400568,SVR,SVR_prediction.csv,6,4.318943614535102,3.999877065495045
87309e106ffffff,5,True,0.043859649122807015,31.38693333524492,119.56191513607266,5.279382322661767,SVR,SVR_prediction.csv,6,2.3557269974868302,2.9236553251749364
87309e108ffffff,4,True,0.03508771929824561,31.372527741438407,119.64245427642805,0.6654812136778726,SVR,SVR_prediction.csv,6,11.194561775808937,10.529080562131064
87309e109ffffff,1,True,0.008771929824561403,31.373261671222036,119.66443582733717,0.3679793643169283,SVR,SVR_prediction.csv,6,14.43985516025029,14.07187579593336
87309e10affffff,3,True,0.02631578947368421,31.35515676636641,119.63500573081397,6.027536701011401,SVR,SVR_prediction.csv,6,4.785783328466269,1.2417533725451326
87309e10bffffff,1,True,0.008771929824561403,31.35589476725472,119.65698792778531,1.5835857862984897,SVR,SVR_prediction.csv,6,5.925337491045071,4.3417517047465815
87309e10cffffff,2,True,0.017543859649122806,31.389158733590865,119.62791577897312,3.187351155229528,SVR,SVR_prediction.csv,6,10.588304340391753,7.400953185162225
87309e10dffffff,12,True,0.10526315789473684,31.389892569509204,119.64990312382035,55.34195299502548,SVR,SVR_prediction.csv,6,14.561630616924424,40.780322378101054
87309e10effffff,0,False,0.0,31.371789835024437,119.62046628683987,0.658964652971798,SVR,SVR_prediction.csv,6,1.9597975710035527,1.3008329180317548
87309e110ffffff,0,False,0.0,31.35216496122327,119.54701261406116,1.5835857862984897,SVR,SVR_prediction.csv,6,3.7069700358979403,2.1233842495994506
87309e111ffffff,4,True,0.03508771929824561,31.352918889239156,119.56902053525499,19.33252523431542,SVR,SVR_prediction.csv,6,1.2858940319021563,18.046631202413263
87309e112ffffff,1,True,0.008771929824561403,31.33477154922135,119.53956181084165,0.3685095476535665,SVR,SVR_prediction.csv,5,8.491033342111995,8.122523794458429
87309e113ffffff,0,False,0.0,31.335529550337423,119.56157036872783,0.3190665490400568,SVR,SVR_prediction.csv,6,10.815952551148142,10.496886002108084
87309e114ffffff,0,False,0.0,31.368798378091924,119.53245001484179,0.3190665490400568,SVR,SVR_prediction.csv,4,0.9513261676692732,0.6322596186292164
87309e115ffffff,0,False,0.0,31.369552223510293,119.55446372254923,0.3190665490400568,SVR,SVR_prediction.csv,6,4.525212542355936,4.206145993315879
87309e116ffffff,1,True,0.008771929824561403,31.351407043314524,119.52499827099156,1.5835857862984897,SVR,SVR_prediction.csv,3,0.757053960997371,0.8265318253011187
87309e118ffffff,1,True,0.008771929824561403,31.337033595044616,119.60556821058236,-1.886861023885521,SVR,SVR_prediction.csv,6,4.704671627855819,6.59153265174134
87309e119ffffff,7,True,0.06140350877192982,31.337779645120946,119.62755748721143,24.87754993111447,SVR,SVR_prediction.csv,6,1.383790917623207,23.493759013491264
87309e11affffff,2,True,0.017543859649122806,31.319646255297283,119.59811962692474,-4.092788596811099,SVR,SVR_prediction.csv,6,1.4364402985790174,5.5292288953901165
87309e11bffffff,0,False,0.0,31.320396378535484,119.62010954585384,1.657220100882116,SVR,SVR_prediction.csv,6,6.178317217459862,4.521097116577747
87309e11cffffff,2,True,0.017543859649122806,31.353668830605134,119.59102203089144,7.108777109404869,SVR,SVR_prediction.csv,6,2.8500524437878627,4.258724665617006
87309e11dffffff,1,True,0.008771929824561403,31.354414788565617,119.6130170972985,0.6100518376949261,SVR,SVR_prediction.csv,6,6.240949631264985,5.630897793570059
87309e11effffff,1,True,0.008771929824561403,31.33628356453121,119.58357250319955,-1.932780615150364,SVR,SVR_prediction.csv,6,4.517000367796154,6.449780982946518
87309e121ffffff,0,False,0.0,31.439039758844448,119.5842712045211,0.3190665490400568,SVR,SVR_prediction.csv,4,5.180447588347728,4.8613810393076715
87309e122ffffff,0,False,0.0,31.420935470485407,119.55480708056291,0.6100518376949261,SVR,SVR_prediction.csv,3,4.203458763633648,3.593406925938722
87309e123ffffff,3,True,0.02631578947368421,31.42167710373535,119.57681887729203,3.867261154834965,SVR,SVR_prediction.csv,5,3.036892448194005,0.83036870664096
87309e128ffffff,2,True,0.017543859649122806,31.423148407116077,119.62082317571792,8.993131423911056,SVR,SVR_prediction.csv,6,4.005886080686269,4.987245343224787
87309e129ffffff,0,False,0.0,31.423878083754065,119.64281567008128,0.2693879697620938,SVR,SVR_prediction.csv,6,11.098418355315834,10.82903038555374
87309e12affffff,2,True,0.017543859649122806,31.40578773780998,119.61337243486926,3.066024187750908,SVR,SVR_prediction.csv,6,4.993973576089664,1.9279493883387566
87309e12bffffff,2,True,0.017543859649122806,31.406521483440375,119.63536557346472,3.1887688914897554,SVR,SVR_prediction.csv,6,20.443291259716798,17.254522368227043
87309e12cffffff,3,True,0.02631578947368421,31.439773334637724,119.60627593002965,2.843851814776241,SVR,SVR_prediction.csv,6,4.1070560317794325,1.2632042170031914
87309e12dffffff,1,True,0.008771929824561403,31.44050292517686,119.6282742192721,1.0003942849057212,SVR,SVR_prediction.csv,6,2.3194874025665975,1.3190931176608762
87309e12effffff,5,True,0.043859649122807015,31.42241474819461,119.59882424356756,13.666889335432892,SVR,SVR_prediction.csv,6,3.234733613225547,10.432155722207344
87309e131ffffff,2,True,0.017543859649122806,31.403562592508802,119.54735441986081,8.473727166303886,SVR,SVR_prediction.csv,4,1.6194721697897108,6.854254996514175
87309e133ffffff,1,True,0.008771929824561403,31.386183561434773,119.53990206454263,0.3190665490400568,SVR,SVR_prediction.csv,4,3.5978106467614417,3.278744097721385
87309e140ffffff,0,False,0.0,31.39278818226483,119.73778805874407,0.3190665490400568,SVR,SVR_prediction.csv,6,6.856774005676893,6.537707456636836
87309e141ffffff,4,True,0.03508771929824561,31.393502169002385,119.75974316324285,1.729102633563135,SVR,SVR_prediction.csv,6,9.535707498506335,7.8066048649432
87309e142ffffff,4,True,0.03508771929824561,31.37543963330846,119.73034181163585,3.435631715113318,SVR,SVR_prediction.csv,6,5.768256174118139,2.3326244590048204
87309e143ffffff,11,True,0.09649122807017543,31.37615768909529,119.75229757152306,27.023268780249904,SVR,SVR_prediction.csv,6,8.699195929240693,18.324072851009213
87309e144ffffff,3,True,0.02631578947368421,31.409416705374383,119.72327369841722,4.34030074057037,SVR,SVR_prediction.csv,6,4.250572012843523,0.0897287277268477
87309e145ffffff,4,True,0.03508771929824561,31.41013058699456,119.74523460414625,4.293273615524575,SVR,SVR_prediction.csv,6,3.033306008421075,1.2599676071035004
87309e146ffffff,0,False,0.0,31.392070232203714,119.71582649893898,0.3190665490400568,SVR,SVR_prediction.csv,6,5.563454491496266,5.244387942456209
87309e148ffffff,15,True,0.13157894736842105,31.377581922843326,119.79618971735576,17.71485761828322,SVR,SVR_prediction.csv,6,190.74592303541087,173.03106541712765
87309e149ffffff,29,True,0.2543859649122807,31.37828810732172,119.8181260961275,451.23310164380337,SVR,SVR_prediction.csv,6,163.12596967303637,288.107131970767
87309e14affffff,18,True,0.15789473684210525,31.360239439441884,119.78874573886995,63.49929384247882,SVR,SVR_prediction.csv,6,89.47168946437932,25.972395621900503
87309e14bffffff,30,True,0.2631578947368421,31.360949692981233,119.81068277857783,345.904927062558,SVR,SVR_prediction.csv,6,177.23606393554618,168.6688631270118
87309e14cffffff,11,True,0.09649122807017543,31.39421219567544,119.7816918088364,22.14726074735312,SVR,SVR_prediction.csv,6,53.01338359569649,30.86612284834337
87309e14dffffff,16,True,0.14035087719298245,31.39491826554432,119.80363399193554,260.9983112653473,SVR,SVR_prediction.csv,6,89.62787979959471,171.37043146575257
87309e14effffff,2,True,0.017543859649122806,31.376871784520937,119.77424687462694,0.6926436509245191,SVR,SVR_prediction.csv,6,28.693940390008816,28.001296739084296
87309e150ffffff,5,True,0.043859649122807015,31.357358851289792,119.70093299753414,8.297602203849038,SVR,SVR_prediction.csv,6,0.11315199050087406,8.184450213348164
87309e151ffffff,3,True,0.02631578947368421,31.358084940937953,119.72289586305523,-2.158409718251201,SVR,SVR_prediction.csv,6,4.439923134374042,6.5983328526252425
87309e152ffffff,5,True,0.043859649122807015,31.339993945181956,119.69348669607464,-1.512218404036365,SVR,SVR_prediction.csv,6,6.238791569536239,7.751009973572604
87309e153ffffff,0,False,0.0,31.340724105971386,119.71545021323567,0.3220597730520856,SVR,SVR_prediction.csv,6,1.782814636329424,1.4607548632773384
87309e154ffffff,2,True,0.017543859649122806,31.37399162762636,119.68641093592693,-0.1450992073496834,SVR,SVR_prediction.csv,6,7.258312258760944,7.403411466110628
87309e155ffffff,4,True,0.03508771929824561,31.374717613903897,119.70837959856676,3.1376725759515645,SVR,SVR_prediction.csv,6,2.0503667961666805,1.087305779784884
87309e156ffffff,2,True,0.017543859649122806,31.356628794479185,119.67896368456972,1.0349069236388435,SVR,SVR_prediction.csv,6,5.954817322943955,4.919910399305111
87309e158ffffff,2,True,0.017543859649122806,31.342172538203485,119.75935789715587,-1.9464141487133428,SVR,SVR_prediction.csv,6,9.095466838595625,11.041880987308968
87309e159ffffff,8,True,0.07017543859649122,31.342890816150845,119.78130205671172,4.656273819788061,SVR,SVR_prediction.csv,6,45.59028688340316,40.9340130636151
87309e15affffff,0,False,0.0,31.324813704672714,119.75191385436135,0.3519797829916865,SVR,SVR_prediction.csv,6,0.4261003167329493,0.07412053374126282
87309e15bffffff,2,True,0.017543859649122806,31.325536053786696,119.77385867111461,-1.931883827608934,SVR,SVR_prediction.csv,6,7.9254283357933355,9.85731216340227
87309e15cffffff,6,True,0.05263157894736842,31.35880706667637,119.7448522775192,5.968872308678446,SVR,SVR_prediction.csv,6,11.980272596020527,6.011400287342081
87309e15dffffff,5,True,0.043859649122807015,31.359525231759214,119.76680223732224,40.04985871812468,SVR,SVR_prediction.csv,6,16.648989708901066,23.400869009223616
87309e15effffff,3,True,0.02631578947368421,31.341450302561338,119.7374072814649,5.477700229599802,SVR,SVR_prediction.csv,6,0.4761924244662885,5.001507805133514
87309e160ffffff,1,True,0.008771929824561403,31.443381499948785,119.7162029405405,1.5835857862984897,SVR,SVR_prediction.csv,6,5.870890457801586,4.2873046715030965
87309e161ffffff,1,True,0.008771929824561403,31.444091213096907,119.73816899375723,5.944688691787021,SVR,SVR_prediction.csv,6,11.368502947245387,5.423814255458367
87309e162ffffff,3,True,0.02631578947368421,31.42604325253145,119.70875448997658,0.3176488127798297,SVR,SVR_prediction.csv,6,8.578649514657092,8.261000701877263
87309e163ffffff,1,True,0.008771929824561403,31.42675703260667,119.73072119676785,0.659730416972889,SVR,SVR_prediction.csv,6,4.148733618232408,3.4890032012595196
87309e164ffffff,3,True,0.02631578947368421,31.460003983131887,119.7016798348991,3.011058551132929,SVR,SVR_prediction.csv,6,6.375150113125304,3.3640915619923755
87309e165ffffff,1,True,0.008771929824561403,31.460713598918545,119.72365169032199,0.3176488127798297,SVR,SVR_prediction.csv,6,7.35415841538272,7.036509602602891
87309e166ffffff,5,True,0.043859649122807015,31.44266781784435,119.69423043285835,24.97456746135702,SVR,SVR_prediction.csv,6,0.9864892993241549,23.988078162032863
87309e168ffffff,1,True,0.008771929824561403,31.428172698046517,119.77463523889567,0.3519797829916865,SVR,SVR_prediction.csv,6,16.909825281866695,16.557845498875007
87309e169ffffff,1,True,0.008771929824561403,31.42887458993763,119.79658256703483,1.3357432313188478,SVR,SVR_prediction.csv,6,4.773226051189685,3.437482819870837
87309e16affffff,5,True,0.043859649122807015,31.410840505587625,119.76718905244493,2.7387316479458392,SVR,SVR_prediction.csv,6,11.85686259999693,9.118130952051091
87309e16bffffff,7,True,0.06140350877192982,31.411546464415014,119.78913703971693,34.2066547581149,SVR,SVR_prediction.csv,6,46.9556977661897,12.7490430080748
87309e16cffffff,9,True,0.07894736842105263,31.444796960552384,119.76012858889781,50.65371146683128,SVR,SVR_prediction.csv,6,5.199562421414959,45.45414904541632
87309e16dffffff,3,True,0.02631578947368421,31.44549874558025,119.78208172236131,4.111206524555128,SVR,SVR_prediction.csv,6,9.163480132225658,5.0522736076705295
87309e16effffff,5,True,0.043859649122807015,31.427466846690823,119.75268144760872,8.412904062434162,SVR,SVR_prediction.csv,6,10.773685937008883,2.3607818745747213
87309e170ffffff,3,True,0.02631578947368421,31.407977040013524,119.67933252910213,0.5317957192709425,SVR,SVR_prediction.csv,6,17.143536765045244,16.611741045774302
87309e171ffffff,6,True,0.05263157894736842,31.40869885746698,119.70130633886394,19.59464613370373,SVR,SVR_prediction.csv,6,1.3968812675499684,18.19776486615376
87309e172ffffff,12,True,0.10526315789473684,31.39062242908153,119.67188402785395,28.158303250210736,SVR,SVR_prediction.csv,6,18.40865632208066,9.749646928130076
87309e173ffffff,3,True,0.02631578947368421,31.391348315561398,119.69385848743616,2.553409234598554,SVR,SVR_prediction.csv,6,8.599397503471224,6.045988268872669
87309e174ffffff,0,False,0.0,31.42460378136432,119.66480172300545,0.4338955960966622,SVR,SVR_prediction.csv,6,9.07305970365195,8.639164107555288
87309e175ffffff,2,True,0.017543859649122806,31.425325503203958,119.68678133084812,0.3190665490400568,SVR,SVR_prediction.csv,6,7.699390295259165,7.3803237462191085
87309e176ffffff,8,True,0.07017543859649122,31.407251249756683,119.65735227275735,51.80189982662172,SVR,SVR_prediction.csv,6,14.654017403642612,37.14788242297911
87309e180ffffff,2,True,0.017543859649122806,31.265910723300717,119.5317727518208,0.3176488127798297,SVR,SVR_prediction.csv,4,0.9091043459980208,0.5914555332181911
87309e181ffffff,3,True,0.02631578947368421,31.26668103759934,119.55377743348974,3.508042975895045,SVR,SVR_prediction.csv,6,3.1950751351615705,0.3129678407334744
87309e182ffffff,0,False,0.0,31.24849065295858,119.52432411105995,0.3176488127798297,SVR,SVR_prediction.csv,3,3.941456262211201,3.623807449431371
87309e183ffffff,2,True,0.017543859649122806,31.249265044469585,119.54632942749238,1.0260758752788124,SVR,SVR_prediction.csv,6,3.5362677449607904,2.510191869681978
87309e185ffffff,1,True,0.008771929824561403,31.283324649070266,119.53922169820106,-1.2153502799616038,SVR,SVR_prediction.csv,5,1.7351413305328627,2.9504916104944665
87309e188ffffff,1,True,0.008771929824561403,31.25080187565965,119.59032080753778,2.0042857768387536,SVR,SVR_prediction.csv,6,1.872568426960023,0.13171734987873074
87309e189ffffff,6,True,0.05263157894736842,31.251564321801823,119.61230686380567,-2.64899716155903,SVR,SVR_prediction.csv,6,20.868637866873538,23.51763502843257
87309e18affffff,3,True,0.02631578947368421,31.23338789507337,119.58287438090306,-2.33192160206845,SVR,SVR_prediction.csv,6,1.4575948622238117,3.789516464292262
87309e18bffffff,1,True,0.008771929824561403,31.234154418506026,119.60486107754122,0.5536476918079198,SVR,SVR_prediction.csv,6,-0.19175683392876045,0.7454045257366803
87309e18cffffff,2,True,0.017543859649122806,31.26744736714062,119.57577569663552,8.693883357178667,SVR,SVR_prediction.csv,6,11.021862165050054,2.3279788078713874
87309e18dffffff,1,True,0.008771929824561403,31.268209715157905,119.5977675375833,0.7189645550127661,SVR,SVR_prediction.csv,6,15.90998798594593,15.191023430933164
87309e18effffff,2,True,0.017543859649122806,31.250035450959654,119.56832832754412,6.249833721388264,SVR,SVR_prediction.csv,6,2.2073590719116063,4.042474649476658
87309e198ffffff,0,False,0.0,31.215193193581253,119.55343450226702,0.3190665490400568,SVR,SVR_prediction.csv,4,4.364688500803955,4.0456219517638985
87309e199ffffff,0,False,0.0,31.215967774266495,119.57542825791212,0.9744294043386768,SVR,SVR_prediction.csv,6,0.9523972459417954,0.02203215839688133
87309e19bffffff,5,True,0.043859649122807015,31.19854151411216,119.56798243879796,5.659892451955369,SVR,SVR_prediction.csv,5,18.26744337975216,12.60755092779679
87309e19cffffff,0,False,0.0,31.231842908505858,119.53888172653313,10.48064409857496,SVR,SVR_prediction.csv,4,0.5016448213613776,9.978999277213582
87309e19dffffff,0,False,0.0,31.232617392816557,119.56088126267696,0.3437880483468116,SVR,SVR_prediction.csv,6,2.7863546744253864,2.442566626078575
87309e1a1ffffff,0,False,0.0,31.31737198834767,119.532111313124,-0.2536638301355933,SVR,SVR_prediction.csv,4,10.08568937659902,10.339353206734614
87309e1a3ffffff,1,True,0.008771929824561403,31.299966279451095,119.5246611211413,0.2693879697620938,SVR,SVR_prediction.csv,3,-0.32891551339176933,0.5983034831538632
87309e1a8ffffff,0,False,0.0,31.30149459189614,119.56867435966676,0.3190665490400568,SVR,SVR_prediction.csv,6,16.674028041529343,16.354961492489288
87309e1a9ffffff,1,True,0.008771929824561403,31.30225277016512,119.59067134655893,0.3679793643169283,SVR,SVR_prediction.csv,6,9.576691285853114,9.208711921536185
87309e1aaffffff,5,True,0.043859649122807015,31.28409088702852,119.56122574429222,4.098359324305456,SVR,SVR_prediction.csv,6,10.223266134822348,6.124906810516892
87309e1abffffff,8,True,0.07017543859649122,31.28485314049529,119.58322336971817,49.55168663686004,SVR,SVR_prediction.csv,6,2.577892051762103,46.973794585097934
87309e1acffffff,6,True,0.05263157894736842,31.3181340634435,119.55412050688767,39.222592419058536,SVR,SVR_prediction.csv,6,1.2594215533721964,37.96317086568634
87309e1adffffff,0,False,0.0,31.318892151346912,119.57612327938025,6.321282934713202,SVR,SVR_prediction.csv,6,5.700522611582353,0.620760323130849
87309e1aeffffff,5,True,0.043859649122807015,31.300732429403766,119.54667094996769,0.4822675699218892,SVR,SVR_prediction.csv,6,7.073398692011491,6.591131122089601
87309e300ffffff,0,False,0.0,31.281254833232598,119.99251834751529,0.3190665490400568,SVR,SVR_prediction.csv,6,0.3190665490400568,0.0
87309e301ffffff,0,False,0.0,31.281942148472773,120.01438748137586,0.3190665490400568,SVR,SVR_prediction.csv,6,0.3190665490400568,0.0
87309e302ffffff,0,False,0.0,31.263920325693174,119.98508348334468,0.3190665490400568,SVR,SVR_prediction.csv,6,0.3190665490400568,0.0
87309e303ffffff,0,False,0.0,31.264611712090307,120.00695329642949,0.3190665490400568,SVR,SVR_prediction.csv,6,0.3190665490400568,0.0
87309e304ffffff,0,False,0.0,31.29789605046632,119.97807855419043,0.3190665490400568,SVR,SVR_prediction.csv,6,0.3190665490400568,0.0
87309e305ffffff,0,False,0.0,31.29858321498306,119.99995350029157,0.3190665490400568,SVR,SVR_prediction.csv,6,0.3190665490400568,0.0
87309e306ffffff,0,False,0.0,31.280563598162733,119.97064272347575,0.3190665490400568,SVR,SVR_prediction.csv,6,0.3190665490400568,0.0
87309e308ffffff,0,False,0.0,31.265982737489047,120.05067344441173,0.3190665490400568,SVR,SVR_prediction.csv,5,0.3190665490400568,0.0
87309e309ffffff,0,False,0.0,31.26666238300985,120.07252377237032,0.3190665490400568,SVR,SVR_prediction.csv,3,0.3190665490400568,0.0
87309e30affffff,0,False,0.0,31.248654320257433,120.04324091060299,0.3190665490400568,SVR,SVR_prediction.csv,3,0.3190665490400568,0.0
87309e30cffffff,0,False,0.0,31.282625547143372,120.03625012157612,0.3190665490400568,SVR,SVR_prediction.csv,6,0.3190665490400568,0.0
87309e30dffffff,0,False,0.0,31.283305032505787,120.05810626464437,0.3190665490400568,SVR,SVR_prediction.csv,6,0.3190665490400568,0.0
87309e30effffff,0,False,0.0,31.2652991816026,120.02881661794326,0.3190665490400568,SVR,SVR_prediction.csv,6,0.3190665490400568,0.0
87309e310ffffff,0,False,0.0,31.245880314259143,119.9557719305149,0.3190665490400568,SVR,SVR_prediction.csv,6,0.3190665490400568,0.0
87309e311ffffff,0,False,0.0,31.246579693182905,119.97764890801331,0.3190665490400568,SVR,SVR_prediction.csv,6,0.3190665490400568,0.0
87309e312ffffff,0,False,0.0,31.228529484305838,119.94833696873575,0.3190665490400568,SVR,SVR_prediction.csv,6,0.3190665490400568,0.0
87309e313ffffff,0,False,0.0,31.229232936525555,119.97021462175465,0.3190665490400568,SVR,SVR_prediction.csv,5,0.3190665490400568,0.0
87309e314ffffff,0,False,0.0,31.26252578921476,119.9413243964071,0.3190665490400568,SVR,SVR_prediction.csv,6,0.3190665490400568,0.0
87309e315ffffff,0,False,0.0,31.26322501915349,119.96320718217274,0.3190665490400568,SVR,SVR_prediction.csv,6,0.3190665490400568,0.0
87309e316ffffff,0,False,0.0,31.245177011628112,119.93388847051764,0.3190665490400568,SVR,SVR_prediction.csv,6,0.33448127896577623,0.015414729925719406
87309e318ffffff,0,False,0.0,31.230628081932878,120.01395047259678,0.3190665490400568,SVR,SVR_prediction.csv,3,0.3190665490400568,0.0
87309e31cffffff,0,False,0.0,31.24727515165347,119.9995193995168,0.3190665490400568,SVR,SVR_prediction.csv,6,0.3190665490400568,0.0
87309e31dffffff,0,False,0.0,31.247966692926127,120.02138340153896,0.3190665490400568,SVR,SVR_prediction.csv,5,0.3190665490400568,0.0
87309e31effffff,0,False,0.0,31.229932467983613,119.99208579087133,0.3190665490400568,SVR,SVR_prediction.csv,4,0.3190665490400568,0.0
87309e320ffffff,0,False,0.0,31.331859623388294,119.97107100214551,0.3190665490400568,SVR,SVR_prediction.csv,6,1.5633907396586413,1.2443241906185845
87309e321ffffff,0,False,0.0,31.33254257170245,119.9929510829203,0.3190665490400568,SVR,SVR_prediction.csv,6,0.3190665490400568,0.0
87309e322ffffff,0,False,0.0,31.314535357905534,119.96363391585098,0.3190665490400568,SVR,SVR_prediction.csv,6,0.9499088471237508,0.630842298083694
87309e323ffffff,0,False,0.0,31.315222375249345,119.98551467408316,0.3190665490400568,SVR,SVR_prediction.csv,6,0.3190665490400568,0.0
87309e324ffffff,4,True,0.03508771929824561,31.348494953517378,119.95662248387553,3.999957904249401,SVR,SVR_prediction.csv,6,0.828829440036805,3.171128464212596
87309e325ffffff,0,False,0.0,31.34917775881575,119.97850837795721,0.3190665490400568,SVR,SVR_prediction.csv,6,0.9810459896840925,0.6619794406440357
87309e326ffffff,5,True,0.043859649122807015,31.331172749665104,119.94918443189515,4.10412033754222,SVR,SVR_prediction.csv,6,0.7588512364943978,3.345269101047822
87309e328ffffff,0,False,0.0,31.316584645817173,120.02925671443525,0.3190665490400568,SVR,SVR_prediction.csv,6,0.3190665490400568,0.0
87309e329ffffff,0,False,0.0,31.317259905569895,120.05111798959305,0.3190665490400568,SVR,SVR_prediction.csv,6,0.3190665490400568,0.0
87309e32affffff,0,False,0.0,31.299266459985116,120.02182195412233,0.3190665490400568,SVR,SVR_prediction.csv,6,0.3190665490400568,0.0
87309e32bffffff,0,False,0.0,31.299945788735055,120.04368391220395,0.3190665490400568,SVR,SVR_prediction.csv,6,0.3190665490400568,0.0
87309e32cffffff,0,False,0.0,31.333221597872438,120.01482467072657,0.3190665490400568,SVR,SVR_prediction.csv,6,0.3190665490400568,0.0
87309e32dffffff,0,False,0.0,31.333896705164396,120.03669176208093,0.3190665490400568,SVR,SVR_prediction.csv,5,0.3190665490400568,0.0
87309e32effffff,0,False,0.0,31.31590547013197,120.00738894143988,0.3190665490400568,SVR,SVR_prediction.csv,6,0.3190665490400568,0.0
87309e330ffffff,0,False,0.0,31.296509949844864,119.93430919914037,1.5835857862984897,SVR,SVR_prediction.csv,6,9.183770672021796,7.600184885723306
87309e331ffffff,0,False,0.0,31.29720496317361,119.95619711930733,0.3190665490400568,SVR,SVR_prediction.csv,6,0.5298197552497956,0.2107532062097388
87309e332ffffff,0,False,0.0,31.279169355499526,119.92687201883322,0.3190665490400568,SVR,SVR_prediction.csv,6,10.802587609283412,10.483521060243355
87309e333ffffff,0,False,0.0,31.279868440004247,119.94876061274819,0.3190665490400568,SVR,SVR_prediction.csv,6,0.5298197552497956,0.2107532062097388
87309e334ffffff,12,True,0.10526315789473684,31.313149542785805,119.91985294075202,39.418067050283646,SVR,SVR_prediction.csv,6,3.7411134016925733,35.67695364859107
87309e335ffffff,0,False,0.0,31.313844414838094,119.94174667023887,0.3190665490400568,SVR,SVR_prediction.csv,6,7.887915343083827,7.56884879404377
87309e336ffffff,5,True,0.043859649122807015,31.295811007221292,119.91241479719723,14.408290785686898,SVR,SVR_prediction.csv,6,16.243040396262455,1.8347496105755567
87309e370ffffff,0,False,0.0,31.301292710535012,120.08738832725271,0.3190665490400568,SVR,SVR_prediction.csv,6,0.3190665490400568,0.0
87309e371ffffff,0,False,0.0,31.301960310116304,120.10923077731043,0.3190665490400568,SVR,SVR_prediction.csv,3,0.3190665490400568,0.0
87309e372ffffff,0,False,0.0,31.283980607822645,120.07995590711853,0.3190665490400568,SVR,SVR_prediction.csv,5,0.3190665490400568,0.0
87309e373ffffff,0,False,0.0,31.284652276357804,120.10179904554616,0.3190665490400568,SVR,SVR_prediction.csv,3,0.3190665490400568,0.0
87309e374ffffff,0,False,0.0,31.31793125265634,120.07297276344669,0.3190665490400568,SVR,SVR_prediction.csv,5,0.3190665490400568,0.0
87309e375ffffff,0,False,0.0,31.318598690343926,120.09482103253914,0.3190665490400568,SVR,SVR_prediction.csv,3,0.3190665490400568,0.0
87309e376ffffff,0,False,0.0,31.300621204496675,120.06553937106723,0.3190665490400568,SVR,SVR_prediction.csv,6,0.3190665490400568,0.0
87309e3a0ffffff,1,True,0.008771929824561403,31.210461079383105,119.91901749102723,17.435902398074646,SVR,SVR_prediction.csv,6,1.6934588105302406,15.742443587544406
87309e3a1ffffff,0,False,0.0,31.21117253012534,119.94090229706872,0.3190665490400568,SVR,SVR_prediction.csv,5,3.7424337188469736,3.423367169806917
87309e3a2ffffff,6,True,0.05263157894736842,31.193093926398717,119.91158243789303,0.2749258434383851,SVR,SVR_prediction.csv,5,5.814645536382239,5.539719692943853
87309e3a3ffffff,0,False,0.0,31.19380945255503,119.93346791574714,0.3190665490400568,SVR,SVR_prediction.csv,3,6.0099649301843625,5.690898381144306
87309e3a4ffffff,0,False,0.0,31.227110804576203,119.90456222499526,-1.886861023885521,SVR,SVR_prediction.csv,6,10.377436781574795,12.264297805460316
87309e3a5ffffff,0,False,0.0,31.227822108072836,119.92645283531319,0.3190665490400568,SVR,SVR_prediction.csv,6,2.819632658317278,2.500566109277221
87309e3a6ffffff,6,True,0.05263157894736842,31.209745701075867,119.89712621018849,10.815488396508409,SVR,SVR_prediction.csv,6,5.861683919335,4.953804477173408
87309e3acffffff,0,False,0.0,31.211880056550463,119.9627806248022,0.3190665490400568,SVR,SVR_prediction.csv,3,0.3190665490400568,0.0
87309e3b0ffffff,0,False,0.0,31.17499711933117,119.88225505668387,-1.8374180252720111,SVR,SVR_prediction.csv,4,1.5610676796267984,3.3984857048988095
87309e3b1ffffff,0,False,0.0,31.175720649965108,119.90414767614395,2.308339166020307,SVR,SVR_prediction.csv,3,-1.122687003188618,3.4310261692089252
87309e3b4ffffff,2,True,0.017543859649122806,31.191651087249422,119.86779206761187,5.422433831179057,SVR,SVR_prediction.csv,6,1.3050179877893076,4.117415843389749
87309e3b5ffffff,2,True,0.017543859649122806,31.192374472378237,119.88969048734027,-1.805568827732228,SVR,SVR_prediction.csv,6,4.484534967690707,6.290103795422935
87309e3b6ffffff,0,False,0.0,31.17426965729439,119.86035597014971,0.3190665490400568,SVR,SVR_prediction.csv,4,1.2039008605842445,0.8848343115441877
87309e56bffffff,0,False,0.0,31.162883758106272,119.53109605010921,0.3190665490400568,SVR,SVR_prediction.csv,1,1.017769387951668,0.6987028389116112
87309e850ffffff,1,True,0.008771929824561403,31.595026635834955,119.65135580611202,0.3190665490400568,SVR,SVR_prediction.csv,4,6.558799908775277,6.2397333597352205
87309e851ffffff,4,True,0.03508771929824561,31.595723634158453,119.67335472803731,13.391549215118127,SVR,SVR_prediction.csv,4,4.9851071560623845,8.406442059055742
87309e852ffffff,0,False,0.0,31.577719393999196,119.64390075038263,1.6324986015753613,SVR,SVR_prediction.csv,4,25.43933108078347,23.80683247920811
87309e853ffffff,3,True,0.02631578947368421,31.57842045285509,119.66590032041132,10.991442427923488,SVR,SVR_prediction.csv,6,19.830574867519704,8.839132439596217
87309e855ffffff,1,True,0.008771929824561403,31.61232771674377,119.6588111638386,0.2197093904841309,SVR,SVR_prediction.csv,2,6.855307882079092,6.635598491594961
87309e85affffff,1,True,0.008771929824561403,31.562509406561514,119.70242729147027,0.3176488127798297,SVR,SVR_prediction.csv,4,4.359910314233544,4.042261501453715
87309e85effffff,3,True,0.02631578947368421,31.579117528806414,119.68789343706133,8.410210256801863,SVR,SVR_prediction.csv,4,7.450754060318495,0.9594561964833677
87309e8c0ffffff,2,True,0.017543859649122806,31.509146142852973,119.6360857064072,1.2220986881480445,SVR,SVR_prediction.csv,6,13.882534525328376,12.660435837180332
87309e8c1ffffff,2,True,0.017543859649122806,31.50985946885048,119.65808141587145,0.8736545095225235,SVR,SVR_prediction.csv,6,16.469087154105363,15.59543264458284
87309e8c2ffffff,3,True,0.02631578947368421,31.49181217303518,119.62863280820078,0.6556962682437429,SVR,SVR_prediction.csv,6,2.191343551533414,1.5356472832896708
87309e8c3ffffff,0,False,0.0,31.492529563815136,119.65062916383165,0.3190665490400568,SVR,SVR_prediction.csv,6,4.858138230210861,4.539071681170805
87309e8c4ffffff,5,True,0.043859649122807015,31.52576071060206,119.6215373975179,9.358898600293566,SVR,SVR_prediction.csv,6,12.782575523306553,3.4236769230129873
87309e8c5ffffff,10,True,0.08771929824561403,31.526473956525443,119.64353890696533,68.91352250992438,SVR,SVR_prediction.csv,6,2.327183793702821,66.58633871622156
87309e8c6ffffff,3,True,0.02631578947368421,31.508428832758288,119.61408355211728,3.1743687149460054,SVR,SVR_prediction.csv,6,3.5396362311944007,0.3652675162483954
87309e8c8ffffff,4,True,0.03508771929824561,31.49395240526384,119.6946025324369,9.076741360894976,SVR,SVR_prediction.csv,6,35.571710005832585,26.494968644937607
87309e8c9ffffff,23,True,0.20175438596491227,31.49465786246514,119.71657953813713,160.0379290863168,SVR,SVR_prediction.csv,6,14.051960790129334,145.98596829618748
87309e8caffffff,3,True,0.02631578947368421,31.476624476267858,119.68715187928062,0.6820710844751781,SVR,SVR_prediction.csv,6,8.01736312695512,7.335292042479942
87309e8cbffffff,3,True,0.02631578947368421,31.477333998269344,119.7091295367366,10.3492394854945,SVR,SVR_prediction.csv,6,31.629731622504575,21.280492137010075
87309e8ccffffff,1,True,0.008771929824561403,31.510568814017432,119.68007067686077,1.4838148082653406,SVR,SVR_prediction.csv,6,11.698956996317392,10.215142188052052
87309e8cdffffff,6,True,0.05263157894736842,31.511274181621886,119.7020534857358,15.87150306736198,SVR,SVR_prediction.csv,6,33.4961011355795,17.624598068217523
87309e8ceffffff,5,True,0.043859649122807015,31.4932429734695,119.67261907312432,25.00570250308168,SVR,SVR_prediction.csv,6,2.125499520829651,22.88020298225203
87309e8d0ffffff,11,True,0.09649122807017543,31.473746606715938,119.59917677105048,61.74415399826881,SVR,SVR_prediction.csv,6,1.9697927246480582,59.77436127362075
87309e8d1ffffff,2,True,0.017543859649122806,31.474472047862044,119.6211802125799,0.7514530325261141,SVR,SVR_prediction.csv,6,11.78650961485549,11.035056582329375
87309e8d2ffffff,0,False,0.0,31.456396260107724,119.5917238358518,0.3437880483468116,SVR,SVR_prediction.csv,5,13.672762297415346,13.328974249068535
87309e8d3ffffff,0,False,0.0,31.457125768129153,119.61372791977831,0.3190665490400568,SVR,SVR_prediction.csv,6,11.167117954643958,10.8480514056039
87309e8d4ffffff,1,True,0.008771929824561403,31.49036543504316,119.58462077254138,0.659730416972889,SVR,SVR_prediction.csv,5,14.500719928055517,13.840989511082627
87309e8d5ffffff,2,True,0.017543859649122806,31.491090797865454,119.60663000988353,6.607045725050915,SVR,SVR_prediction.csv,6,11.272025067941156,4.664979342890241
87309e8d6ffffff,3,True,0.02631578947368421,31.47301717762937,119.57716689263835,3.1376725759515645,SVR,SVR_prediction.csv,3,20.915890821196168,17.778218245244602
87309e8d8ffffff,2,True,0.017543859649122806,31.458572832526503,119.65771676875474,-1.5591795962362112,SVR,SVR_prediction.csv,6,0.5951233611454899,2.154302957381701
87309e8d9ffffff,2,True,0.017543859649122806,31.459290395422347,119.67970152650082,0.3437880483468116,SVR,SVR_prediction.csv,6,4.628325726975926,4.284537678629114
87309e8daffffff,1,True,0.008771929824561403,31.441228533718657,119.65026606858915,1.1724201088700814,SVR,SVR_prediction.csv,6,0.13455880865252243,1.037861300217559
87309e8dbffffff,1,True,0.008771929824561403,31.4419501635213,119.67225147433119,0.3437880483468116,SVR,SVR_prediction.csv,6,4.28075969457907,3.936971646232258
87309e8dcffffff,1,True,0.008771929824561403,31.47519350432801,119.64317721356262,1.0740285994893477,SVR,SVR_prediction.csv,6,0.1339586025655982,0.9400699969237495
87309e8ddffffff,1,True,0.008771929824561403,31.47591097937558,119.66516777034437,0.3176488127798297,SVR,SVR_prediction.csv,6,4.310912864699477,3.9932640519196476
87309e8deffffff,1,True,0.008771929824561403,31.457851291182322,119.63572556529823,0.3190665490400568,SVR,SVR_prediction.csv,6,0.459697163099185,0.1406306140591282
87309e8e0ffffff,0,False,0.0,31.559696885220568,119.61443933197783,0.3190665490400568,SVR,SVR_prediction.csv,3,0.3190665490400568,0.0
87309e8e1ffffff,0,False,0.0,31.56040599200087,119.63644599688449,0.3190665490400568,SVR,SVR_prediction.csv,5,18.543489409165165,18.22442286012511
87309e8e2ffffff,0,False,0.0,31.542373261176238,119.60698423661266,0.3190665490400568,SVR,SVR_prediction.csv,4,3.1860904567786124,2.8670239077385555
87309e8e3ffffff,1,True,0.008771929824561403,31.54308643060997,119.62899154585159,0.3190665490400568,SVR,SVR_prediction.csv,6,13.25811455106303,12.939048002022973
87309e8e8ffffff,2,True,0.017543859649122806,31.544500812421123,119.6729868243281,2.300169273767157,SVR,SVR_prediction.csv,6,19.02640155278695,16.726232279019793
87309e8e9ffffff,2,True,0.017543859649122806,31.54520203134024,119.69497478626768,-0.7569223519443767,SVR,SVR_prediction.csv,6,5.183452030316871,5.940374382261248
87309e8eaffffff,2,True,0.017543859649122806,31.52718321864646,119.66553396944823,1.8703178661726776,SVR,SVR_prediction.csv,6,15.23100838689833,13.360690520725651
87309e8ebffffff,6,True,0.05263157894736842,31.527888500234212,119.68752258131988,17.49582267087052,SVR,SVR_prediction.csv,6,3.661600122671634,13.834222548198886
87309e8ecffffff,16,True,0.14035087719298245,31.561111112302484,119.65844621420138,90.12774879713028,SVR,SVR_prediction.csv,6,3.4441031977997763,86.6836455993305
87309e8edffffff,2,True,0.017543859649122806,31.561812249398027,119.68043998027714,5.102375785452538,SVR,SVR_prediction.csv,6,18.565049536076373,13.462673750623836
87309e8eeffffff,2,True,0.017543859649122806,31.54379561326821,119.65099240964136,0.3190665490400568,SVR,SVR_prediction.csv,6,27.308315257512437,26.98924870847238
87309e8f1ffffff,3,True,0.02631578947368421,31.52504347760858,119.59952944476228,2.747330128740769,SVR,SVR_prediction.csv,4,3.374770460242249,0.62744033150148
87309e8f2ffffff,0,False,0.0,31.506982247217696,119.57005992370584,0.3679793643169283,SVR,SVR_prediction.csv,2,0.653239196831128,0.2852598325141997
87309e8f3ffffff,1,True,0.008771929824561403,31.50770753530116,119.59207495666057,0.6467479766893668,SVR,SVR_prediction.csv,5,2.7112908700055014,2.0645428933161347
87309ea00ffffff,3,True,0.02631578947368421,31.51877164214965,119.9434375126645,2.892764630053114,SVR,SVR_prediction.csv,6,11.202122621195079,8.309357991141965
87309ea01ffffff,6,True,0.05263157894736842,31.519429534398025,119.96534261582862,6.212833799794338,SVR,SVR_prediction.csv,4,8.215086303213793,2.002252503419455
87309ea02ffffff,3,True,0.02631578947368421,31.50149455154849,119.93599385431081,3.0033941585301585,SVR,SVR_prediction.csv,6,12.493338633230616,9.489944474700458
87309ea03ffffff,4,True,0.03508771929824561,31.502156504227067,119.95789963332486,4.461438115791377,SVR,SVR_prediction.csv,6,5.333433790781967,0.8719956749905906
87309ea04ffffff,4,True,0.03508771929824561,31.535384818821655,119.92897053836286,16.914366929309992,SVR,SVR_prediction.csv,4,10.565007929634348,6.349358999675644
87309ea05ffffff,3,True,0.02631578947368421,31.536042589490133,119.95088146200123,2.560030687985342,SVR,SVR_prediction.csv,3,8.673321786385815,6.113291098400473
87309ea06ffffff,9,True,0.07894736842105263,31.51810981165898,119.92152591447056,34.06067203575926,SVR,SVR_prediction.csv,6,5.419036355080613,28.641635680678647
87309ea08ffffff,2,True,0.017543859649122806,31.50346860700948,120.00169169852114,1.5613448198206492,SVR,SVR_prediction.csv,3,13.832044199579213,12.270699379758565
87309ea0affffff,2,True,0.017543859649122806,31.486197557015352,119.99425036281002,0.3190665490400568,SVR,SVR_prediction.csv,6,8.779074319925671,8.460007770885614
87309ea0bffffff,5,True,0.043859649122807015,31.486851774065272,120.0161373233278,18.230954270672243,SVR,SVR_prediction.csv,4,1.683749144585049,16.547205126087192
87309ea0effffff,6,True,0.05263157894736842,31.502814521619424,119.979798915897,22.94611177902534,SVR,SVR_prediction.csv,5,2.963919361322115,19.982192417703224
87309ea10ffffff,13,True,0.11403508771929824,31.48354136550687,119.90663754229723,43.10894248356971,SVR,SVR_prediction.csv,6,60.08842555821457,16.979483074644854
87309ea11ffffff,11,True,0.09649122807017543,31.484211318443354,119.92855048717435,37.28098637635676,SVR,SVR_prediction.csv,6,16.375109460657086,20.90587691569967
87309ea12ffffff,13,True,0.11403508771929824,31.466247928041128,119.89919379448446,20.542490370384545,SVR,SVR_prediction.csv,6,60.32717495849403,39.784684588109485
87309ea13ffffff,8,True,0.07017543859649122,31.466921943596496,119.92110741148925,34.12434888717144,SVR,SVR_prediction.csv,6,20.171254666160237,13.953094221011206
87309ea14ffffff,3,True,0.02631578947368421,31.500158827203293,119.89216282102986,2.6933983406821254,SVR,SVR_prediction.csv,6,53.11066112657624,50.41726278589412
87309ea15ffffff,3,True,0.02631578947368421,31.500828660301043,119.91408158237063,1.5835857862984897,SVR,SVR_prediction.csv,6,20.920155942741708,19.33657015644322
87309ea16ffffff,23,True,0.20175438596491227,31.482867470398112,119.88471811012614,264.3057435883941,SVR,SVR_prediction.csv,6,14.818425992892157,249.48731759550193
87309ea18ffffff,1,True,0.008771929824561403,31.46825816033855,119.96491517582558,6.235673980441892,SVR,SVR_prediction.csv,6,3.8539229206684738,2.3817510597734186
87309ea19ffffff,2,True,0.017543859649122806,31.468920368082223,119.98680931612502,3.184515682709074,SVR,SVR_prediction.csv,6,2.834259743944326,0.3502559387647479
87309ea1affffff,0,False,0.0,31.45097077064809,119.95747374077519,-1.886861023885521,SVR,SVR_prediction.csv,6,7.144919820324874,9.031780844210395
87309ea1bffffff,3,True,0.02631578947368421,31.451637040970823,119.97936855870029,3.130583894650429,SVR,SVR_prediction.csv,6,14.92047787033632,11.789893975685892
87309ea1cffffff,9,True,0.07894736842105263,31.48487733248652,119.95045694122945,-5.319415144875297,SVR,SVR_prediction.csv,6,12.499367791088725,17.818782935964023
87309ea1dffffff,1,True,0.008771929824561403,31.485539410916694,119.97235690094425,2.264913522164154,SVR,SVR_prediction.csv,6,5.304565160355407,3.0396516381912533
87309ea1effffff,12,True,0.10526315789473684,31.467592019936355,119.9430145397766,21.749800593248004,SVR,SVR_prediction.csv,6,11.379270428629143,10.370530164618861
87309ea30ffffff,0,False,0.0,31.53405745060057,119.88512921377821,0.3190665490400568,SVR,SVR_prediction.csv,5,1.815461254682419,1.496394705642362
87309ea31ffffff,4,True,0.03508771929824561,31.53472310695345,119.90705312111183,2.7465643647396787,SVR,SVR_prediction.csv,4,14.16691194391539,11.420347579175711
87309ea32ffffff,0,False,0.0,31.516774322816826,119.87768324709477,0.3190665490400568,SVR,SVR_prediction.csv,6,1.806701930384782,1.4876353813447252
87309ea33ffffff,5,True,0.043859649122807015,31.51744403964223,119.8996078247698,5.373542261552244,SVR,SVR_prediction.csv,6,6.953725604259945,1.5801833427077003
87309ea34ffffff,0,False,0.0,31.55066888731064,119.87064574880428,0.3190665490400568,SVR,SVR_prediction.csv,2,0.3190665490400568,0.0
87309ea36ffffff,1,True,0.008771929824561403,31.53338784647936,119.86319881990171,0.3190665490400568,SVR,SVR_prediction.csv,4,-0.22018714037211967,0.5392536894121764
87309ea80ffffff,2,True,0.017543859649122806,31.397703042231896,119.8913380279433,0.3190665490400568,SVR,SVR_prediction.csv,6,9.442740180617061,9.123673631577004
87309ea81ffffff,1,True,0.008771929824561403,31.39838937703169,119.91324784507164,-4.1424671760890615,SVR,SVR_prediction.csv,6,7.62578481086187,11.768251986950933
87309ea82ffffff,7,True,0.06140350877192982,31.380382970305142,119.88389641302511,22.019474500718104,SVR,SVR_prediction.csv,6,24.78935986033693,2.7698853596188258
87309ea83ffffff,6,True,0.05263157894736842,31.38107337202639,119.9058069003418,26.372262271672707,SVR,SVR_prediction.csv,6,4.96868610545443,21.403576166218276
87309ea84ffffff,3,True,0.02631578947368421,31.414330767344058,119.87686430695018,2.1301648089245497,SVR,SVR_prediction.csv,6,26.431229528167837,24.301064719243286
87309ea85ffffff,3,True,0.02631578947368421,31.41501697631171,119.89877993548268,3.422890559652336,SVR,SVR_prediction.csv,6,7.596590420821752,4.173699861169416
87309ea86ffffff,9,True,0.07894736842105263,31.39701276694952,119.86942173051993,6.854116118823737,SVR,SVR_prediction.csv,6,16.137947633626226,9.28383151480249
87309ea88ffffff,0,False,0.0,31.382442366151874,119.94960842628524,0.1933345742526956,SVR,SVR_prediction.csv,6,4.4095938032956195,4.216259229042924
87309ea89ffffff,3,True,0.02631578947368421,31.383120965091535,119.97149945787366,14.71470653944535,SVR,SVR_prediction.csv,6,4.304942611225728,10.409763928219622
87309ea8affffff,3,True,0.02631578947368421,31.365128359754785,119.9421691186722,1.6083072856052445,SVR,SVR_prediction.csv,6,0.5592530755687961,1.0490542100364484
87309ea8bffffff,2,True,0.017543859649122806,31.36581102559195,119.96406082594628,0.6100518376949261,SVR,SVR_prediction.csv,6,3.5257399002721344,2.915688062577208
87309ea8cffffff,8,True,0.07017543859649122,31.399071774617155,119.93515117837381,6.409839636229633,SVR,SVR_prediction.csv,6,10.663189164747152,4.253349528517519
87309ea8dffffff,0,False,0.0,31.39975023825779,119.95704802432844,0.3176488127798297,SVR,SVR_prediction.csv,6,19.15710345958178,18.83945464680195
87309ea8effffff,3,True,0.02631578947368421,31.381759836219608,119.92771090593652,2.797008708018733,SVR,SVR_prediction.csv,6,4.697346323261653,1.9003376152429197
87309ea90ffffff,25,True,0.21929824561403508,31.362358350663754,119.85453745818417,4.477544622241382,SVR,SVR_prediction.csv,6,75.17867238249694,70.70112776025556
87309ea91ffffff,9,True,0.07894736842105263,31.36305676132718,119.87645509096188,43.58443034629234,SVR,SVR_prediction.csv,6,14.860321122702247,28.724109223590098
87309ea92ffffff,14,True,0.12280701754385964,31.345021936374295,119.84709576274614,22.098567916590717,SVR,SVR_prediction.csv,6,64.34246337901867,42.24389546242795
87309ea93ffffff,6,True,0.05263157894736842,31.345724416099277,119.8690140619874,-10.975493125151402,SVR,SVR_prediction.csv,6,22.412269838102205,33.38776296325361
87309ea94ffffff,20,True,0.17543859649122806,31.378990341216657,119.84005600736982,97.46136573463303,SVR,SVR_prediction.csv,6,129.9982176992227,32.53685196458966
87309ea95ffffff,18,True,0.15789473684210525,31.379688627790067,119.86197944752001,60.53005117305269,SVR,SVR_prediction.csv,6,30.24486395359179,30.2851872194609
87309ea96ffffff,27,True,0.23684210526315788,31.361655995635367,119.832613352871,238.37311224956431,SVR,SVR_prediction.csv,6,180.9933248870627,57.37978736250162
87309ea98ffffff,17,True,0.14912280701754385,31.34711755458088,119.91283123500978,71.75603975466083,SVR,SVR_prediction.csv,6,1.988651945388426,69.7673878092724
87309ea99ffffff,2,True,0.017543859649122806,31.347808219860656,119.93473010172315,-1.987635918701674,SVR,SVR_prediction.csv,6,13.465802069375812,15.453437988077486
87309ea9affffff,1,True,0.008771929824561403,31.329787212938335,119.90539183698789,1.4828108914823366,SVR,SVR_prediction.csv,6,29.770962559725557,28.28815166824322
87309ea9bffffff,3,True,0.02631578947368421,31.330481947269234,119.92729137567184,1.5835857862984897,SVR,SVR_prediction.csv,6,19.182078110717903,17.598492324419414
87309ea9cffffff,12,True,0.10526315789473684,31.36375123088769,119.89836624765832,11.076232703140056,SVR,SVR_prediction.csv,6,27.251520847242556,16.175288144102502
87309ea9dffffff,2,True,0.017543859649122806,31.36444176260868,119.92027092473724,-2.2571986521013043,SVR,SVR_prediction.csv,6,18.603702467399316,20.86090111950062
87309ea9effffff,1,True,0.008771929824561403,31.346422954414496,119.89092588725485,2.03411686221265,SVR,SVR_prediction.csv,6,29.614774310662114,27.580657448449465
87309eaa0ffffff,5,True,0.043859649122807015,31.448266326762457,119.86982956776376,14.026324316761926,SVR,SVR_prediction.csv,6,27.748299912769443,13.721975596007518
87309eaa1ffffff,0,False,0.0,31.44894834867399,119.89175033916636,1.5835857862984897,SVR,SVR_prediction.csv,6,15.708063482529026,14.124477696230535
87309eaa2ffffff,17,True,0.14912280701754385,31.430956541482658,119.86238573677306,106.48960140079896,SVR,SVR_prediction.csv,6,10.330809062106164,96.15879233869279
87309eaa3ffffff,10,True,0.08771929824561403,31.431642628181187,119.88430717657695,36.74502616951212,SVR,SVR_prediction.csv,6,21.95777965090356,14.787246518608562
87309eaa4ffffff,4,True,0.03508771929824561,31.46488806617874,119.85534710845452,0.5896633988329275,SVR,SVR_prediction.csv,6,6.473592344795524,5.883928945962596
87309eaa5ffffff,7,True,0.06140350877192982,31.465569969993645,119.87727369229279,18.33601032869364,SVR,SVR_prediction.csv,6,50.217405967348675,31.881395638655036
87309eaa6ffffff,3,True,0.02631578947368421,31.447580358768292,119.84790231682462,2.745912392480542,SVR,SVR_prediction.csv,6,26.120531352614638,23.374618960134097
87309eaa8ffffff,1,True,0.008771929824561403,31.433002975474434,119.92813060973481,0.5403021368323052,SVR,SVR_prediction.csv,6,13.47053832014416,12.930236183311854
87309eaa9ffffff,4,True,0.03508771929824561,31.43367724261397,119.95003259602709,13.570200644956758,SVR,SVR_prediction.csv,6,10.808895217878622,2.7613054270781365
87309eaaaffffff,3,True,0.02631578947368421,31.415699245110275,119.92068908161392,6.433641140557758,SVR,SVR_prediction.csv,6,11.450774186428875,5.017133045871117
87309eaabffffff,12,True,0.10526315789473684,31.416377577010408,119.9425917418153,58.37996892896296,SVR,SVR_prediction.csv,6,6.151388971344351,52.22857995761861
87309eaacffffff,3,True,0.02631578947368421,31.449626427775762,119.91366462748961,0.5044186768368165,SVR,SVR_prediction.csv,6,9.787621285039574,9.283202608202757
87309eaadffffff,4,True,0.03508771929824561,31.45030056734197,119.93557242920035,-2.1591105034344245,SVR,SVR_prediction.csv,6,11.433701652526635,13.59281215596106
87309eaaeffffff,6,True,0.05263157894736842,31.432324771754523,119.90622213540944,4.094111032985086,SVR,SVR_prediction.csv,6,8.204977411614971,4.110866378629885
87309eab0ffffff,6,True,0.05263157894736842,31.4129465158254,119.8330136168439,15.909541048977928,SVR,SVR_prediction.csv,6,4.620704826421239,11.28883622255669
87309eab1ffffff,2,True,0.017543859649122806,31.413640614937993,119.85494219955461,4.756676371179816,SVR,SVR_prediction.csv,6,23.33940434835755,18.582727977177733
87309eab2ffffff,14,True,0.12280701754385964,31.395620381870724,119.82556970896077,18.30324410783227,SVR,SVR_prediction.csv,6,137.80612200229749,119.50287789446521
87309eab3ffffff,6,True,0.05263157894736842,31.396318547917687,119.84749895634226,7.072252398842127,SVR,SVR_prediction.csv,6,33.969165759083246,26.89691336024112
87309eab4ffffff,8,True,0.07017543859649122,31.429572525629432,119.81852342844213,1.8491458447138065,SVR,SVR_prediction.csv,6,6.513595826874231,4.664449982160424
87309eab5ffffff,1,True,0.008771929824561403,31.430266508388474,119.84045781954312,1.5807503137780354,SVR,SVR_prediction.csv,6,27.314341338093172,25.733591024315135
87309eab6ffffff,10,True,0.08771929824561403,31.412248466739577,119.81107856237557,-5.837840077818617,SVR,SVR_prediction.csv,6,55.433773376050844,61.27161345386946
87309eac4ffffff,3,True,0.02631578947368421,31.419051601083392,120.03013745309022,1.392423218533548,SVR,SVR_prediction.csv,3,6.72615640037117,5.333733181837622
87309eac6ffffff,0,False,0.0,31.40176205822447,120.02269960303785,0.3190665490400568,SVR,SVR_prediction.csv,4,4.554823052574022,4.235756503533965
87309ead0ffffff,0,False,0.0,31.367164576409486,120.0078247664929,0.3190665490400568,SVR,SVR_prediction.csv,5,0.011550093571369668,0.30751645546868717
87309ead2ffffff,0,False,0.0,31.349856639021876,120.00038778046815,0.3190665490400568,SVR,SVR_prediction.csv,6,0.3190665490400568,0.0
87309ead3ffffff,0,False,0.0,31.35053159740303,120.02226068791786,0.3190665490400568,SVR,SVR_prediction.csv,4,0.3190665490400568,0.0
87309ead4ffffff,1,True,0.008771929824561403,31.383795636308182,119.99338399719718,-1.218515728303379,SVR,SVR_prediction.csv,6,7.143218064328928,8.361733792632307
87309ead5ffffff,0,False,0.0,31.38446638307269,120.01526204076077,0.3190665490400568,SVR,SVR_prediction.csv,4,0.24973748682363572,0.0693290622164211
87309ead6ffffff,0,False,0.0,31.366489763387357,119.98594604305237,0.3190665490400568,SVR,SVR_prediction.csv,6,2.510573715992845,2.191507166952788
87309eadaffffff,0,False,0.0,31.334567896845687,120.05855235350974,0.3190665490400568,SVR,SVR_prediction.csv,3,0.3190665490400568,0.0
87309eae0ffffff,2,True,0.017543859649122806,31.45295779577928,120.02313869959468,0.9715939318182224,SVR,SVR_prediction.csv,4,2.58855816713878,1.6169642353205576
87309eae2ffffff,5,True,0.043859649122807015,31.435676457299813,120.0156995915905,4.9309327868687705,SVR,SVR_prediction.csv,5,19.78793105724447,14.856998270375701
87309eae4ffffff,3,True,0.02631578947368421,31.469578646447733,120.00869695717336,4.486605845162561,SVR,SVR_prediction.csv,6,3.9404707451272305,0.5461351000353307
87309eae5ffffff,1,True,0.008771929824561403,31.470232998716703,120.03057809547866,0.3679793643169283,SVR,SVR_prediction.csv,3,7.896384682551009,7.52840531823408
87309eae6ffffff,3,True,0.02631578947368421,31.45229938158815,120.00125687947161,0.5687146722068612,SVR,SVR_prediction.csv,6,16.297114289944684,15.728399617737823
87309eaf0ffffff,4,True,0.03508771929824561,31.417722443204195,119.98637759036282,6.917174630404248,SVR,SVR_prediction.csv,6,22.195566238644698,15.278391608240451
87309eaf1ffffff,2,True,0.017543859649122806,31.418388984045432,120.00826077170018,14.92846986520468,SVR,SVR_prediction.csv,6,16.036230560137245,1.1077606949325656
87309eaf2ffffff,7,True,0.06140350877192982,31.400424771224326,119.97893837942378,25.60806962189024,SVR,SVR_prediction.csv,6,5.324508048092279,20.28356157379796
87309eaf3ffffff,2,True,0.017543859649122806,31.401095376788803,120.00082224015775,1.5793325775178082,SVR,SVR_prediction.csv,6,7.812221914545984,6.232889337028176
87309eaf4ffffff,0,False,0.0,31.43434757644746,119.97192809076994,0.3423703120865844,SVR,SVR_prediction.csv,6,18.741042200215794,18.39867188812921
87309eaf5ffffff,19,True,0.16666666666666666,31.435013980250467,119.99381709045676,81.07845359845903,SVR,SVR_prediction.csv,6,5.136374360236928,75.9420792382221
87309eaf6ffffff,5,True,0.043859649122807015,31.417051975283982,119.964487912568,9.63670145670982,SVR,SVR_prediction.csv,6,17.522572158513437,7.885870701803617
87309eb80ffffff,0,False,0.0,31.51405594182272,119.78992012764382,0.3190665490400568,SVR,SVR_prediction.csv,6,-0.028163524804123208,0.34723007384418003
87309eb81ffffff,0,False,0.0,31.5147414706825,119.81187062169576,0.3190665490400568,SVR,SVR_prediction.csv,6,1.7252374011521014,1.4061708521120446
87309eb82ffffff,0,False,0.0,31.496750419200396,119.78247179738666,-1.8621395245787664,SVR,SVR_prediction.csv,6,0.33537082079901404,2.1975103453777804
87309eb83ffffff,0,False,0.0,31.49744001072595,119.80442295250919,0.4168921795938,SVR,SVR_prediction.csv,6,2.6571624117535992,2.240270232159799
87309eb84ffffff,0,False,0.0,31.53066988668245,119.7754124501018,0.3190665490400568,SVR,SVR_prediction.csv,6,1.1702315097584908,0.851164960718434
87309eb85ffffff,0,False,0.0,31.5313553146881,119.79736875455814,0.3190665490400568,SVR,SVR_prediction.csv,5,0.3190665490400568,0.0
87309eb86ffffff,0,False,0.0,31.513366451760874,119.76796316342616,0.3190665490400568,SVR,SVR_prediction.csv,6,0.16628540964665842,0.1527811393933984
87309eb88ffffff,6,True,0.05263157894736842,31.498807322337694,119.84830584429677,35.54721154350253,SVR,SVR_prediction.csv,6,2.15734996298698,33.38986158051555
87309eb89ffffff,4,True,0.03508771929824561,31.499485048975146,119.87023757382363,3.9730860906028576,SVR,SVR_prediction.csv,6,50.21401669273837,46.24093060213551
87309eb8affffff,2,True,0.017543859649122806,31.481507840554077,119.84085979806268,1.5750009723089835,SVR,SVR_prediction.csv,6,9.19051589147395,7.6155149191649665
87309eb8bffffff,1,True,0.008771929824561403,31.482189629839322,119.86279219419883,0.2566283434200497,SVR,SVR_prediction.csv,6,54.05445265372251,53.79782431030246
87309eb8cffffff,0,False,0.0,31.515423041616316,119.83381464200092,0.3190665490400568,SVR,SVR_prediction.csv,5,8.601132492826515,8.282065943786458
87309eb8dffffff,0,False,0.0,31.51610065790151,119.8557521849878,-1.8379482086086492,SVR,SVR_prediction.csv,5,8.095499456245111,9.93344766485376
87309eb8effffff,2,True,0.017543859649122806,31.498125644013403,119.82636763600391,8.65826603115858,SVR,SVR_prediction.csv,6,7.727814351717839,0.9304516794407416
87309eb90ffffff,0,False,0.0,31.47874113066474,119.7530654827171,0.3190665490400568,SVR,SVR_prediction.csv,6,8.391238096184019,8.072171547143961
87309eb91ffffff,0,False,0.0,31.479438747594408,119.77502376402064,0.3190665490400568,SVR,SVR_prediction.csv,6,1.2960494933620532,0.9769829443219964
87309eb92ffffff,9,True,0.07894736842105263,31.461419246047065,119.7456170891516,6.5834371381556736,SVR,SVR_prediction.csv,6,13.280202448071998,6.696765309916325
87309eb93ffffff,3,True,0.02631578947368421,31.462120927783577,119.76757602777974,5.793158328566085,SVR,SVR_prediction.csv,6,10.812427789447838,5.019269460881754
87309eb94ffffff,8,True,0.07017543859649122,31.495359348341648,119.73855008660239,20.67975917287453,SVR,SVR_prediction.csv,6,31.76569493747424,11.08593576459971
87309eb95ffffff,0,False,0.0,31.49605686616308,119.76051417421992,0.3190665490400568,SVR,SVR_prediction.csv,6,3.559734180285737,3.2406676312456804
87309eb96ffffff,7,True,0.06140350877192982,31.478039548645906,119.7311007390872,16.652940839427707,SVR,SVR_prediction.csv,6,33.04784670744357,16.39490586801586
87309eb98ffffff,16,True,0.14035087719298245,31.463512408151775,119.81147451004762,86.27698697558112,SVR,SVR_prediction.csv,6,6.565308589170616,79.71167838641051
87309eb99ffffff,4,True,0.03508771929824561,31.464202213322363,119.83341404651956,1.901677715108005,SVR,SVR_prediction.csv,6,21.91873050440553,20.017052789297527
87309eb9affffff,8,True,0.07017543859649122,31.446196571446837,119.80402839055637,-6.041790525418792,SVR,SVR_prediction.csv,6,21.43272200927362,27.47451253469241
87309eb9bffffff,13,True,0.11403508771929824,31.446890441419853,119.82596858990141,32.135170970407984,SVR,SVR_prediction.csv,6,14.71878045270712,17.41639051770086
87309eb9cffffff,0,False,0.0,31.480132402704808,119.79697557940196,0.3190665490400568,SVR,SVR_prediction.csv,6,16.038088834253774,15.719022285213716
87309eb9dffffff,4,True,0.03508771929824561,31.480822099267193,119.81892092527478,8.189648316821609,SVR,SVR_prediction.csv,6,16.524648403798427,8.335000086976818
87309eb9effffff,3,True,0.02631578947368421,31.462818647395558,119.78952850260801,2.8880785090648304,SVR,SVR_prediction.csv,6,15.12961573356061,12.24153722449578
87309eba2ffffff,1,True,0.008771929824561403,31.547281839430983,119.76089991930834,5.426056313350659,SVR,SVR_prediction.csv,4,11.692149480376598,6.2660931670259385
87309eba3ffffff,0,False,0.0,31.54796717015774,119.7828620340128,0.3190665490400568,SVR,SVR_prediction.csv,3,2.0213964704769243,1.7023299214368675
87309ebaaffffff,0,False,0.0,31.532036781803566,119.81931858672766,0.3190665490400568,SVR,SVR_prediction.csv,3,0.3190665490400568,0.0
87309ebb0ffffff,4,True,0.03508771929824561,31.52928713489318,119.73148043869155,12.119524162672755,SVR,SVR_prediction.csv,6,10.880054510579711,1.2394696520930442
87309ebb1ffffff,0,False,0.0,31.529980494509417,119.75344967694693,0.3190665490400568,SVR,SVR_prediction.csv,6,10.929782939131373,10.610716390091316
87309ebb2ffffff,14,True,0.12280701754385964,31.511975574933214,119.72402983886673,11.681580814722317,SVR,SVR_prediction.csv,6,35.2488365579886,23.56725574326628
87309ebb3ffffff,1,True,0.008771929824561403,31.512672997222175,119.7459997326336,1.5835857862984897,SVR,SVR_prediction.csv,6,7.573010632898296,5.989424846599806
87309ebb4ffffff,3,True,0.02631578947368421,31.54589927329852,119.71695629182575,4.683977566624155,SVR,SVR_prediction.csv,5,11.738473394060291,7.054495827436136
87309ebb5ffffff,9,True,0.07894736842105263,31.54659254157022,119.7389313373776,45.81139827438622,SVR,SVR_prediction.csv,4,5.637156147921906,40.174242126464314
87309ebb6ffffff,2,True,0.017543859649122806,31.52858980455917,119.70950473894337,1.2007180724070263,SVR,SVR_prediction.csv,6,10.18258098838456,8.981862915977533
