id,pop,geometry
87309e000ffffff,863.6367797851562,"POLYGON ((119.6978298323664 31.265919198810078, 119.69547259240588 31.27726265513572, 119.68331236232518 31.28256283166886, 119.67350883948785 31.27651888129487, 119.67586779355725 31.265174030073602, 119.68802855631412 31.259874524074384, 119.6978298323664 31.265919198810078))"
87309e001ffffff,799.9654541015625,"POLYGON ((119.7197854290453 31.26666040427787, 119.71742990298196 31.278002464814556, 119.7052737515944 31.28330392558845, 119.69547259240588 31.27726265513572, 119.6978298323664 31.265919198810078, 119.70998651757688 31.260618408678788, 119.7197854290453 31.26666040427787))"
87309e002ffffff,661.7808837890625,"POLYGON ((119.69038621260309 31.248528334485155, 119.68802855631412 31.259874524074384, 119.67586779355725 31.265174030073602, 119.66606415483571 31.259126675027847, 119.66842352506555 31.24777909004553, 119.6805848200352 31.242480255454552, 119.69038621260309 31.248528334485155))"
87309e003ffffff,645.6145629882812,"POLYGON ((119.71234246013611 31.249273615376637, 119.70998651757688 31.260618408678788, 119.6978298323664 31.265919198810078, 119.68802855631412 31.259874524074384, 119.69038621260309 31.248528334485155, 119.70254343117335 31.243228215871447, 119.71234246013611 31.249273615376637))"
87309e004ffffff,2022.8577880859375,"POLYGON ((119.68331236232518 31.28256283166886, 119.68095382453133 31.29390494826697, 119.66879004945346 31.29920450804241, 119.65898428013719 31.29316128162088, 119.6613445324185 31.28181777151933, 119.67350883948785 31.27651888129487, 119.68331236232518 31.28256283166886))"
87309e005ffffff,365.5543212890625,"POLYGON ((119.7052737515944 31.28330392558845, 119.70291692807727 31.29464464778926, 119.69075723113608 31.299945493982303, 119.68095382453133 31.29390494826697, 119.68331236232518 31.28256283166886, 119.69547259240588 31.27726265513572, 119.7052737515944 31.28330392558845))"
87309e006ffffff,827.2638549804688,"POLYGON ((119.67586779355725 31.265174030073602, 119.67350883948785 31.27651888129487, 119.6613445324185 31.28181777151933, 119.6515386478501 31.27577114005034, 119.65389931623852 31.26442489482796, 119.66606415483571 31.259126675027847, 119.67586779355725 31.265174030073602))"
87309e008ffffff,48.77572250366211,"POLYGON ((119.75623562074423 31.250752299474158, 119.75388310500493 31.262094297524925, 119.74173457998292 31.267397649718845, 119.73193803500894 31.261358332081652, 119.7342922640511 31.250014935959378, 119.74644132472237 31.244712255499035, 119.75623562074423 31.250752299474158))"
87309e009ffffff,381.6248474121094,"POLYGON ((119.7781725266213 31.25148570916304, 119.7758217239691 31.26282630825193, 119.76367728157793 31.268130938376235, 119.75388310500493 31.262094297524925, 119.75623562074423 31.250752299474158, 119.76838059992706 31.245448341190052, 119.7781725266213 31.25148570916304))"
87309e00affffff,8.866986274719238,"POLYGON ((119.74879425717624 31.233367526542644, 119.74644132472237 31.244712255499035, 119.7342922640511 31.250014935959378, 119.72449560060508 31.243972214806448, 119.72685024619528 31.23262608727996, 119.73899984205332 31.227324079429795, 119.74879425717624 31.233367526542644))"
87309e00bffffff,417.6257019042969,"POLYGON ((119.77073181945971 31.234105011694798, 119.76838059992706 31.245448341190052, 119.75623562074423 31.250752299474158, 119.74644132472237 31.244712255499035, 119.74879425717624 31.233367526542644, 119.76093977268846 31.22806424097604, 119.77073181945971 31.234105011694798))"
87309e00cffffff,422.2903137207031,"POLYGON ((119.74173457998292 31.267397649718845, 119.7393807676035 31.278738313574465, 119.72722869660798 31.28404105652104, 119.71742990298196 31.278002464814556, 119.7197854290453 31.26666040427787, 119.73193803500894 31.261358332081652, 119.74173457998292 31.267397649718845))"
87309e00dffffff,15.68537425994873,"POLYGON ((119.76367728157793 31.268130938376235, 119.76132518266768 31.279470204659837, 119.74917719375745 31.28477422771099, 119.7393807676035 31.278738313574465, 119.74173457998292 31.267397649718845, 119.75388310500493 31.262094297524925, 119.76367728157793 31.268130938376235))"
87309e00effffff,282.291015625,"POLYGON ((119.7342922640511 31.250014935959378, 119.73193803500894 31.261358332081652, 119.7197854290453 31.26666040427787, 119.70998651757688 31.260618408678788, 119.71234246013611 31.249273615376637, 119.72449560060508 31.243972214806448, 119.7342922640511 31.250014935959378))"
87309e010ffffff,435.9410705566406,"POLYGON ((119.66097955708318 31.230378012439306, 119.65861977080812 31.24172833031763, 119.64645440114671 31.247025878819766, 119.63664828711947 31.240972437224045, 119.6390097873762 31.22962072435187, 119.65117568763816 31.224323848021612, 119.66097955708318 31.230378012439306))"
87309e011ffffff,467.81866455078125,"POLYGON ((119.68294289253755 31.23113133346589, 119.6805848200352 31.242480255454552, 119.66842352506555 31.24777909004553, 119.65861977080812 31.24172833031763, 119.66097955708318 31.230378012439306, 119.67314138380223 31.22507985013112, 119.68294289253755 31.23113133346589))"
87309e012ffffff,2173.797119140625,"POLYGON ((119.65353588984324 31.212970798115283, 119.65117568763816 31.224323848021612, 119.6390097873762 31.22962072435187, 119.6292035591422 31.223563877682242, 119.63156547516006 31.212209432287047, 119.64373190555894 31.206913229002772, 119.65353588984324 31.212970798115283))"
87309e013ffffff,249.00906372070312,"POLYGON ((119.67549987240297 31.213728196610194, 119.67314138380223 31.22507985013112, 119.66097955708318 31.230378012439306, 119.65117568763816 31.224323848021612, 119.65353588984324 31.212970798115283, 119.66569824784838 31.207673308964708, 119.67549987240297 31.213728196610194))"
87309e014ffffff,7179.0537109375,"POLYGON ((119.64645440114671 31.247025878819766, 119.64409331676644 31.258374858300005, 119.63192440404057 31.263671789834042, 119.62211604574078 31.257619070653035, 119.62447884447951 31.246268697571267, 119.63664828711947 31.240972437224045, 119.64645440114671 31.247025878819766))"
87309e015ffffff,1084.6771240234375,"POLYGON ((119.66842352506555 31.24777909004553, 119.66606415483571 31.259126675027847, 119.65389931623852 31.26442489482796, 119.64409331676644 31.258374858300005, 119.64645440114671 31.247025878819766, 119.65861977080812 31.24172833031763, 119.66842352506555 31.24777909004553))"
87309e016ffffff,1165.7054443359375,"POLYGON ((119.6390097873762 31.22962072435187, 119.63664828711947 31.240972437224045, 119.62447884447951 31.246268697571267, 119.61467037260621 31.24021257293841, 119.61703358705209 31.228859465969457, 119.6292035591422 31.223563877682242, 119.6390097873762 31.22962072435187))"
87309e018ffffff,269.8810119628906,"POLYGON ((119.71940852664865 31.215231104533583, 119.71705346462508 31.22657996259891, 119.70489979011361 31.231880690667143, 119.69510064400458 31.225831887245015, 119.69745741921095 31.21448163100482, 119.70961162730217 31.20918157631475, 119.71940852664865 31.215231104533583))"
87309e019ffffff,120.16445922851562,"POLYGON ((119.74135319110712 31.21597662043228, 119.73899984205332 31.227324079429795, 119.72685024619528 31.23262608727996, 119.71705346462508 31.22657996259891, 119.71940852664865 31.215231104533583, 119.73155865723089 31.209929770170493, 119.74135319110712 31.21597662043228))"
87309e01affffff,17.23281478881836,"POLYGON ((119.71196710564429 31.197829988578942, 119.70961162730217 31.20918157631475, 119.69745741921095 31.21448163100482, 119.68765815630368 31.208429423657673, 119.69001534766123 31.197076437250804, 119.7021700888694 31.191777056815358, 119.71196710564429 31.197829988578942))"
87309e01bffffff,165.56842041015625,"POLYGON ((119.73391242277005 31.19857958199933, 119.73155865723089 31.209929770170493, 119.71940852664865 31.215231104533583, 119.70961162730217 31.20918157631475, 119.71196710564429 31.197829988578942, 119.72411777048828 31.192529328580065, 119.73391242277005 31.19857958199933))"
87309e01cffffff,762.0580444335938,"POLYGON ((119.70489979011361 31.231880690667143, 119.70254343117335 31.243228215871447, 119.69038621260309 31.248528334485155, 119.6805848200352 31.242480255454552, 119.68294289253755 31.23113133346589, 119.69510064400458 31.225831887245015, 119.70489979011361 31.231880690667143))"
87309e01dffffff,332.0902404785156,"POLYGON ((119.72685024619528 31.23262608727996, 119.72449560060508 31.243972214806448, 119.71234246013611 31.249273615376637, 119.70254343117335 31.243228215871447, 119.70489979011361 31.231880690667143, 119.71705346462508 31.22657996259891, 119.72685024619528 31.23262608727996))"
87309e01effffff,471.47711181640625,"POLYGON ((119.69745741921095 31.21448163100482, 119.69510064400458 31.225831887245015, 119.68294289253755 31.23113133346589, 119.67314138380223 31.22507985013112, 119.67549987240297 31.213728196610194, 119.68765815630368 31.208429423657673, 119.69745741921095 31.21448163100482))"
87309e020ffffff,178.847412109375,"POLYGON ((119.67623586711021 31.31658510355149, 119.67387644738898 31.327923140834315, 119.66170965895864 31.33322274838891, 119.65190175843908 31.32718365091569, 119.65426289319446 31.315844222021077, 119.66643021339458 31.31054528216314, 119.67623586711021 31.31658510355149))"
87309e021ffffff,171.42283630371094,"POLYGON ((119.69820239975671 31.31732201617057, 119.69584469485933 31.328658660947916, 119.68368198515537 31.333959557206366, 119.67387644738898 31.327923140834315, 119.67623586711021 31.31658510355149, 119.68839910973294 31.311284875098107, 119.69820239975671 31.31732201617057))"
87309e022ffffff,2981.22607421875,"POLYGON ((119.66879004945346 31.29920450804241, 119.66643021339458 31.31054528216314, 119.65426289319446 31.315844222021077, 119.64445487770688 31.30980171914126, 119.64681642863124 31.298459552909993, 119.65898428013719 31.29316128162088, 119.66879004945346 31.29920450804241))"
87309e023ffffff,757.1776123046875,"POLYGON ((119.69075723113608 31.299945493982303, 119.68839910973294 31.311284875098107, 119.67623586711021 31.31658510355149, 119.66643021339458 31.31054528216314, 119.66879004945346 31.29920450804241, 119.68095382453133 31.29390494826697, 119.69075723113608 31.299945493982303))"
87309e024ffffff,1711.9554443359375,"POLYGON ((119.66170965895864 31.33322274838891, 119.65934894048763 31.34455943909195, 119.64717860612548 31.349858422588387, 119.63736845911049 31.343820048616966, 119.63973089299348 31.33248196769597, 119.65190175843908 31.32718365091569, 119.66170965895864 31.33322274838891))"
87309e025ffffff,5331.69189453125,"POLYGON ((119.68368198515537 31.333959557206366, 119.68132298188705 31.345294856797235, 119.66915672569043 31.35059513117662, 119.65934894048763 31.34455943909195, 119.66170965895864 31.33322274838891, 119.67387644738898 31.327923140834315, 119.68368198515537 31.333959557206366))"
87309e026ffffff,2120.674560546875,"POLYGON ((119.65426289319446 31.315844222021077, 119.65190175843908 31.32718365091569, 119.63973089299348 31.33248196769597, 119.62992063164378 31.32644018794571, 119.63228348164206 31.31509936833418, 119.64445487770688 31.30980171914126, 119.65426289319446 31.315844222021077))"
87309e028ffffff,144.47561645507812,"POLYGON ((119.73467226259085 31.301415571261998, 119.73231756986375 31.31275216368969, 119.72016248751122 31.31805496312485, 119.71036156309506 31.312020501191423, 119.71271797005375 31.300682513973673, 119.72487358715534 31.29538038343191, 119.73467226259085 31.301415571261998))"
87309e029ffffff,16.16162872314453,"POLYGON ((119.75662010514141 31.30214466909408, 119.75426712643156 31.31347986584093, 119.7421161267606 31.31878394766227, 119.73231756986375 31.31275216368969, 119.73467226259085 31.301415571261998, 119.74682379815548 31.296112158440465, 119.75662010514141 31.30214466909408))"
87309e02affffff,460.6163330078125,"POLYGON ((119.72722869660798 31.28404105652104, 119.72487358715534 31.29538038343191, 119.71271797005375 31.300682513973673, 119.70291692807727 31.29464464778926, 119.7052737515944 31.28330392558845, 119.71742990298196 31.278002464814556, 119.72722869660798 31.28404105652104))"
87309e02bffffff,757.2068481445312,"POLYGON ((119.74917719375745 31.28477422771099, 119.74682379815548 31.296112158440465, 119.73467226259085 31.301415571261998, 119.72487358715534 31.29538038343191, 119.72722869660798 31.28404105652104, 119.7393807676035 31.278738313574465, 119.74917719375745 31.28477422771099))"
87309e02cffffff,207.62582397460938,"POLYGON ((119.72016248751122 31.31805496312485, 119.71780649722584 31.32939021450422, 119.70564786795373 31.33469239739596, 119.69584469485933 31.328658660947916, 119.69820239975671 31.31732201617057, 119.71036156309506 31.312020501191423, 119.72016248751122 31.31805496312485))"
87309e02dffffff,0.0,"POLYGON ((119.7421161267606 31.31878394766227, 119.73976185087382 31.330117804752337, 119.7276073037334 31.335421272206712, 119.71780649722584 31.32939021450422, 119.72016248751122 31.31805496312485, 119.73231756986375 31.31275216368969, 119.7421161267606 31.31878394766227))"
87309e02effffff,117.29907989501953,"POLYGON ((119.71271797005375 31.300682513973673, 119.71036156309506 31.312020501191423, 119.69820239975671 31.31732201617057, 119.68839910973294 31.311284875098107, 119.69075723113608 31.299945493982303, 119.70291692807727 31.29464464778926, 119.71271797005375 31.300682513973673))"
87309e030ffffff,5820.35986328125,"POLYGON ((119.63937026550221 31.28106874189826, 119.63700829852428 31.292413644608207, 119.62483637230442 31.297710625342344, 119.6150258833317 31.291662033987606, 119.61738956521386 31.28031573956545, 119.62956202112451 31.27501942816183, 119.63937026550221 31.28106874189826))"
87309e031ffffff,8666.9345703125,"POLYGON ((119.6613445324185 31.28181777151933, 119.65898428013719 31.29316128162088, 119.64681642863124 31.298459552909993, 119.63700829852428 31.292413644608207, 119.63937026550221 31.28106874189826, 119.6515386478501 31.27577114005034, 119.6613445324185 31.28181777151933))"
87309e032ffffff,17055.85546875,"POLYGON ((119.63192440404057 31.263671789834042, 119.62956202112451 31.27501942816183, 119.61738956521386 31.28031573956545, 119.6075789629528 31.274263742390456, 119.60994306060353 31.262914711854158, 119.62211604574078 31.257619070653035, 119.63192440404057 31.263671789834042))"
87309e033ffffff,9847.12109375,"POLYGON ((119.65389931623852 31.26442489482796, 119.6515386478501 31.27577114005034, 119.63937026550221 31.28106874189826, 119.62956202112451 31.27501942816183, 119.63192440404057 31.263671789834042, 119.64409331676644 31.258374858300005, 119.65389931623852 31.26442489482796))"
87309e034ffffff,842.1063842773438,"POLYGON ((119.62483637230442 31.297710625342344, 119.62247310630643 31.30905418278859, 119.61029763609515 31.31435053924705, 119.6004849028395 31.308302669862673, 119.60284988411777 31.29695772209818, 119.6150258833317 31.291662033987606, 119.62483637230442 31.297710625342344))"
87309e035ffffff,3728.525634765625,"POLYGON ((119.64681642863124 31.298459552909993, 119.64445487770688 31.30980171914126, 119.63228348164206 31.31509936833418, 119.62247310630643 31.30905418278859, 119.62483637230442 31.297710625342344, 119.63700829852428 31.292413644608207, 119.64681642863124 31.298459552909993))"
87309e036ffffff,353.3901062011719,"POLYGON ((119.61738956521386 31.28031573956545, 119.6150258833317 31.291662033987606, 119.60284988411777 31.29695772209818, 119.5930370382083 31.29090644651906, 119.59540243520074 31.279558761282132, 119.6075789629528 31.274263742390456, 119.61738956521386 31.28031573956545))"
87309e040ffffff,18381.36328125,"POLYGON ((119.85138352284454 31.271024590081915, 119.84903827563242 31.28235825719199, 119.83690663188378 31.287667379978533, 119.82711969463267 31.281642164333412, 119.82946665443946 31.270307096099526, 119.84159883885899 31.264998644588673, 119.85138352284454 31.271024590081915))"
87309e041ffffff,5887.13720703125,"POLYGON ((119.87329392404563 31.271738143517076, 119.87095038920572 31.283070408618343, 119.85882283592456 31.288380801167673, 119.84903827563242 31.28235825719199, 119.85138352284454 31.271024590081915, 119.8635116179325 31.26571486891067, 119.87329392404563 31.271738143517076))"
87309e042ffffff,23036.087890625,"POLYGON ((119.84394450355981 31.25366224771599, 119.84159883885899 31.264998644588673, 119.82946665443946 31.270307096099526, 119.81967959446763 31.26427847853712, 119.82202697159907 31.252940680038467, 119.83415969622814 31.24763290068239, 119.84394450355981 31.25366224771599))"
87309e043ffffff,20161.01171875,"POLYGON ((119.86585557042459 31.254379874549578, 119.8635116179325 31.26571486891067, 119.85138352284454 31.271024590081915, 119.84159883885899 31.264998644588673, 119.84394450355981 31.25366224771599, 119.85607313999348 31.248353198802572, 119.86585557042459 31.254379874549578))"
87309e044ffffff,12212.0166015625,"POLYGON ((119.83690663188378 31.287667379978533, 119.83456008951563 31.29899971709167, 119.82242489695982 31.30430823834124, 119.81263570673356 31.29828375213714, 119.81498396208177 31.286950015288678, 119.82711969463267 31.281642164333412, 119.83690663188378 31.287667379978533))"
87309e045ffffff,7870.134765625,"POLYGON ((119.85882283592456 31.288380801167673, 119.85647800631497 31.299711737660004, 119.84434690369856 31.30502153084345, 119.83456008951563 31.29899971709167, 119.83690663188378 31.287667379978533, 119.84903827563242 31.28235825719199, 119.85882283592456 31.288380801167673))"
87309e046ffffff,11998.35546875,"POLYGON ((119.82946665443946 31.270307096099526, 119.82711969463267 31.281642164333412, 119.81498396208177 31.286950015288678, 119.80519464976092 31.28092212679151, 119.80754332238332 31.26958565831996, 119.81967959446763 31.26427847853712, 119.82946665443946 31.270307096099526))"
87309e048ffffff,2089.36376953125,"POLYGON ((119.9096582946927 31.255803318681455, 119.90731776594629 31.267135505367246, 119.89519785449941 31.27244775965623, 119.88541792814084 31.266427154753103, 119.88776016864762 31.255093563788037, 119.8998806237079 31.2497819819603, 119.9096582946927 31.255803318681455))"
87309e049ffffff,1.1775120496749878,"POLYGON ((119.93154994503337 31.256509142481256, 119.92921112782082 31.26783992400573, 119.91709531067234 31.273153441751973, 119.90731776594629 31.267135505367246, 119.9096582946927 31.255803318681455, 119.9217746565862 31.250490473496868, 119.93154994503337 31.256509142481256))"
87309e04affffff,2084.80126953125,"POLYGON ((119.90222157031832 31.23844706787775, 119.8998806237079 31.2497819819603, 119.88776016864762 31.255093563788037, 119.87798011700016 31.249069558145585, 119.88032277520843 31.23773323928051, 119.89244377342168 31.232422330795384, 119.90222157031832 31.23844706787775))"
87309e04bffffff,0.0,"POLYGON ((119.92411389182466 31.239156965079555, 119.9217746565862 31.250490473496868, 119.9096582946927 31.255803318681455, 119.8998806237079 31.2497819819603, 119.90222157031832 31.23844706787775, 119.91433847649661 31.23313489613682, 119.92411389182466 31.239156965079555))"
87309e04cffffff,3107.279052734375,"POLYGON ((119.89519785449941 31.27244775965623, 119.89285603180772 31.283778621864954, 119.88073257065369 31.289090282108496, 119.87095038920572 31.283070408618343, 119.87329392404563 31.271738143517076, 119.88541792814084 31.266427154753103, 119.89519785449941 31.27244775965623))"
87309e04dffffff,3343.69287109375,"POLYGON ((119.91709531067234 31.273153441751973, 119.91475519990335 31.284482900185534, 119.90263583253045 31.289795826054696, 119.89285603180772 31.283778621864954, 119.89519785449941 31.27244775965623, 119.90731776594629 31.267135505367246, 119.91709531067234 31.273153441751973))"
87309e04effffff,5093.49658203125,"POLYGON ((119.88776016864762 31.255093563788037, 119.88541792814084 31.266427154753103, 119.87329392404563 31.271738143517076, 119.8635116179325 31.26571486891067, 119.86585557042459 31.254379874549578, 119.87798011700016 31.249069558145585, 119.88776016864762 31.255093563788037))"
87309e050ffffff,8629.9404296875,"POLYGON ((119.81458758359595 31.235568132633034, 119.81223978925398 31.246908660537496, 119.80010297809787 31.252215168269544, 119.79031342263055 31.24618047512169, 119.79266292945873 31.23483854597748, 119.80480027922499 31.22953271117491, 119.81458758359595 31.235568132633034))"
87309e051ffffff,6740.22119140625,"POLYGON ((119.83650577830372 31.236293774905153, 119.83415969622814 31.24763290068239, 119.82202697159907 31.252940680038467, 119.81223978925398 31.246908660537496, 119.81458758359595 31.235568132633034, 119.82672084797322 31.23026102631104, 119.83650577830372 31.236293774905153))"
87309e052ffffff,5868.35498046875,"POLYGON ((119.80714849066344 31.218189454726517, 119.80480027922499 31.22953271117491, 119.79266292945873 31.23483854597748, 119.78287325293951 31.22880045047739, 119.78522317669919 31.217455792289535, 119.79736106461397 31.212150631295344, 119.80714849066344 31.218189454726517))"
87309e053ffffff,0.6275230050086975,"POLYGON ((119.8290673473096 31.21891917249027, 119.82672084797322 31.23026102631104, 119.81458758359595 31.235568132633034, 119.80480027922499 31.22953271117491, 119.80714849066344 31.218189454726517, 119.8192822943275 31.21288302231823, 119.8290673473096 31.21891917249027))"
87309e054ffffff,2207.7890625,"POLYGON ((119.80010297809787 31.252215168269544, 119.79775388831546 31.26355436750732, 119.7856135302387 31.26886027349462, 119.7758217239691 31.26282630825193, 119.7781725266213 31.25148570916304, 119.79031342263055 31.24618047512169, 119.80010297809787 31.252215168269544))"
87309e055ffffff,6006.8330078125,"POLYGON ((119.82202697159907 31.252940680038467, 119.81967959446763 31.26427847853712, 119.80754332238332 31.26958565831996, 119.79775388831546 31.26355436750732, 119.80010297809787 31.252215168269544, 119.81223978925398 31.246908660537496, 119.82202697159907 31.252940680038467))"
87309e056ffffff,2294.59765625,"POLYGON ((119.79266292945873 31.23483854597748, 119.79031342263055 31.24618047512169, 119.7781725266213 31.25148570916304, 119.76838059992706 31.245448341190052, 119.77073181945971 31.234105011694798, 119.78287325293951 31.22880045047739, 119.79266292945873 31.23483854597748))"
87309e058ffffff,4207.11572265625,"POLYGON ((119.87288567441523 31.2203667869697, 119.87054259861915 31.231705832875534, 119.85841751002398 31.23701547603885, 119.84863495562207 31.230985399129555, 119.85097974307716 31.219644948823362, 119.86310537323114 31.21433597978166, 119.87288567441523 31.2203667869697))"
87309e059ffffff,2732.64013671875,"POLYGON ((119.8947851377826 31.22108469017446, 119.89244377342168 31.232422330795384, 119.88032277520843 31.23773323928051, 119.87054259861915 31.231705832875534, 119.87288567441523 31.2203667869697, 119.88500721532098 31.215056552708813, 119.8947851377826 31.22108469017446))"
87309e05affffff,79.27708435058594,"POLYGON ((119.8654488665014 31.20299420769728, 119.86310537323114 31.21433597978166, 119.85097974307716 31.219644948823362, 119.8411970650515 31.213611470732776, 119.84354226981738 31.202268293747192, 119.8556684410694 31.196959999708326, 119.8654488665014 31.20299420769728))"
87309e05bffffff,2837.697265625,"POLYGON ((119.8873489973189 31.20371618641086, 119.88500721532098 31.215056552708813, 119.87288567441523 31.2203667869697, 119.86310537323114 31.21433597978166, 119.8654488665014 31.20299420769728, 119.87757094963911 31.197684648542513, 119.8873489973189 31.20371618641086))"
87309e05cffffff,12130.275390625,"POLYGON ((119.85841751002398 31.23701547603885, 119.85607313999348 31.248353198802572, 119.84394450355981 31.25366224771599, 119.83415969622814 31.24763290068239, 119.83650577830372 31.236293774905153, 119.84863495562207 31.230985399129555, 119.85841751002398 31.23701547603885))"
87309e05dffffff,2354.1298828125,"POLYGON ((119.88032277520843 31.23773323928051, 119.87798011700016 31.249069558145585, 119.86585557042459 31.254379874549578, 119.85607313999348 31.248353198802572, 119.85841751002398 31.23701547603885, 119.87054259861915 31.231705832875534, 119.88032277520843 31.23773323928051))"
87309e05effffff,2383.694091796875,"POLYGON ((119.85097974307716 31.219644948823362, 119.84863495562207 31.230985399129555, 119.83650577830372 31.236293774905153, 119.82672084797322 31.23026102631104, 119.8290673473096 31.21891917249027, 119.8411970650515 31.213611470732776, 119.85097974307716 31.219644948823362))"
87309e060ffffff,1587.817626953125,"POLYGON ((119.82986612678404 31.32166032664883, 119.82751870632683 31.332988597692374, 119.81538050459936 31.338297182689082, 119.80558918350556 31.3322768281589, 119.80793831749237 31.320947159272716, 119.82007705900003 31.31563924271272, 119.82986612678404 31.32166032664883))"
87309e061ffffff,749.6254272460938,"POLYGON ((119.85178746965042 31.322369547867893, 119.84944176250168 31.333696420183415, 119.83730765132093 31.33900627938827, 119.82751870632683 31.332988597692374, 119.82986612678404 31.32166032664883, 119.84200077888316 31.31635113598283, 119.85178746965042 31.322369547867893))"
87309e062ffffff,1945.898681640625,"POLYGON ((119.82242489695982 31.30430823834124, 119.82007705900003 31.31563924271272, 119.80793831749237 31.320947159272716, 119.79814687458297 31.314923402101066, 119.80049642590762 31.30359099938352, 119.81263570673356 31.29828375213714, 119.82242489695982 31.30430823834124))"
87309e063ffffff,2555.566162109375,"POLYGON ((119.84434690369856 31.30502153084345, 119.84200077888316 31.31635113598283, 119.82986612678404 31.32166032664883, 119.82007705900003 31.31563924271272, 119.82242489695982 31.30430823834124, 119.83456008951563 31.29899971709167, 119.84434690369856 31.30502153084345))"
87309e064ffffff,26482.24609375,"POLYGON ((119.81538050459936 31.338297182689082, 119.81303178806463 31.34962411689504, 119.800890036565 31.354932093070264, 119.79109646245419 31.348912467534852, 119.79344689290313 31.337584136876405, 119.80558918350556 31.3322768281589, 119.81538050459936 31.338297182689082))"
87309e065ffffff,22261.841796875,"POLYGON ((119.83730765132093 31.33900627938827, 119.83496064848036 31.350331816255856, 119.82282298699504 31.355641068812634, 119.81303178806463 31.34962411689504, 119.81538050459936 31.338297182689082, 119.82751870632683 31.332988597692374, 119.83730765132093 31.33900627938827))"
87309e066ffffff,1551.4935302734375,"POLYGON ((119.80793831749237 31.320947159272716, 119.80558918350556 31.3322768281589, 119.79344689290313 31.337584136876405, 119.7836531976041 31.331561108327186, 119.78600404534006 31.320230042484887, 119.79814687458297 31.314923402101066, 119.80793831749237 31.320947159272716))"
87309e068ffffff,1218.6341552734375,"POLYGON ((119.8881715100153 31.30643628949666, 119.88582881082085 31.31776309351852, 119.87370234253646 31.32307482618585, 119.86391803067322 31.317059085166086, 119.86626244256635 31.30573088014365, 119.87838945357966 31.300419817095715, 119.8881715100153 31.30643628949666))"
87309e069ffffff,1123.7626953125,"POLYGON ((119.91007410250718 31.307137762158597, 119.90773311578633 31.318463164297437, 119.89561074189689 31.32377616485996, 119.88582881082085 31.31776309351852, 119.8881715100153 31.30643628949666, 119.90029442776739 31.30112395865369, 119.91007410250718 31.307137762158597))"
87309e06affffff,1951.8995361328125,"POLYGON ((119.88073257065369 31.289090282108496, 119.87838945357966 31.300419817095715, 119.86626244256635 31.30573088014365, 119.85647800631497 31.299711737660004, 119.85882283592456 31.288380801167673, 119.87095038920572 31.283070408618343, 119.88073257065369 31.289090282108496))"
87309e06bffffff,512.2103881835938,"POLYGON ((119.90263583253045 31.289795826054696, 119.90029442776739 31.30112395865369, 119.8881715100153 31.30643628949666, 119.87838945357966 31.300419817095715, 119.88073257065369 31.289090282108496, 119.89285603180772 31.283778621864954, 119.90263583253045 31.289795826054696))"
87309e06cffffff,2857.628662109375,"POLYGON ((119.87370234253646 31.32307482618585, 119.8713583484736 31.334400298889175, 119.85922832950574 31.339711430231088, 119.84944176250168 31.333696420183415, 119.85178746965042 31.322369547867893, 119.86391803067322 31.317059085166086, 119.87370234253646 31.32307482618585))"
87309e06dffffff,4982.2373046875,"POLYGON ((119.89561074189689 31.32377616485996, 119.89326846069575 31.335100237068104, 119.88114253560134 31.340412638475893, 119.8713583484736 31.334400298889175, 119.87370234253646 31.32307482618585, 119.88582881082085 31.31776309351852, 119.89561074189689 31.32377616485996))"
87309e06effffff,1063.5634765625,"POLYGON ((119.86626244256635 31.30573088014365, 119.86391803067322 31.317059085166086, 119.85178746965042 31.322369547867893, 119.84200077888316 31.31635113598283, 119.84434690369856 31.30502153084345, 119.85647800631497 31.299711737660004, 119.86626244256635 31.30573088014365))"
87309e070ffffff,206.1438446044922,"POLYGON ((119.79305483007859 31.28622870384708, 119.7907048615304 31.297563839544175, 119.77856149410918 31.302869810718065, 119.76876755747739 31.296839976061808, 119.77111923944402 31.28550344240398, 119.7832631445813 31.28019814131648, 119.79305483007859 31.28622870384708))"
87309e071ffffff,6318.359375,"POLYGON ((119.81498396208177 31.286950015288678, 119.81263570673356 31.29828375213714, 119.80049642590762 31.30359099938352, 119.7907048615304 31.297563839544175, 119.79305483007859 31.28622870384708, 119.80519464976092 31.28092212679151, 119.81498396208177 31.286950015288678))"
87309e072ffffff,274.2801818847656,"POLYGON ((119.7856135302387 31.26886027349462, 119.7832631445813 31.28019814131648, 119.77111923944402 31.28550344240398, 119.76132518266768 31.279470204659837, 119.76367728157793 31.268130938376235, 119.7758217239691 31.26282630825193, 119.7856135302387 31.26886027349462))"
87309e073ffffff,1027.6544189453125,"POLYGON ((119.80754332238332 31.26958565831996, 119.80519464976092 31.28092212679151, 119.79305483007859 31.28622870384708, 119.7832631445813 31.28019814131648, 119.7856135302387 31.26886027349462, 119.79775388831546 31.26355436750732, 119.80754332238332 31.26958565831996))"
87309e074ffffff,44.82053756713867,"POLYGON ((119.77856149410918 31.302869810718065, 119.77621022920067 31.314203610894484, 119.76406331390145 31.319508973032068, 119.75426712643156 31.31347986584093, 119.75662010514141 31.30214466909408, 119.76876755747739 31.296839976061808, 119.77856149410918 31.302869810718065))"
87309e075ffffff,424.0544128417969,"POLYGON ((119.80049642590762 31.30359099938352, 119.79814687458297 31.314923402101066, 119.78600404534006 31.320230042484887, 119.77621022920067 31.314203610894484, 119.77856149410918 31.302869810718065, 119.7907048615304 31.297563839544175, 119.80049642590762 31.30359099938352))"
87309e076ffffff,60.29987335205078,"POLYGON ((119.77111923944402 31.28550344240398, 119.76876755747739 31.296839976061808, 119.75662010514141 31.30214466909408, 119.74682379815548 31.296112158440465, 119.74917719375745 31.28477422771099, 119.76132518266768 31.279470204659837, 119.77111923944402 31.28550344240398))"
87309e080ffffff,110.3846206665039,"POLYGON ((119.64573079583437 31.144054308179577, 119.64337064399133 31.1554168790988, 119.63120669490812 31.160712343524924, 119.62140236819525 31.15464456032529, 119.62376423296767 31.143280591046672, 119.63592871148356 31.13798580328008, 119.64573079583437 31.144054308179577))"
87309e082ffffff,0.8341400027275085,"POLYGON ((119.63828927884921 31.12662050520887, 119.63592871148356 31.13798580328008, 119.62376423296767 31.143280591046672, 119.61395979280829 31.137209403159474, 119.61632207293424 31.12584270623758, 119.62848708041942 31.120548596006625, 119.63828927884921 31.12662050520887))"
87309e084ffffff,395.64727783203125,"POLYGON ((119.63120669490812 31.160712343524924, 119.62884524560455 31.172073584277364, 119.61667775632273 31.177368438846187, 119.60687118755872 31.171301376945284, 119.60923435016741 31.159938739224156, 119.62140236819525 31.15464456032529, 119.63120669490812 31.160712343524924))"
87309e085ffffff,144.60025024414062,"POLYGON ((119.65317261391516 31.161481979688542, 119.65081287770998 31.172841822573748, 119.63864945852278 31.178137962783545, 119.62884524560455 31.172073584277364, 119.63120669490812 31.160712343524924, 119.64337064399133 31.1554168790988, 119.65317261391516 31.161481979688542))"
87309e086ffffff,166.00103759765625,"POLYGON ((119.62376423296767 31.143280591046672, 119.62140236819525 31.15464456032529, 119.60923435016741 31.159938739224156, 119.59942766859004 31.153868272252005, 119.6017912464981 31.142502905513204, 119.61395979280829 31.137209403159474, 119.62376423296767 31.143280591046672))"
87309e090ffffff,297.3787536621094,"POLYGON ((119.60888021504054 31.10839868999213, 119.60651751967646 31.119768113671437, 119.59434844554752 31.12506093860459, 119.58454153938827 31.118983661515106, 119.58690594754844 31.107612839395298, 119.59907554903246 31.102320692758383, 119.60888021504054 31.10839868999213))"
87309e094ffffff,314.2326965332031,"POLYGON ((119.59434844554752 31.12506093860459, 119.59198445245566 31.136429033477288, 119.57981184007366 31.14172124835759, 119.57000269407777 31.135644691013187, 119.57236840033961 31.12427519909082, 119.58454153938827 31.118983661515106, 119.59434844554752 31.12506093860459))"
87309e095ffffff,70.35600280761719,"POLYGON ((119.61632207293424 31.12584270623758, 119.61395979280829 31.137209403159474, 119.6017912464981 31.142502905513204, 119.59198445245566 31.136429033477288, 119.59434844554752 31.12506093860459, 119.60651751967646 31.119768113671437, 119.61632207293424 31.12584270623758))"
87309e096ffffff,1.4816539287567139,"POLYGON ((119.58690594754844 31.107612839395298, 119.58454153938827 31.118983661515106, 119.57236840033961 31.12427519909082, 119.56255914320947 31.118195236319828, 119.56492526436918 31.106823016661306, 119.57709892962056 31.101532157265154, 119.58690594754844 31.107612839395298))"
87309e0a0ffffff,214.06748962402344,"POLYGON ((119.62412146473125 31.194792003493774, 119.62175913306768 31.206149180540123, 119.60958863199134 31.21144409589387, 119.59977993401665 31.205381160346395, 119.60214397953025 31.19402258821544, 119.61431500912889 31.188728346668828, 119.62412146473125 31.194792003493774))"
87309e0a1ffffff,324.3985595703125,"POLYGON ((119.64609252357877 31.195557447939464, 119.64373190555894 31.206913229002772, 119.63156547516006 31.212209432287047, 119.62175913306768 31.206149180540123, 119.62412146473125 31.194792003493774, 119.6362884248034 31.189496474129896, 119.64609252357877 31.195557447939464))"
87309e0a2ffffff,309.1512451171875,"POLYGON ((119.61667775632273 31.177368438846187, 119.61431500912889 31.188728346668828, 119.60214397953025 31.19402258821544, 119.59233516902762 31.187956247210614, 119.59469962990173 31.176594943810752, 119.60687118755872 31.171301376945284, 119.61667775632273 31.177368438846187))"
87309e0a3ffffff,3.5630970001220703,"POLYGON ((119.63864945852278 31.178137962783545, 119.6362884248034 31.189496474129896, 119.62412146473125 31.194792003493774, 119.61431500912889 31.188728346668828, 119.61667775632273 31.177368438846187, 119.62884524560455 31.172073584277364, 119.63864945852278 31.178137962783545))"
87309e0a4ffffff,264.21258544921875,"POLYGON ((119.60958863199134 31.21144409589387, 119.60722500195381 31.222799935880204, 119.595050959756 31.22809423405936, 119.58524001972229 31.222032019384113, 119.58760536398482 31.210674785705557, 119.59977993401665 31.205381160346395, 119.60958863199134 31.21144409589387))"
87309e0a5ffffff,563.2322998046875,"POLYGON ((119.63156547516006 31.212209432287047, 119.6292035591422 31.223563877682242, 119.61703358705209 31.228859465969457, 119.60722500195381 31.222799935880204, 119.60958863199134 31.21144409589387, 119.62175913306768 31.206149180540123, 119.63156547516006 31.212209432287047))"
87309e0a6ffffff,1196.8651123046875,"POLYGON ((119.60214397953025 31.19402258821544, 119.59977993401665 31.205381160346395, 119.58760536398482 31.210674785705557, 119.57779431205758 31.204609165192743, 119.580160071626 31.193249198876742, 119.59233516902762 31.187956247210614, 119.60214397953025 31.19402258821544))"
87309e0a8ffffff,314.76025390625,"POLYGON ((119.6825735756975 31.1796651102719, 119.68021596830368 31.19102082597322, 119.66805715243237 31.196318924781618, 119.65825541240663 31.190260632821598, 119.66061473285878 31.17890351884942, 119.67277408023762 31.173606095061185, 119.6825735756975 31.1796651102719))"
87309e0a9ffffff,45.89132308959961,"POLYGON ((119.70452598341525 31.18042274028037, 119.7021700888694 31.191777056815358, 119.69001534766123 31.197076437250804, 119.68021596830368 31.19102082597322, 119.6825735756975 31.1796651102719, 119.69472884955982 31.174366404967795, 119.70452598341525 31.18042274028037))"
87309e0aaffffff,0.0,"POLYGON ((119.67513210355267 31.162247650940564, 119.67277408023762 31.173606095061185, 119.66061473285878 31.17890351884942, 119.65081287770998 31.172841822573748, 119.65317261391516 31.161481979688542, 119.66533249233846 31.15618523179675, 119.67513210355267 31.162247650940564))"
87309e0abffffff,17.280088424682617,"POLYGON ((119.6970851601946 31.16300936050792, 119.69472884955982 31.174366404967795, 119.6825735756975 31.1796651102719, 119.67277408023762 31.173606095061185, 119.67513210355267 31.162247650940564, 119.6872879096064 31.156949621644788, 119.6970851601946 31.16300936050792))"
87309e0acffffff,425.2785949707031,"POLYGON ((119.66805715243237 31.196318924781618, 119.66569824784838 31.207673308964708, 119.65353588984324 31.212970798115283, 119.64373190555894 31.206913229002772, 119.64609252357877 31.195557447939464, 119.65825541240663 31.190260632821598, 119.66805715243237 31.196318924781618))"
87309e0adffffff,116.54474639892578,"POLYGON ((119.69001534766123 31.197076437250804, 119.68765815630368 31.208429423657673, 119.67549987240297 31.213728196610194, 119.66569824784838 31.207673308964708, 119.66805715243237 31.196318924781618, 119.68021596830368 31.19102082597322, 119.69001534766123 31.197076437250804))"
87309e0aeffffff,21.548025131225586,"POLYGON ((119.66061473285878 31.17890351884942, 119.65825541240663 31.190260632821598, 119.64609252357877 31.195557447939464, 119.6362884248034 31.189496474129896, 119.63864945852278 31.178137962783545, 119.65081287770998 31.172841822573748, 119.66061473285878 31.17890351884942))"
87309e0b0ffffff,627.4718627929688,"POLYGON ((119.58725558333859 31.15916116356213, 119.58489070721959 31.170525197352173, 119.5727150829124 31.175817474452018, 119.56290380824387 31.16974504227416, 119.56527039807682 31.15837961331614, 119.57744654882536 31.153088011656116, 119.58725558333859 31.15916116356213))"
87309e0b1ffffff,552.7373657226562,"POLYGON ((119.60923435016741 31.159938739224156, 119.60687118755872 31.171301376945284, 119.59469962990173 31.176594943810752, 119.58489070721959 31.170525197352173, 119.58725558333859 31.15916116356213, 119.59942766859004 31.153868272252005, 119.60923435016741 31.159938739224156))"
87309e0b2ffffff,559.5204467773438,"POLYGON ((119.57981184007366 31.14172124835759, 119.57744654882536 31.153088011656116, 119.56527039807682 31.15837961331614, 119.55545901256052 31.152303775316252, 119.55782601735203 31.140935616359595, 119.57000269407777 31.135644691013187, 119.57981184007366 31.14172124835759))"
87309e0b3ffffff,688.0856323242188,"POLYGON ((119.6017912464981 31.142502905513204, 119.59942766859004 31.153868272252005, 119.58725558333859 31.15916116356213, 119.57744654882536 31.153088011656116, 119.57981184007366 31.14172124835759, 119.59198445245566 31.136429033477288, 119.6017912464981 31.142502905513204))"
87309e0b4ffffff,1379.110595703125,"POLYGON ((119.5727150829124 31.175817474452018, 119.57034890815382 31.18718017252882, 119.55816974467834 31.192471832251385, 119.54835623017148 31.186400119398478, 119.55072411901718 31.175036027546195, 119.56290380824387 31.16974504227416, 119.5727150829124 31.175817474452018))"
87309e0b5ffffff,12852.740234375,"POLYGON ((119.59469962990173 31.176594943810752, 119.59233516902762 31.187956247210614, 119.580160071626 31.193249198876742, 119.57034890815382 31.18718017252882, 119.5727150829124 31.175817474452018, 119.58489070721959 31.170525197352173, 119.59469962990173 31.176594943810752))"
87309e0b6ffffff,52.16708755493164,"POLYGON ((119.56527039807682 31.15837961331614, 119.56290380824387 31.16974504227416, 119.55072411901718 31.175036027546195, 119.54091049429807 31.16896090848877, 119.54327879804707 31.157594085264908, 119.55545901256052 31.152303775316252, 119.56527039807682 31.15837961331614))"
87309e0c1ffffff,0.0,"POLYGON ((119.82123161449265 31.150101569880338, 119.81888515847764 31.16145292169596, 119.80675382223141 31.16675859611485, 119.79696840337773 31.1607122411312, 119.79931657061725 31.14935948380554, 119.81144844544279 31.144054486928493, 119.82123161449265 31.150101569880338))"
87309e0c5ffffff,27.93659210205078,"POLYGON ((119.80675382223141 31.16675859611485, 119.80440607179659 31.178108628870607, 119.79227119094297 31.18341371081166, 119.78248352257857 31.177368083397482, 119.78483298462136 31.16601664651818, 119.79696840337773 31.1607122411312, 119.80675382223141 31.16675859611485))"
87309e0e0ffffff,380.6336364746094,"POLYGON ((119.77778372005251 31.20006690805705, 119.77543337947557 31.211414294422852, 119.76329140898716 31.216718181938074, 119.75349924248658 31.21067400846077, 119.7558512954368 31.199325220746687, 119.76799380247192 31.19402200781214, 119.77778372005251 31.20006690805705))"
87309e0e1ffffff,411.9915466308594,"POLYGON ((119.79970969303471 31.200804647167864, 119.79736106461397 31.212150631295344, 119.78522317669919 31.217455792289535, 119.77543337947557 31.211414294422852, 119.77778372005251 31.20006690805705, 119.78992214565412 31.194762421750443, 119.79970969303471 31.200804647167864))"
87309e0e2ffffff,261.553955078125,"POLYGON ((119.77034455975173 31.182671894137084, 119.76799380247192 31.19402200781214, 119.7558512954368 31.199325220746687, 119.74605900955451 31.193277644500732, 119.74841147904179 31.181926128980074, 119.7605545221617 31.176623591504992, 119.77034455975173 31.182671894137084))"
87309e0e3ffffff,0.0,"POLYGON ((119.79227119094297 31.18341371081166, 119.78992214565412 31.194762421750443, 119.77778372005251 31.20006690805705, 119.76799380247192 31.19402200781214, 119.77034455975173 31.182671894137084, 119.78248352257857 31.177368083397482, 119.79227119094297 31.18341371081166))"
87309e0e4ffffff,425.9960021972656,"POLYGON ((119.76329140898716 31.216718181938074, 119.76093977268846 31.22806424097604, 119.74879425717624 31.233367526542644, 119.73899984205332 31.227324079429795, 119.74135319110712 31.21597662043228, 119.75349924248658 31.21067400846077, 119.76329140898716 31.216718181938074))"
87309e0e5ffffff,619.6497192382812,"POLYGON ((119.78522317669919 31.217455792289535, 119.78287325293951 31.22880045047739, 119.77073181945971 31.234105011694798, 119.76093977268846 31.22806424097604, 119.76329140898716 31.216718181938074, 119.77543337947557 31.211414294422852, 119.78522317669919 31.217455792289535))"
87309e0e6ffffff,494.7902526855469,"POLYGON ((119.7558512954368 31.199325220746687, 119.75349924248658 31.21067400846077, 119.74135319110712 31.21597662043228, 119.73155865723089 31.209929770170493, 119.73391242277005 31.19857958199933, 119.74605900955451 31.193277644500732, 119.7558512954368 31.199325220746687))"
87309e0e8ffffff,273.41796875,"POLYGON ((119.83610509047794 31.184885511660116, 119.83375946851513 31.196231414459024, 119.82162921081071 31.201538441317876, 119.81184403552425 31.195498889553136, 119.81419136904026 31.184151582240123, 119.82632216624613 31.178845231160718, 119.83610509047794 31.184885511660116))"
87309e0e9ffffff,381.31298828125,"POLYGON ((119.85801235170014 31.185615502310583, 119.8556684410694 31.196959999708326, 119.84354226981738 31.202268293747192, 119.83375946851513 31.196231414459024, 119.83610509047794 31.184885511660116, 119.84823180236718 31.179577893505545, 119.85801235170014 31.185615502310583))"
87309e0eaffffff,0.0,"POLYGON ((119.828668205292 31.167496603417472, 119.82632216624613 31.178845231160718, 119.81419136904026 31.184151582240123, 119.80440607179659 31.178108628870607, 119.80675382223141 31.16675859611485, 119.81888515847764 31.16145292169596, 119.828668205292 31.167496603417472))"
87309e0ebffffff,11.05434513092041,"POLYGON ((119.85057613024469 31.16823067166256, 119.84823180236718 31.179577893505545, 119.83610509047794 31.184885511660116, 119.82632216624613 31.178845231160718, 119.828668205292 31.167496603417472, 119.84079545735767 31.162189662028965, 119.85057613024469 31.16823067166256))"
87309e0ecffffff,575.0385131835938,"POLYGON ((119.82162921081071 31.201538441317876, 119.8192822943275 31.21288302231823, 119.80714849066344 31.218189454726517, 119.79736106461397 31.212150631295344, 119.79970969303471 31.200804647167864, 119.81184403552425 31.195498889553136, 119.82162921081071 31.201538441317876))"
87309e0edffffff,117.68317413330078,"POLYGON ((119.84354226981738 31.202268293747192, 119.8411970650515 31.213611470732776, 119.8290673473096 31.21891917249027, 119.8192822943275 31.21288302231823, 119.82162921081071 31.201538441317876, 119.83375946851513 31.196231414459024, 119.84354226981738 31.202268293747192))"
87309e0eeffffff,227.51446533203125,"POLYGON ((119.81419136904026 31.184151582240123, 119.81184403552425 31.195498889553136, 119.79970969303471 31.200804647167864, 119.78992214565412 31.194762421750443, 119.79227119094297 31.18341371081166, 119.80440607179659 31.178108628870607, 119.81419136904026 31.184151582240123))"
87309e0f4ffffff,926.2223510742188,"POLYGON ((119.72647195239811 31.181176412105692, 119.72411777048828 31.192529328580065, 119.71196710564429 31.197829988578942, 119.7021700888694 31.191777056815358, 119.70452598341525 31.18042274028037, 119.7166771820585 31.175122755523127, 119.72647195239811 31.181176412105692))"
87309e0f5ffffff,326.6557312011719,"POLYGON ((119.74841147904179 31.181926128980074, 119.74605900955451 31.193277644500732, 119.73391242277005 31.19857958199933, 119.72411777048828 31.192529328580065, 119.72647195239811 31.181176412105692, 119.73861907412537 31.175875149958095, 119.74841147904179 31.181926128980074))"
87309e0f6ffffff,371.62701416015625,"POLYGON ((119.71903178022436 31.163767111618952, 119.7166771820585 31.175122755523127, 119.70452598341525 31.18042274028037, 119.69472884955982 31.174366404967795, 119.6970851601946 31.16300936050792, 119.70923689217459 31.157710051869962, 119.71903178022436 31.163767111618952))"
87309e100ffffff,792.71875,"POLYGON ((119.59610582322377 31.382383335823093, 119.59373948937377 31.39371735634971, 119.58155444175055 31.399013149212372, 119.5717352000751 31.392974257829717, 119.57410325067201 31.381638852167843, 119.58628882615821 31.376343722974028, 119.59610582322377 31.382383335823093))"
87309e101ffffff,749.4315185546875,"POLYGON ((119.61810196420117 31.38312383545298, 119.61573734689331 31.39445646994741, 119.6035563740087 31.3997535623101, 119.59373948937377 31.39371735634971, 119.59610582322377 31.382383335823093, 119.60828732512692 31.37708690723942, 119.61810196420117 31.38312383545298))"
87309e102ffffff,986.4443969726562,"POLYGON ((119.5886555759606 31.36500695970648, 119.58628882615821 31.376343722974028, 119.57410325067201 31.381638852167843, 119.56428389755152 31.375596553507865, 119.56665236392995 31.364258404606193, 119.57883846681372 31.358963939948858, 119.5886555759606 31.36500695970648))"
87309e103ffffff,872.1929931640625,"POLYGON ((119.61065235855752 31.36575153050359, 119.60828732512692 31.37708690723942, 119.59610582322377 31.382383335823093, 119.58628882615821 31.376343722974028, 119.5886555759606 31.36500695970648, 119.60083760641727 31.359711195770174, 119.61065235855752 31.36575153050359))"
87309e104ffffff,1013.2870483398438,"POLYGON ((119.58155444175055 31.399013149212372, 119.57918680705117 31.41034581078697, 119.56699821359382 31.415640964767128, 119.55717672762542 31.409602794431425, 119.55954607944629 31.398268749118788, 119.5717352000751 31.392974257829717, 119.58155444175055 31.399013149212372))"
87309e105ffffff,805.2815551757812,"POLYGON ((119.6035563740087 31.3997535623101, 119.60119045622702 31.411084839249202, 119.5890059369321 31.41638129491334, 119.57918680705117 31.41034581078697, 119.58155444175055 31.399013149212372, 119.59373948937377 31.39371735634971, 119.6035563740087 31.3997535623101))"
87309e106ffffff,1201.7269287109375,"POLYGON ((119.57410325067201 31.381638852167843, 119.5717352000751 31.392974257829717, 119.55954607944629 31.398268749118788, 119.5497244826698 31.392227171138163, 119.55209425021691 31.380890381239173, 119.56428389755152 31.375596553507865, 119.57410325067201 31.381638852167843))"
87309e108ffffff,803.0419311523438,"POLYGON ((119.65462662080463 31.367228732177722, 119.65226501949867 31.378561333161986, 119.64009166994295 31.383860354306965, 119.63027939079225 31.377826109552206, 119.63264270805689 31.366492120244537, 119.64481658847325 31.361193763965957, 119.65462662080463 31.367228732177722))"
87309e109ffffff,1313.9327392578125,"POLYGON ((119.67660409315643 31.367961369552933, 119.67424420760017 31.379292581319756, 119.66207493679757 31.38459289563597, 119.65226501949867 31.378561333161986, 119.65462662080463 31.367228732177722, 119.66679642361913 31.361929082836074, 119.67660409315643 31.367961369552933))"
87309e10affffff,2233.00830078125,"POLYGON ((119.64717860612548 31.349858422588387, 119.64481658847325 31.361193763965957, 119.63264270805689 31.366492120244537, 119.6228303148565 31.360454469360178, 119.62519404829801 31.34911773915917, 119.63736845911049 31.343820048616966, 119.64717860612548 31.349858422588387))"
87309e10bffffff,1048.6263427734375,"POLYGON ((119.66915672569043 31.35059513117662, 119.66679642361913 31.361929082836074, 119.65462662080463 31.367228732177722, 119.64481658847325 31.361193763965957, 119.64717860612548 31.349858422588387, 119.65934894048763 31.34455943909195, 119.66915672569043 31.35059513117662))"
87309e10cffffff,1014.9384155273438,"POLYGON ((119.64009166994295 31.383860354306965, 119.63772876897083 31.395191601873478, 119.62555187255236 31.400489991662543, 119.61573734689331 31.39445646994741, 119.61810196420117 31.38312383545298, 119.63027939079225 31.377826109552206, 119.64009166994295 31.383860354306965))"
87309e10dffffff,7499.20361328125,"POLYGON ((119.66207493679757 31.38459289563597, 119.65971375195328 31.395922755379964, 119.6475409337227 31.40122244052163, 119.63772876897083 31.395191601873478, 119.64009166994295 31.383860354306965, 119.65226501949867 31.378561333161986, 119.66207493679757 31.38459289563597))"
87309e10effffff,670.2860717773438,"POLYGON ((119.63264270805689 31.366492120244537, 119.63027939079225 31.377826109552206, 119.61810196420117 31.38312383545298, 119.60828732512692 31.37708690723942, 119.61065235855752 31.36575153050359, 119.6228303148565 31.360454469360178, 119.63264270805689 31.366492120244537))"
87309e110ffffff,413.9638977050781,"POLYGON ((119.55920178175764 31.34687180735949, 119.5568328997138 31.358212698650526, 119.54464272613903 31.363505861957158, 119.53482090879503 31.35745746863091, 119.53719150744595 31.34611519210724, 119.54938220679526 31.340822694092516, 119.55920178175764 31.34687180735949))"
87309e111ffffff,1187.42236328125,"POLYGON ((119.58120563245261 31.34762443478994, 119.57883846681372 31.358963939948858, 119.56665236392995 31.364258404606193, 119.5568328997138 31.358212698650526, 119.55920178175764 31.34687180735949, 119.57138841157371 31.341578008106556, 119.58120563245261 31.34762443478994))"
87309e112ffffff,561.1153564453125,"POLYGON ((119.5517515043884 31.329479061265523, 119.54938220679526 31.340822694092516, 119.53719150744595 31.34611519210724, 119.52736958034248 31.340063391085714, 119.52974059437095 31.328718372529615, 119.54193181902913 31.32342654067429, 119.5517515043884 31.329479061265523))"
87309e113ffffff,326.15386962890625,"POLYGON ((119.57375599293312 31.330235761908806, 119.57138841157371 31.341578008106556, 119.55920178175764 31.34687180735949, 119.54938220679526 31.340822694092516, 119.5517515043884 31.329479061265523, 119.5639386606714 31.324185928285132, 119.57375599293312 31.330235761908806))"
87309e114ffffff,436.1842346191406,"POLYGON ((119.54464272613903 31.363505861957158, 119.54227254298188 31.374845395594132, 119.53007882553919 31.380137919790442, 119.52025476613416 31.37409024598753, 119.52262666627114 31.362749328515218, 119.53482090879503 31.35745746863091, 119.54464272613903 31.363505861957158))"
87309e115ffffff,641.1421508789062,"POLYGON ((119.56665236392995 31.364258404606193, 119.56428389755152 31.375596553507865, 119.55209425021691 31.380890381239173, 119.54227254298188 31.374845395594132, 119.54464272613903 31.363505861957158, 119.5568328997138 31.358212698650526, 119.56665236392995 31.364258404606193))"
87309e116ffffff,392.1611633300781,"POLYGON ((119.53719150744595 31.34611519210724, 119.53482090879503 31.35745746863091, 119.52262666627114 31.362749328515218, 119.51280249774476 31.356698246647156, 119.51517481320333 31.345354585791497, 119.52736958034248 31.340063391085714, 119.53719150744595 31.34611519210724))"
87309e118ffffff,987.5487060546875,"POLYGON ((119.61774569089965 31.331737211881297, 119.61538154139689 31.34307668212487, 119.60320305585482 31.348373077641654, 119.5933881909977 31.3423293363696, 119.5957540563265 31.330988477700064, 119.6079330706468 31.32569274867943, 119.61774569089965 31.331737211881297))"
87309e119ffffff,2227.1875,"POLYGON ((119.63973089299348 31.33248196769597, 119.63736845911049 31.343820048616966, 119.62519404829801 31.34911773915917, 119.61538154139689 31.34307668212487, 119.61774569089965 31.331737211881297, 119.62992063164378 31.32644018794571, 119.63973089299348 31.33248196769597))"
87309e11affffff,649.2991333007812,"POLYGON ((119.61029763609515 31.31435053924705, 119.6079330706468 31.32569274867943, 119.5957540563265 31.330988477700064, 119.58593907910158 31.324941329873283, 119.58830536020571 31.31359773151732, 119.6004849028395 31.308302669862673, 119.61029763609515 31.31435053924705))"
87309e11bffffff,1137.866455078125,"POLYGON ((119.63228348164206 31.31509936833418, 119.62992063164378 31.32644018794571, 119.61774569089965 31.331737211881297, 119.6079330706468 31.32569274867943, 119.61029763609515 31.31435053924705, 119.62247310630643 31.30905418278859, 119.63228348164206 31.31509936833418))"
87309e11cffffff,1391.2200927734375,"POLYGON ((119.60320305585482 31.348373077641654, 119.60083760641727 31.359711195770174, 119.5886555759606 31.36500695970648, 119.57883846681372 31.358963939948858, 119.58120563245261 31.34762443478994, 119.5933881909977 31.3423293363696, 119.60320305585482 31.348373077641654))"
87309e11dffffff,952.5200805664062,"POLYGON ((119.62519404829801 31.34911773915917, 119.6228303148565 31.360454469360178, 119.61065235855752 31.36575153050359, 119.60083760641727 31.359711195770174, 119.60320305585482 31.348373077641654, 119.61538154139689 31.34307668212487, 119.62519404829801 31.34911773915917))"
87309e11effffff,299.55206298828125,"POLYGON ((119.5957540563265 31.330988477700064, 119.5933881909977 31.3423293363696, 119.58120563245261 31.34762443478994, 119.57138841157371 31.341578008106556, 119.57375599293312 31.330235761908806, 119.58593907910158 31.324941329873283, 119.5957540563265 31.330988477700064))"
87309e121ffffff,159.62811279296875,"POLYGON ((119.59645773598324 31.433743288449918, 119.59409093342701 31.44507045931937, 119.58190339570946 31.450366936082673, 119.57208213240611 31.444335580967675, 119.57445065242602 31.433007027360922, 119.58663871824629 31.42771121155612, 119.59645773598324 31.433743288449918))"
87309e122ffffff,570.647705078125,"POLYGON ((119.56699821359382 31.415640964767128, 119.56462927761535 31.42697226464802, 119.5524371382117 31.43226677658388, 119.54261340826885 31.42622932687431, 119.54498406174284 31.414896644653265, 119.55717672762542 31.409602794431425, 119.56699821359382 31.415640964767128))"
87309e123ffffff,1107.2791748046875,"POLYGON ((119.5890059369321 31.41638129491334, 119.58663871824629 31.42771121155612, 119.57445065242602 31.433007027360922, 119.56462927761535 31.42697226464802, 119.56699821359382 31.415640964767128, 119.57918680705117 31.41034581078697, 119.5890059369321 31.41638129491334))"
87309e128ffffff,910.2470703125,"POLYGON ((119.6330020833776 31.41784999831072, 119.63063829866242 31.42917714578815, 119.61845838521016 31.434475563104982, 119.6086417264845 31.428446170851437, 119.611007228082 31.417117638343523, 119.62318767148295 31.41181988306986, 119.6330020833776 31.41784999831072))"
87309e129ffffff,439.6060791015625,"POLYGON ((119.6549904991627 31.418578378069366, 119.65262843112228 31.42990413962188, 119.64045259644341 31.43520385458157, 119.63063829866242 31.42917714578815, 119.6330020833776 31.41784999831072, 119.64517844915868 31.4125509455021, 119.6549904991627 31.418578378069366))"
87309e12affffff,698.1661987304688,"POLYGON ((119.62555187255236 31.400489991662543, 119.62318767148295 31.41181988306986, 119.611007228082 31.417117638343523, 119.60119045622702 31.411084839249202, 119.6035563740087 31.3997535623101, 119.61573734689331 31.39445646994741, 119.62555187255236 31.400489991662543))"
87309e12bffffff,858.2782592773438,"POLYGON ((119.6475409337227 31.40122244052163, 119.64517844915868 31.4125509455021, 119.6330020833776 31.41784999831072, 119.62318767148295 31.41181988306986, 119.62555187255236 31.400489991662543, 119.63772876897083 31.395191601873478, 119.6475409337227 31.40122244052163))"
87309e12cffffff,895.1133422851562,"POLYGON ((119.61845838521016 31.434475563104982, 119.61609329991265 31.44580135034099, 119.60390983867042 31.45109912900701, 119.59409093342701 31.44507045931937, 119.59645773598324 31.433743288449918, 119.6086417264845 31.428446170851437, 119.61845838521016 31.434475563104982))"
87309e12dffffff,353.02740478515625,"POLYGON ((119.64045259644341 31.43520385458157, 119.6380892281981 31.44652825728925, 119.62590984515963 31.45182733578171, 119.61609329991265 31.44580135034099, 119.61845838521016 31.434475563104982, 119.63063829866242 31.42917714578815, 119.64045259644341 31.43520385458157))"
87309e12effffff,1084.29443359375,"POLYGON ((119.611007228082 31.417117638343523, 119.6086417264845 31.428446170851437, 119.59645773598324 31.433743288449918, 119.58663871824629 31.42771121155612, 119.5890059369321 31.41638129491334, 119.60119045622702 31.411084839249202, 119.611007228082 31.417117638343523))"
87309e131ffffff,899.376953125,"POLYGON ((119.55954607944629 31.398268749118788, 119.55717672762542 31.409602794431425, 119.54498406174284 31.414896644653265, 119.53516022162954 31.40885578693226, 119.53753129077423 31.39752035878024, 119.5497244826698 31.392227171138163, 119.55954607944629 31.398268749118788))"
87309e133ffffff,463.143310546875,"POLYGON ((119.55209425021691 31.380890381239173, 119.5497244826698 31.392227171138163, 119.53753129077423 31.39752035878024, 119.52770734084018 31.391476093027226, 119.53007882553919 31.380137919790442, 119.54227254298188 31.374845395594132, 119.55209425021691 31.380890381239173))"
87309e140ffffff,23.74395751953125,"POLYGON ((119.74994354265385 31.387483350768285, 119.74758922021056 31.39880765030018, 119.73543273183697 31.404112496112518, 119.72563002994501 31.398092377923565, 119.72798606766888 31.38676668700269, 119.74014309196217 31.381462505611577, 119.74994354265385 31.387483350768285))"
87309e141ffffff,1016.9030151367188,"POLYGON ((119.77189456063967 31.38819605328397, 119.76954195326132 31.399518960538273, 119.75738955160016 31.404825091332892, 119.74758922021056 31.39880765030018, 119.74994354265385 31.387483350768285, 119.76209648137942 31.38217788449875, 119.77189456063967 31.38819605328397))"
87309e142ffffff,1749.6605224609375,"POLYGON ((119.74249783153822 31.370135466849597, 119.74014309196217 31.381462505611577, 119.72798606766888 31.38676668700269, 119.71818324745354 31.380743164290102, 119.7205397021433 31.369414733635622, 119.73269726189287 31.364111217538145, 119.74249783153822 31.370135466849597))"
87309e143ffffff,5002.865234375,"POLYGON ((119.7644495060569 31.370852238518605, 119.76209648137942 31.38217788449875, 119.74994354265385 31.387483350768285, 119.74014309196217 31.381462505611577, 119.74249783153822 31.370135466849597, 119.75465130686516 31.36483066597832, 119.7644495060569 31.370852238518605))"
87309e144ffffff,1266.382568359375,"POLYGON ((119.73543273183697 31.404112496112518, 119.73307711119391 31.415435446458368, 119.72091707303854 31.420739668659106, 119.71111212024749 31.414720277020585, 119.71346945655263 31.403395936679374, 119.72563002994501 31.398092377923565, 119.73543273183697 31.404112496112518))"
87309e145ffffff,1076.6212158203125,"POLYGON ((119.75738955160016 31.404825091332892, 119.75503564640445 31.416146650794204, 119.7428796944139 31.421452160155575, 119.73307711119391 31.415435446458368, 119.73543273183697 31.404112496112518, 119.74758922021056 31.39880765030018, 119.75738955160016 31.404825091332892))"
87309e146ffffff,220.57945251464844,"POLYGON ((119.72798606766888 31.38676668700269, 119.72563002994501 31.398092377923565, 119.71346945655263 31.403395936679374, 119.70366438606918 31.397373140149476, 119.7060221392878 31.38604605872949, 119.71818324745354 31.380743164290102, 119.72798606766888 31.38676668700269))"
87309e148ffffff,7461.0068359375,"POLYGON ((119.80833347609199 31.372273910249675, 119.80598388056022 31.383596768002956, 119.7938391180331 31.388904797808898, 119.78404341210799 31.38288930420949, 119.78639472210354 31.3715650518993, 119.79854002351743 31.36625768769805, 119.80833347609199 31.372273910249675))"
87309e149ffffff,38742.44921875,"POLYGON ((119.83026576444584 31.372978816829026, 119.8279178831581 31.38430027913967, 119.81577721125055 31.389609587603495, 119.80598388056022 31.383596768002956, 119.80833347609199 31.372273910249675, 119.82047468802669 31.366965267492425, 119.83026576444584 31.372978816829026))"
87309e14affffff,26035.6953125,"POLYGON ((119.800890036565 31.354932093070264, 119.79854002351743 31.36625768769805, 119.78639472210354 31.3715650518993, 119.77659889527007 31.36554615494604, 119.77895062261602 31.35421916525666, 119.79109646245419 31.348912467534852, 119.800890036565 31.354932093070264))"
87309e14bffffff,30432.513671875,"POLYGON ((119.82282298699504 31.355641068812634, 119.82047468802669 31.366965267492425, 119.80833347609199 31.372273910249675, 119.79854002351743 31.36625768769805, 119.800890036565 31.354932093070264, 119.81303178806463 31.34962411689504, 119.82282298699504 31.355641068812634))"
87309e14cffffff,4728.62158203125,"POLYGON ((119.7938391180331 31.388904797808898, 119.79148822550246 31.400226311898134, 119.77933991224177 31.405533725600716, 119.76954195326132 31.399518960538273, 119.77189456063967 31.38819605328397, 119.78404341210799 31.38288930420949, 119.7938391180331 31.388904797808898))"
87309e14dffffff,23400.50390625,"POLYGON ((119.81577721125055 31.389609587603495, 119.81342803334887 31.400929707641385, 119.80128381017106 31.40623840217753, 119.79148822550246 31.400226311898134, 119.7938391180331 31.388904797808898, 119.80598388056022 31.383596768002956, 119.81577721125055 31.389609587603495))"
87309e14effffff,5072.20556640625,"POLYGON ((119.78639472210354 31.3715650518993, 119.78404341210799 31.38288930420949, 119.77189456063967 31.38819605328397, 119.76209648137942 31.38217788449875, 119.7644495060569 31.370852238518605, 119.77659889527007 31.36554615494604, 119.78639472210354 31.3715650518993))"
87309e150ffffff,1863.17919921875,"POLYGON ((119.71309363549373 31.35205663682645, 119.7107367639531 31.36338780637019, 119.69857512147762 31.36869003562139, 119.68876981665541 31.362660429220362, 119.69112840335565 31.35132786817261, 119.7032905796772 31.346026304981628, 119.71309363549373 31.35205663682645))"
87309e151ffffff,1441.49853515625,"POLYGON ((119.73505241848689 31.352781440389634, 119.73269726189287 31.364111217538145, 119.7205397021433 31.369414733635622, 119.7107367639531 31.36338780637019, 119.71309363549373 31.35205663682645, 119.72525173023625 31.346753786895356, 119.73505241848689 31.352781440389634))"
87309e152ffffff,782.77587890625,"POLYGON ((119.70564786795373 31.33469239739596, 119.7032905796772 31.346026304981628, 119.69112840335565 31.35132786817261, 119.68132298188705 31.345294856797235, 119.68368198515537 31.333959557206366, 119.69584469485933 31.328658660947916, 119.70564786795373 31.33469239739596))"
87309e153ffffff,91.33074951171875,"POLYGON ((119.7276073037334 31.335421272206712, 119.72525173023625 31.346753786895356, 119.71309363549373 31.35205663682645, 119.7032905796772 31.346026304981628, 119.70564786795373 31.33469239739596, 119.71780649722584 31.32939021450422, 119.7276073037334 31.335421272206712))"
87309e154ffffff,943.585205078125,"POLYGON ((119.69857512147762 31.36869003562139, 119.69621695146063 31.380019857277873, 119.68405176112323 31.385321462692254, 119.67424420760017 31.379292581319756, 119.67660409315643 31.367961369552933, 119.68876981665541 31.362660429220362, 119.69857512147762 31.36869003562139))"
87309e155ffffff,1143.263916015625,"POLYGON ((119.7205397021433 31.369414733635622, 119.71818324745354 31.380743164290102, 119.7060221392878 31.38604605872949, 119.69621695146063 31.380019857277873, 119.69857512147762 31.36869003562139, 119.7107367639531 31.36338780637019, 119.7205397021433 31.369414733635622))"
87309e156ffffff,1776.117919921875,"POLYGON ((119.69112840335565 31.35132786817261, 119.68876981665541 31.362660429220362, 119.67660409315643 31.367961369552933, 119.66679642361913 31.361929082836074, 119.66915672569043 31.35059513117662, 119.68132298188705 31.345294856797235, 119.69112840335565 31.35132786817261))"
87309e158ffffff,1338.793701171875,"POLYGON ((119.77150681980416 31.336867138694533, 119.76915467522234 31.348196864918375, 119.7570047487271 31.353502282114967, 119.74720642995212 31.347477305789972, 119.74956028888383 31.33614618488898, 119.76171075219831 31.330841434942727, 119.77150681980416 31.336867138694533))"
87309e159ffffff,10046.1845703125,"POLYGON ((119.79344689290313 31.337584136876405, 119.79109646245419 31.348912467534852, 119.77895062261602 31.35421916525666, 119.76915467522234 31.348196864918375, 119.77150681980416 31.336867138694533, 119.7836531976041 31.331561108327186, 119.79344689290313 31.337584136876405))"
87309e15affffff,28.04172134399414,"POLYGON ((119.76406331390145 31.319508973032068, 119.76171075219831 31.330841434942727, 119.74956028888383 31.33614618488898, 119.73976185087382 31.330117804752337, 119.7421161267606 31.31878394766227, 119.75426712643156 31.31347986584093, 119.76406331390145 31.319508973032068))"
87309e15bffffff,1273.52587890625,"POLYGON ((119.78600404534006 31.320230042484887, 119.7836531976041 31.331561108327186, 119.77150681980416 31.336867138694533, 119.76171075219831 31.330841434942727, 119.76406331390145 31.319508973032068, 119.77621022920067 31.314203610894484, 119.78600404534006 31.320230042484887))"
87309e15cffffff,9704.7587890625,"POLYGON ((119.7570047487271 31.353502282114967, 119.75465130686516 31.36483066597832, 119.74249783153822 31.370135466849597, 119.73269726189287 31.364111217538145, 119.73505241848689 31.352781440389634, 119.74720642995212 31.347477305789972, 119.7570047487271 31.353502282114967))"
87309e15dffffff,8633.57421875,"POLYGON ((119.77895062261602 31.35421916525666, 119.77659889527007 31.36554615494604, 119.7644495060569 31.370852238518605, 119.75465130686516 31.36483066597832, 119.7570047487271 31.353502282114967, 119.76915467522234 31.348196864918375, 119.77895062261602 31.35421916525666))"
87309e15effffff,299.4660339355469,"POLYGON ((119.74956028888383 31.33614618488898, 119.74720642995212 31.347477305789972, 119.73505241848689 31.352781440389634, 119.72525173023625 31.346753786895356, 119.7276073037334 31.335421272206712, 119.73976185087382 31.330117804752337, 119.74956028888383 31.33614618488898))"
87309e160ffffff,230.56973266601562,"POLYGON ((119.72836498851187 31.438077253862378, 119.72600848637889 31.449396109530955, 119.71384543332714 31.454700366564545, 119.7040383473494 31.448685106281523, 119.70639656569288 31.437364862516667, 119.71856015376197 31.432061267082197, 119.72836498851187 31.438077253862378))"
87309e161ffffff,2298.098876953125,"POLYGON ((119.75032695516602 31.438785678327942, 119.74797216902928 31.450103145011248, 119.7358132027389 31.455408691488472, 119.72600848637889 31.449396109530955, 119.72836498851187 31.438077253862378, 119.74052449096656 31.43277236908791, 119.75032695516602 31.438785678327942))"
87309e162ffffff,591.4337158203125,"POLYGON ((119.72091707303854 31.420739668659106, 119.71856015376197 31.432061267082197, 119.70639656569288 31.437364862516667, 119.69658936230552 31.43134619700982, 119.69894799762504 31.420023209985658, 119.71111212024749 31.414720277020585, 119.72091707303854 31.420739668659106))"
87309e163ffffff,429.9521484375,"POLYGON ((119.7428796944139 31.421452160155575, 119.74052449096656 31.43277236908791, 119.72836498851187 31.438077253862378, 119.71856015376197 31.432061267082197, 119.72091707303854 31.420739668659106, 119.73307711119391 31.415435446458368, 119.7428796944139 31.421452160155575))"
87309e164ffffff,901.9306640625,"POLYGON ((119.71384543332714 31.454700366564545, 119.71148763207485 31.46601786623578, 119.69932102829492 31.471321492374262, 119.68951169139294 31.465306958167005, 119.69187120923651 31.453988071794722, 119.7040383473494 31.448685106281523, 119.71384543332714 31.454700366564545))"
87309e165ffffff,153.23817443847656,"POLYGON ((119.7358132027389 31.455408691488472, 119.73345711786455 31.46672480356911, 119.72129460029403 31.472029721331808, 119.71148763207485 31.46601786623578, 119.71384543332714 31.454700366564545, 119.72600848637889 31.449396109530955, 119.7358132027389 31.455408691488472))"
87309e166ffffff,1723.468994140625,"POLYGON ((119.70639656569288 31.437364862516667, 119.7040383473494 31.448685106281523, 119.69187120923651 31.453988071794722, 119.68206175555709 31.447970131999345, 119.68442169032386 31.43664850102843, 119.69658936230552 31.43134619700982, 119.70639656569288 31.437364862516667))"
87309e168ffffff,833.6841430664062,"POLYGON ((119.78678556062951 31.422865254664117, 119.78443378819331 31.434182681950606, 119.77228246205024 31.439490139177153, 119.76248237031015 31.43347950628944, 119.76483585814354 31.422160687736355, 119.77698772227717 31.4168538932895, 119.78678556062951 31.422865254664117))"
87309e169ffffff,1312.2081298828125,"POLYGON ((119.80872879828367 31.42356586420286, 119.80637874102626 31.434881899336624, 119.79423150556921 31.440190639675077, 119.78443378819331 31.434182681950606, 119.78678556062951 31.422865254664117, 119.79893333521979 31.41755717720696, 119.80872879828367 31.42356586420286))"
87309e16affffff,3119.4873046875,"POLYGON ((119.77933991224177 31.405533725600716, 119.77698772227717 31.4168538932895, 119.76483585814354 31.422160687736355, 119.75503564640445 31.416146650794204, 119.75738955160016 31.404825091332892, 119.76954195326132 31.399518960538273, 119.77933991224177 31.405533725600716))"
87309e16bffffff,3423.4814453125,"POLYGON ((119.80128381017106 31.40623840217753, 119.79893333521979 31.41755717720696, 119.78678556062951 31.422865254664117, 119.77698772227717 31.4168538932895, 119.77933991224177 31.405533725600716, 119.79148822550246 31.400226311898134, 119.80128381017106 31.40623840217753))"
87309e16cffffff,3222.330078125,"POLYGON ((119.77228246205024 31.439490139177153, 119.7699293916939 31.45080621598733, 119.75777451385953 31.45611304983133, 119.74797216902928 31.450103145011248, 119.75032695516602 31.438785678327942, 119.76248237031015 31.43347950628944, 119.77228246205024 31.439490139177153))"
87309e16dffffff,653.8975219726562,"POLYGON ((119.79423150556921 31.440190639675077, 119.79188015077591 31.451505325725478, 119.7797293630865 31.45681344485937, 119.7699293916939 31.45080621598733, 119.77228246205024 31.439490139177153, 119.78443378819331 31.434182681950606, 119.79423150556921 31.440190639675077))"
87309e16effffff,3436.87646484375,"POLYGON ((119.76483585814354 31.422160687736355, 119.76248237031015 31.43347950628944, 119.75032695516602 31.438785678327942, 119.74052449096656 31.43277236908791, 119.7428796944139 31.421452160155575, 119.75503564640445 31.416146650794204, 119.76483585814354 31.422160687736355))"
87309e170ffffff,2260.75537109375,"POLYGON ((119.69149972935728 31.402675409774623, 119.68914067717692 31.41400113922084, 119.67697247179073 31.419302780875274, 119.66716278560361 31.413278029800445, 119.66952355387079 31.401950912140737, 119.68169229219728 31.39664993372036, 119.69149972935728 31.402675409774623))"
87309e171ffffff,2767.666015625,"POLYGON ((119.71346945655263 31.403395936679374, 119.71111212024749 31.414720277020585, 119.69894799762504 31.420023209985658, 119.68914067717692 31.41400113922084, 119.69149972935728 31.402675409774623, 119.70366438606918 31.397373140149476, 119.71346945655263 31.403395936679374))"
87309e172ffffff,5232.20703125,"POLYGON ((119.68405176112323 31.385321462692254, 119.68169229219728 31.39664993372036, 119.66952355387079 31.401950912140737, 119.65971375195328 31.395922755379964, 119.66207493679757 31.38459289563597, 119.67424420760017 31.379292581319756, 119.68405176112323 31.385321462692254))"
87309e173ffffff,1033.9736328125,"POLYGON ((119.7060221392878 31.38604605872949, 119.70366438606918 31.397373140149476, 119.69149972935728 31.402675409774623, 119.68169229219728 31.39664993372036, 119.68405176112323 31.385321462692254, 119.69621695146063 31.380019857277873, 119.7060221392878 31.38604605872949))"
87309e174ffffff,820.7000732421875,"POLYGON ((119.67697247179073 31.419302780875274, 119.6746121202161 31.43062715560964, 119.66244036602929 31.435928166136627, 119.65262843112228 31.42990413962188, 119.6549904991627 31.418578378069366, 119.66716278560361 31.413278029800445, 119.67697247179073 31.419302780875274))"
87309e175ffffff,597.9237060546875,"POLYGON ((119.69894799762504 31.420023209985658, 119.69658936230552 31.43134619700982, 119.68442169032386 31.43664850102843, 119.6746121202161 31.43062715560964, 119.67697247179073 31.419302780875274, 119.68914067717692 31.41400113922084, 119.69894799762504 31.420023209985658))"
87309e176ffffff,5538.7998046875,"POLYGON ((119.66952355387079 31.401950912140737, 119.66716278560361 31.413278029800445, 119.6549904991627 31.418578378069366, 119.64517844915868 31.4125509455021, 119.6475409337227 31.40122244052163, 119.65971375195328 31.395922755379964, 119.66952355387079 31.401950912140737))"
87309e180ffffff,467.2294921875,"POLYGON ((119.54396047940422 31.26061960764279, 119.54159123632277 31.271972809411352, 119.52940250343109 31.277263938362438, 119.51958248897705 31.271201195747835, 119.52195344760578 31.259846605370257, 119.53414270510304 31.254556146166998, 119.54396047940422 31.26061960764279))"
87309e181ffffff,582.0440063476562,"POLYGON ((119.56596109462099 31.261388623992694, 119.56359356688604 31.272740436250594, 119.55140890063781 31.27803286391587, 119.54159123632277 31.271972809411352, 119.54396047940422 31.26061960764279, 119.55614567141556 31.255327849840366, 119.56596109462099 31.261388623992694))"
87309e182ffffff,239.5811309814453,"POLYGON ((119.53651236332483 31.243200207666707, 119.53414270510304 31.254556146166998, 119.52195344760578 31.259846605370257, 119.51213332415199 31.253780455406684, 119.51450469774906 31.242423127804628, 119.52669447938653 31.23713333921869, 119.53651236332483 31.243200207666707))"
87309e183ffffff,456.7514343261719,"POLYGON ((119.55851361446234 31.24397330134418, 119.55614567141556 31.255327849840366, 119.54396047940422 31.26061960764279, 119.53414270510304 31.254556146166998, 119.53651236332483 31.243200207666707, 119.54869808063425 31.237909120597344, 119.55851361446234 31.24397330134418))"
87309e185ffffff,577.6182250976562,"POLYGON ((119.55140890063781 31.27803286391587, 119.54904007281282 31.289383328085364, 119.536851864992 31.294675125915067, 119.52703195988694 31.28861579064731, 119.52940250343109 31.277263938362438, 119.54159123632277 31.271972809411352, 119.55140890063781 31.27803286391587))"
87309e188ffffff,88.44960021972656,"POLYGON ((119.60249685870654 31.245507543064793, 119.6001323454029 31.256859308850537, 119.58795528957717 31.26215365765201, 119.57814221940664 31.256095569657507, 119.58050844748014 31.244742412066557, 119.59268603091505 31.239448734226833, 119.60249685870654 31.245507543064793))"
87309e189ffffff,1875.3402099609375,"POLYGON ((119.62447884447951 31.246268697571267, 119.62211604574078 31.257619070653035, 119.60994306060353 31.262914711854158, 119.6001323454029 31.256859308850537, 119.60249685870654 31.245507543064793, 119.61467037260621 31.24021257293841, 119.62447884447951 31.246268697571267))"
87309e18affffff,378.71343994140625,"POLYGON ((119.595050959756 31.22809423405936, 119.59268603091505 31.239448734226833, 119.58050844748014 31.244742412066557, 119.57069526570235 31.23868091785686, 119.57306190914271 31.227325025390257, 119.58524001972229 31.222032019384113, 119.595050959756 31.22809423405936))"
87309e18bffffff,429.46514892578125,"POLYGON ((119.61703358705209 31.228859465969457, 119.61467037260621 31.24021257293841, 119.60249685870654 31.245507543064793, 119.59268603091505 31.239448734226833, 119.595050959756 31.22809423405936, 119.60722500195381 31.222799935880204, 119.61703358705209 31.228859465969457))"
87309e18cffffff,763.36669921875,"POLYGON ((119.58795528957717 31.26215365765201, 119.58558947698629 31.273504079498736, 119.57340887911982 31.27879780381093, 119.56359356688604 31.272740436250594, 119.56596109462099 31.261388623992694, 119.57814221940664 31.256095569657507, 119.58795528957717 31.26215365765201))"
87309e18dffffff,495.82025146484375,"POLYGON ((119.60994306060353 31.262914711854158, 119.6075789629528 31.274263742390456, 119.59540243520074 31.279558761282132, 119.58558947698629 31.273504079498736, 119.58795528957717 31.26215365765201, 119.6001323454029 31.256859308850537, 119.60994306060353 31.262914711854158))"
87309e18effffff,1573.93603515625,"POLYGON ((119.58050844748014 31.244742412066557, 119.57814221940664 31.256095569657507, 119.56596109462099 31.261388623992694, 119.55614567141556 31.255327849840366, 119.55851361446234 31.24397330134418, 119.57069526570235 31.23868091785686, 119.58050844748014 31.244742412066557))"
87309e198ffffff,155.23977661132812,"POLYGON ((119.56561567479781 31.20990149849326, 119.56324861610648 31.221260124963923, 119.55106643887682 31.22655183673229, 119.541250794775 31.2204842493911, 119.54361956809737 31.20912423102964, 119.5558022708519 31.20383319185163, 119.56561567479781 31.20990149849326))"
87309e199ffffff,383.4887390136719,"POLYGON ((119.58760536398482 31.210674785705557, 119.58524001972229 31.222032019384113, 119.57306190914271 31.227325025390257, 119.56324861610648 31.221260124963923, 119.56561567479781 31.20990149849326, 119.57779431205758 31.204609165192743, 119.58760536398482 31.210674785705557))"
87309e19bffffff,2226.293212890625,"POLYGON ((119.580160071626 31.193249198876742, 119.57779431205758 31.204609165192743, 119.56561567479781 31.20990149849326, 119.5558022708519 31.20383319185163, 119.55816974467834 31.192471832251385, 119.57034890815382 31.18718017252882, 119.580160071626 31.193249198876742))"
87309e19cffffff,315.99932861328125,"POLYGON ((119.55106643887682 31.22655183673229, 119.54869808063425 31.237909120597344, 119.53651236332483 31.243200207666707, 119.52669447938653 31.23713333921869, 119.52906455263253 31.225774664857003, 119.541250794775 31.2204842493911, 119.55106643887682 31.22655183673229))"
87309e19dffffff,19.69159507751465,"POLYGON ((119.57306190914271 31.227325025390257, 119.57069526570235 31.23868091785686, 119.55851361446234 31.24397330134418, 119.54869808063425 31.237909120597344, 119.55106643887682 31.22655183673229, 119.56324861610648 31.221260124963923, 119.57306190914271 31.227325025390257))"
87309e1a1ffffff,2046.46337890625,"POLYGON ((119.54430153205548 31.31208016716769, 119.54193181902913 31.32342654067429, 119.52974059437095 31.328718372529615, 119.51991855785748 31.322663163801447, 119.52228998714716 31.311315404070154, 119.53448173664869 31.30602423924196, 119.54430153205548 31.31208016716769))"
87309e1a3ffffff,582.5108642578125,"POLYGON ((119.536851864992 31.294675125915067, 119.53448173664869 31.30602423924196, 119.52228998714716 31.311315404070154, 119.51246784157317 31.305256787626657, 119.51483968600775 31.293906287580374, 119.52703195988694 31.28861579064731, 119.536851864992 31.294675125915067))"
87309e1a8ffffff,895.7613525390625,"POLYGON ((119.58085696772577 31.296200839937647, 119.57849027096213 31.30754717712245, 119.56630665763537 31.31284094190404, 119.55648921434002 31.306787701328282, 119.55885762679254 31.29543997562229, 119.57104176681258 31.290146878964038, 119.58085696772577 31.296200839937647))"
87309e1a9ffffff,395.3929138183594,"POLYGON ((119.60284988411777 31.29695772209818, 119.6004849028395 31.308302669862673, 119.58830536020571 31.31359773151732, 119.57849027096213 31.30754717712245, 119.58085696772577 31.296200839937647, 119.5930370382083 31.29090644651906, 119.60284988411777 31.29695772209818))"
87309e1aaffffff,1639.0987548828125,"POLYGON ((119.57340887911982 31.27879780381093, 119.57104176681258 31.290146878964038, 119.55885762679254 31.29543997562229, 119.54904007281282 31.289383328085364, 119.55140890063781 31.27803286391587, 119.56359356688604 31.272740436250594, 119.57340887911982 31.27879780381093))"
87309e1abffffff,1587.7359619140625,"POLYGON ((119.59540243520074 31.279558761282132, 119.5930370382083 31.29090644651906, 119.58085696772577 31.296200839937647, 119.57104176681258 31.290146878964038, 119.57340887911982 31.27879780381093, 119.58558947698629 31.273504079498736, 119.59540243520074 31.279558761282132))"
87309e1acffffff,942.2970581054688,"POLYGON ((119.56630665763537 31.31284094190404, 119.5639386606714 31.324185928285132, 119.5517515043884 31.329479061265523, 119.54193181902913 31.32342654067429, 119.54430153205548 31.31208016716769, 119.55648921434002 31.306787701328282, 119.56630665763537 31.31284094190404))"
87309e1adffffff,517.347900390625,"POLYGON ((119.58830536020571 31.31359773151732, 119.58593907910158 31.324941329873283, 119.57375599293312 31.330235761908806, 119.5639386606714 31.324185928285132, 119.56630665763537 31.31284094190404, 119.57849027096213 31.30754717712245, 119.58830536020571 31.31359773151732))"
87309e1aeffffff,1078.145751953125,"POLYGON ((119.55885762679254 31.29543997562229, 119.55648921434002 31.306787701328282, 119.54430153205548 31.31208016716769, 119.53448173664869 31.30602423924196, 119.536851864992 31.294675125915067, 119.54904007281282 31.289383328085364, 119.55885762679254 31.29543997562229))"
87309e300ffffff,0.0,"POLYGON ((120.00462032222038 31.27593689479649, 120.00228705685664 31.28726072932751, 119.990184081037 31.292578697012175, 119.98041382194506 31.286572158147873, 119.98274879831426 31.27524691632332, 119.9948523227235 31.269929620612388, 120.00462032222038 31.27593689479649))"
87309e301ffffff,0.0,"POLYGON ((120.02648535432219 31.27662295550817, 120.02415379973083 31.28794538186904, 120.01205492587874 31.293264604835638, 120.00228705685664 31.28726072932751, 120.00462032222038 31.27593689479649, 120.01671974578709 31.27061834389979, 120.02648535432219 31.27662295550817))"
87309e302ffffff,0.0,"POLYGON ((119.9971860067084 31.258603059852238, 119.9948523227235 31.269929620612388, 119.98274879831426 31.27524691632332, 119.97297840971333 31.269236978372493, 119.9753138045436 31.25790900981204, 119.98741787708315 31.2525923869586, 119.9971860067084 31.258603059852238))"
87309e303ffffff,0.0,"POLYGON ((120.0190517191592 31.25929319181722, 120.01671974578709 31.27061834389979, 120.00462032222038 31.27593689479649, 119.9948523227235 31.269929620612388, 119.9971860067084 31.258603059852238, 120.00928597953076 31.25328518190988, 120.0190517191592 31.25929319181722))"
87309e304ffffff,0.0,"POLYGON ((119.990184081037 31.292578697012175, 119.98784952324189 31.30390121125094, 119.97574299500346 31.309218592578688, 119.96597047659135 31.303212788629324, 119.96830674578398 31.291888868481795, 119.98041382194506 31.286572158147873, 119.990184081037 31.292578697012175))"
87309e305ffffff,0.0,"POLYGON ((120.01205492587874 31.293264604835638, 120.009722079249 31.304585712288485, 119.99761965247832 31.30990435106339, 119.98784952324189 31.30390121125094, 119.990184081037 31.292578697012175, 120.00228705685664 31.28726072932751, 120.01205492587874 31.293264604835638))"
87309e306ffffff,0.0,"POLYGON ((119.98274879831426 31.27524691632332, 119.98041382194506 31.286572158147873, 119.96830674578398 31.291888868481795, 119.95853409848303 31.28587966507004, 119.96087078608923 31.274553016829742, 119.97297840971333 31.269236978372493, 119.98274879831426 31.27524691632332))"
87309e308ffffff,0.0,"POLYGON ((120.06276366101515 31.260661714553816, 120.06043510816494 31.271984046654225, 120.04834389114401 31.27730510171854, 120.0385806754243 31.271303151493683, 120.0409109384177 31.25997940896475, 120.0530027069402 31.254659027045825, 120.06276366101515 31.260661714553816))"
87309e309ffffff,0.0,"POLYGON ((120.08460988349259 31.261340111844664, 120.08228304054846 31.272661032642848, 120.07019592921965 31.277983336689005, 120.06043510816494 31.271984046654225, 120.06276366101515 31.260661714553816, 120.07485132496623 31.25534008374727, 120.08460988349259 31.261340111844664))"
87309e30affffff,0.0,"POLYGON ((120.0553316787762 31.243333971089903, 120.0530027069402 31.254659027045825, 120.0409109384177 31.25997940896475, 120.03114759064069 31.253974060853036, 120.03347827246128 31.24264759396072, 120.04557059202698 31.237327886073217, 120.0553316787762 31.243333971089903))"
87309e30cffffff,0.0,"POLYGON ((120.04834389114401 31.27730510171854, 120.04601404709035 31.288626119033836, 120.03391927682638 31.29394659521355, 120.02415379973083 31.28794538186904, 120.02648535432219 31.27662295550817, 120.0385806754243 31.271303151493683, 120.04834389114401 31.27730510171854))"
87309e30dffffff,0.0,"POLYGON ((120.07019592921965 31.277983336689005, 120.06786779546756 31.289302944084504, 120.0557771304067 31.294624671408467, 120.04601404709035 31.288626119033836, 120.04834389114401 31.27730510171854, 120.06043510816494 31.271984046654225, 120.07019592921965 31.277983336689005))"
87309e30effffff,0.0,"POLYGON ((120.0409109384177 31.25997940896475, 120.0385806754243 31.271303151493683, 120.02648535432219 31.27662295550817, 120.01671974578709 31.27061834389979, 120.0190517191592 31.25929319181722, 120.03114759064069 31.253974060853036, 120.0409109384177 31.25997940896475))"
87309e310ffffff,0.0,"POLYGON ((119.96787909995865 31.24056497829916, 119.96554328678026 31.251895672742645, 119.95343511615273 31.257211038440136, 119.94366221211406 31.251195036006738, 119.94599973620804 31.23986293413618, 119.95810845337934 31.23454824208181, 119.96787909995865 31.24056497829916))"
87309e311ffffff,0.0,"POLYGON ((119.98975197957647 31.241263100821318, 119.98741787708315 31.2525923869586, 119.9753138045436 31.25790900981204, 119.96554328678026 31.251895672742645, 119.96787909995865 31.24056497829916, 119.97998372016919 31.23524902918724, 119.98975197957647 31.241263100821318))"
87309e312ffffff,0.0,"POLYGON ((119.96044468479286 31.223214822611077, 119.95810845337934 31.23454824208181, 119.94599973620804 31.23986293413618, 119.9362267043204 31.23384353214886, 119.93856464648852 31.222508704746687, 119.95067390974404 31.21719468721907, 119.96044468479286 31.223214822611077))"
87309e313ffffff,0.0,"POLYGON ((119.982318241058 31.223917018527725, 119.97998372016919 31.23524902918724, 119.96787909995865 31.24056497829916, 119.95810845337934 31.23454824208181, 119.96044468479286 31.223214822611077, 119.97254985221501 31.21789954812496, 119.982318241058 31.223917018527725))"
87309e314ffffff,0.0,"POLYGON ((119.95343511615273 31.257211038440136, 119.95109801024608 31.268540413922423, 119.93898628904039 31.27385519305809, 119.92921112782082 31.26783992400573, 119.93154994503337 31.256509142481256, 119.94366221211406 31.251195036006738, 119.95343511615273 31.257211038440136))"
87309e315ffffff,0.0,"POLYGON ((119.9753138045436 31.25790900981204, 119.97297840971333 31.269236978372493, 119.96087078608923 31.274553016829742, 119.95109801024608 31.268540413922423, 119.95343511615273 31.257211038440136, 119.96554328678026 31.251895672742645, 119.9753138045436 31.25790900981204))"
87309e316ffffff,0.0,"POLYGON ((119.94599973620804 31.23986293413618, 119.94366221211406 31.251195036006738, 119.93154994503337 31.256509142481256, 119.9217746565862 31.250490473496868, 119.92411389182466 31.239156965079555, 119.9362267043204 31.23384353214886, 119.94599973620804 31.23986293413618))"
87309e318ffffff,0.0,"POLYGON ((120.02604589350831 31.225309657525692, 120.02371479297308 31.236638847928198, 120.01161837157095 31.241957304956728, 120.00185250119539 31.235945896717993, 120.00418531179098 31.224615295748293, 120.01628228265503 31.219297513541058, 120.02604589350831 31.225309657525692))"
87309e31cffffff,0.0,"POLYGON ((120.01161837157095 31.241957304956728, 120.00928597953076 31.25328518190988, 119.9971860067084 31.258603059852238, 119.98741787708315 31.2525923869586, 119.98975197957647 31.241263100821318, 120.00185250119539 31.235945896717993, 120.01161837157095 31.241957304956728))"
87309e31dffffff,0.0,"POLYGON ((120.03347827246128 31.24264759396072, 120.03114759064069 31.253974060853036, 120.0190517191592 31.25929319181722, 120.00928597953076 31.25328518190988, 120.01161837157095 31.241957304956728, 120.02371479297308 31.236638847928198, 120.03347827246128 31.24264759396072))"
87309e31effffff,0.0,"POLYGON ((120.00418531179098 31.224615295748293, 120.00185250119539 31.235945896717993, 119.98975197957647 31.241263100821318, 119.97998372016919 31.23524902918724, 119.982318241058 31.223917018527725, 119.9944193110145 31.218600489148404, 120.00418531179098 31.224615295748293))"
87309e320ffffff,0.0,"POLYGON ((119.98317953351399 31.32654218830843, 119.98084410148763 31.337860649729834, 119.9687345683809 31.343178110688555, 119.95895991953988 31.337176441047863, 119.96129706351608 31.325856575611258, 119.97340714433741 31.32053978378561, 119.98317953351399 31.32654218830843))"
87309e321ffffff,0.0,"POLYGON ((120.00505551240454 31.327223877667382, 120.00272179209624 31.33854093419654, 119.99061636108192 31.34385965486462, 119.98084410148763 31.337860649729834, 119.98317953351399 31.32654218830843, 119.99528551337018 31.321224136869372, 120.00505551240454 31.327223877667382))"
87309e322ffffff,0.0,"POLYGON ((119.97574299500346 31.309218592578688, 119.97340714433741 31.32053978378561, 119.96129706351608 31.325856575611258, 119.95152228606018 31.319851506170444, 119.95385984851534 31.308528910440284, 119.96597047659135 31.303212788629324, 119.97574299500346 31.309218592578688))"
87309e323ffffff,0.0,"POLYGON ((119.99761965247832 31.30990435106339, 119.99528551337018 31.321224136869372, 119.98317953351399 31.32654218830843, 119.97340714433741 31.32053978378561, 119.97574299500346 31.309218592578688, 119.98784952324189 31.30390121125094, 119.99761965247832 31.30990435106339))"
87309e324ffffff,116.97613525390625,"POLYGON ((119.9687345683809 31.343178110688555, 119.96639784299676 31.35449524498878, 119.95428475647618 31.359812112322317, 119.94450784824798 31.35381117715481, 119.94684628597335 31.34249264022584, 119.95895991953988 31.337176441047863, 119.9687345683809 31.343178110688555))"
87309e325ffffff,0.0,"POLYGON ((119.99061636108192 31.34385965486462, 119.98828134780823 31.355175385658526, 119.97617236287597 31.360493514868985, 119.96639784299676 31.35449524498878, 119.9687345683809 31.343178110688555, 119.98084410148763 31.337860649729834, 119.99061636108192 31.34385965486462))"
87309e326ffffff,76.64122009277344,"POLYGON ((119.96129706351608 31.325856575611258, 119.95895991953988 31.337176441047863, 119.94684628597335 31.34249264022584, 119.93706924975156 31.336488304885762, 119.93940810590789 31.32516703631216, 119.95152228606018 31.319851506170444, 119.96129706351608 31.325856575611258))"
87309e328ffffff,0.0,"POLYGON ((120.04135348643807 31.311264110122924, 120.039022769746 31.322581082498736, 120.0269249967003 31.32790164695301, 120.01715738966698 31.32190456868545, 120.01948981744997 31.310586189156894, 120.03158814112834 31.305266295004515, 120.04135348643807 31.311264110122924))"
87309e329ffffff,0.0,"POLYGON ((120.06321065597201 31.311938117226497, 120.0608816501351 31.323253681575462, 120.04878798292361 31.32857549943146, 120.039022769746 31.322581082498736, 120.04135348643807 31.311264110122924, 120.05344770540518 31.305942962662808, 120.06321065597201 31.311938117226497))"
87309e32affffff,0.0,"POLYGON ((120.03391927682638 31.29394659521355, 120.03158814112834 31.305266295004515, 120.01948981744997 31.310586189156894, 120.009722079249 31.304585712288485, 120.01205492587874 31.293264604835638, 120.02415379973083 31.28794538186904, 120.03391927682638 31.29394659521355))"
87309e32bffffff,0.0,"POLYGON ((120.0557771304067 31.294624671408467, 120.05344770540518 31.305942962662808, 120.04135348643807 31.311264110122924, 120.03158814112834 31.305266295004515, 120.03391927682638 31.29394659521355, 120.04601404709035 31.288626119033836, 120.0557771304067 31.294624671408467))"
87309e32cffffff,0.0,"POLYGON ((120.0269249967003 31.32790164695301, 120.0245929878768 31.33921729771407, 120.01249166058194 31.34453727602011, 120.00272179209624 31.33854093419654, 120.00505551240454 31.327223877667382, 120.01715738966698 31.32190456868545, 120.0269249967003 31.32790164695301))"
87309e32dffffff,0.0,"POLYGON ((120.04878798292361 31.32857549943146, 120.04645768535005 31.339889743549783, 120.03436046339611 31.345210977422347, 120.0245929878768 31.33921729771407, 120.0269249967003 31.32790164695301, 120.039022769746 31.322581082498736, 120.04878798292361 31.32857549943146))"
87309e32effffff,0.0,"POLYGON ((120.01948981744997 31.310586189156894, 120.01715738966698 31.32190456868545, 120.00505551240454 31.327223877667382, 119.99528551337018 31.321224136869372, 119.99761965247832 31.30990435106339, 120.009722079249 31.304585712288485, 120.01948981744997 31.310586189156894))"
87309e330ffffff,14.96481704711914,"POLYGON ((119.9464229236122 31.29119511598443, 119.94408494279138 31.302520441162383, 119.93197021651349 31.307835301386906, 119.92219292534563 31.30182416559008, 119.92453261802376 31.290497436261248, 119.93664788996705 31.285183246835125, 119.9464229236122 31.29119511598443))"
87309e331ffffff,0.0,"POLYGON ((119.96830674578398 31.291888868481795, 119.96597047659135 31.303212788629324, 119.95385984851534 31.308528910440284, 119.94408494279138 31.302520441162383, 119.9464229236122 31.29119511598443, 119.95853409848303 31.28587966507004, 119.96830674578398 31.291888868481795))"
87309e332ffffff,8.955402374267578,"POLYGON ((119.93898628904039 31.27385519305809, 119.93664788996705 31.285183246835125, 119.92453261802376 31.290497436261248, 119.91475519990335 31.284482900185534, 119.91709531067234 31.273153441751973, 119.92921112782082 31.26783992400573, 119.93898628904039 31.27385519305809))"
87309e333ffffff,0.0,"POLYGON ((119.96087078608923 31.274553016829742, 119.95853409848303 31.28587966507004, 119.9464229236122 31.29119511598443, 119.93664788996705 31.285183246835125, 119.93898628904039 31.27385519305809, 119.95109801024608 31.268540413922423, 119.96087078608923 31.274553016829742))"
87309e334ffffff,4218.2255859375,"POLYGON ((119.93197021651349 31.307835301386906, 119.9296309420396 31.31915930076145, 119.91751266419602 31.324473567148775, 119.90773311578633 31.318463164297437, 119.91007410250718 31.307137762158597, 119.92219292534563 31.30182416559008, 119.93197021651349 31.307835301386906))"
87309e335ffffff,35.829071044921875,"POLYGON ((119.95385984851534 31.308528910440284, 119.95152228606018 31.319851506170444, 119.93940810590789 31.32516703631216, 119.9296309420396 31.31915930076145, 119.93197021651349 31.307835301386906, 119.94408494279138 31.302520441162383, 119.95385984851534 31.308528910440284))"
87309e336ffffff,1229.6639404296875,"POLYGON ((119.92453261802376 31.290497436261248, 119.92219292534563 31.30182416559008, 119.91007410250718 31.307137762158597, 119.90029442776739 31.30112395865369, 119.90263583253045 31.289795826054696, 119.91475519990335 31.284482900185534, 119.92453261802376 31.290497436261248))"
87309e370ffffff,0.0,"POLYGON ((120.09947333162057 31.295969094305864, 120.0971473273005 31.307284565867384, 120.0850613225907 31.312608213733814, 120.07530076861437 31.30661571852834, 120.07762848315608 31.29529883668423, 120.08971504140443 31.28997586028487, 120.09947333162057 31.295969094305864))"
87309e371ffffff,0.0,"POLYGON ((120.12131167235586 31.296635447539618, 120.11898737801768 31.307949507947363, 120.10690548284276 31.313274402912324, 120.0971473273005 31.307284565867384, 120.09947333162057 31.295969094305864, 120.1115557814526 31.29064487089999, 120.12131167235586 31.296635447539618))"
87309e372ffffff,0.0,"POLYGON ((120.09204146509263 31.278657663682214, 120.08971504140443 31.28997586028487, 120.07762848315608 31.29529883668423, 120.06786779546756 31.289302944084504, 120.07019592921965 31.277983336689005, 120.08228304054846 31.272661032642848, 120.09204146509263 31.278657663682214))"
87309e373ffffff,0.0,"POLYGON ((120.11388049531601 31.279328085962018, 120.1115557814526 31.29064487089999, 120.09947333162057 31.295969094305864, 120.08971504140443 31.28997586028487, 120.09204146509263 31.278657663682214, 120.10412446912389 31.27333411272222, 120.11388049531601 31.279328085962018))"
87309e374ffffff,0.0,"POLYGON ((120.0850613225907 31.312608213733814, 120.08273402737169 31.323922369183016, 120.07064446760626 31.329245438370148, 120.0608816501351 31.323253681575462, 120.06321065597201 31.311938117226497, 120.07530076861437 31.30661571852834, 120.0850613225907 31.312608213733814))"
87309e375ffffff,0.0,"POLYGON ((120.10690548284276 31.313274402912324, 120.1045798980029 31.324587148590027, 120.0924944472898 31.32991146703767, 120.08273402737169 31.323922369183016, 120.0850613225907 31.312608213733814, 120.0971473273005 31.307284565867384, 120.10690548284276 31.313274402912324))"
87309e376ffffff,0.0,"POLYGON ((120.07762848315608 31.29529883668423, 120.07530076861437 31.30661571852834, 120.06321065597201 31.311938117226497, 120.05344770540518 31.305942962662808, 120.0557771304067 31.294624671408467, 120.06786779546756 31.289302944084504, 120.07762848315608 31.29529883668423))"
87309e3a0ffffff,207.49374389648438,"POLYGON ((119.93112984722767 31.20514835110611, 119.92879148709862 31.216485903180306, 119.91667812964766 31.22179866168419, 119.90690258778547 31.215773192759503, 119.90924265873582 31.204434233132005, 119.92135656068201 31.199122149938162, 119.93112984722767 31.20514835110611))"
87309e3a1ffffff,0.0,"POLYGON ((119.95301055927963 31.20585854357983, 119.95067390974404 31.21719468721907, 119.93856464648852 31.222508704746687, 119.92879148709862 31.216485903180306, 119.93112984722767 31.20514835110611, 119.94323965610775 31.199835008989165, 119.95301055927963 31.20585854357983))"
87309e3a2ffffff,737.5339965820312,"POLYGON ((119.9236953386588 31.187781874054526, 119.92135656068201 31.199122149938162, 119.90924265873582 31.204434233132005, 119.89946699068616 31.19840536420443, 119.90180747932239 31.18706368026551, 119.9139219253039 31.181752273265207, 119.9236953386588 31.187781874054526))"
87309e3a3ffffff,0.0,"POLYGON ((119.94557672365235 31.18849614204308, 119.94323965610775 31.199835008989165, 119.93112984722767 31.20514835110611, 119.92135656068201 31.199122149938162, 119.9236953386588 31.187781874054526, 119.9358056927038 31.182469208232384, 119.94557672365235 31.18849614204308))"
87309e3a4ffffff,19.568214416503906,"POLYGON ((119.91667812964766 31.22179866168419, 119.91433847649661 31.23313489613682, 119.90222157031832 31.23844706787775, 119.89244377342168 31.232422330795384, 119.8947851377826 31.22108469017446, 119.90690258778547 31.215773192759503, 119.91667812964766 31.22179866168419))"
87309e3a5ffffff,0.0,"POLYGON ((119.93856464648852 31.222508704746687, 119.9362267043204 31.23384353214886, 119.92411389182466 31.239156965079555, 119.91433847649661 31.23313489613682, 119.91667812964766 31.22179866168419, 119.92879148709862 31.216485903180306, 119.93856464648852 31.222508704746687))"
87309e3a6ffffff,3044.7373046875,"POLYGON ((119.90924265873582 31.204434233132005, 119.90690258778547 31.215773192759503, 119.8947851377826 31.22108469017446, 119.88500721532098 31.215056552708813, 119.8873489973189 31.20371618641086, 119.89946699068616 31.19840536420443, 119.90924265873582 31.204434233132005))"
87309e3acffffff,0.0,"POLYGON ((119.97488479138653 31.2065648138011, 119.97254985221501 31.21789954812496, 119.96044468479286 31.223214822611077, 119.95067390974404 31.21719468721907, 119.95301055927963 31.20585854357983, 119.96511627345411 31.200543944604107, 119.97488479138653 31.2065648138011))"
87309e3b0ffffff,133.7333526611328,"POLYGON ((119.89437259164063 31.169687003932797, 119.89203168543195 31.18103141131676, 119.87991314916049 31.18634155743184, 119.87013497660936 31.180306619144112, 119.87247759354061 31.168960804087956, 119.88459667225604 31.163651334947303, 119.89437259164063 31.169687003932797))"
87309e3b1ffffff,549.349853515625,"POLYGON ((119.9162611210152 31.170409274437606, 119.9139219253039 31.181752273265207, 119.90180747932239 31.18706368026551, 119.89203168543195 31.18103141131676, 119.89437259164063 31.169687003932797, 119.90648758119757 31.164376274009783, 119.9162611210152 31.170409274437606))"
87309e3b4ffffff,635.8836669921875,"POLYGON ((119.87991314916049 31.18634155743184, 119.87757094963911 31.197684648542513, 119.8654488665014 31.20299420769728, 119.8556684410694 31.196959999708326, 119.85801235170014 31.185615502310583, 119.87013497660936 31.180306619144112, 119.87991314916049 31.18634155743184))"
87309e3b5ffffff,1480.24658203125,"POLYGON ((119.90180747932239 31.18706368026551, 119.89946699068616 31.19840536420443, 119.8873489973189 31.20371618641086, 119.87757094963911 31.197684648542513, 119.87991314916049 31.18634155743184, 119.89203168543195 31.18103141131676, 119.90180747932239 31.18706368026551))"
87309e3b6ffffff,40.0306282043457,"POLYGON ((119.87247759354061 31.168960804087956, 119.87013497660936 31.180306619144112, 119.85801235170014 31.185615502310583, 119.84823180236718 31.179577893505545, 119.85057613024469 31.16823067166256, 119.86269929646488 31.16292246536678, 119.87247759354061 31.168960804087956))"
87309e56bffffff,32.17009735107422,"POLYGON ((119.54327879804707 31.157594085264908, 119.54091049429807 31.16896090848877, 119.52872674188812 31.174250599870938, 119.51891076905837 31.168172792774957, 119.5212807869239 31.15680457618864, 119.53346506346443 31.15151556001247, 119.54327879804707 31.157594085264908))"
87309e850ffffff,1654.7119140625,"POLYGON ((119.66353756302281 31.58972425023895, 119.66117451084762 31.601026671763904, 119.64899174700845 31.606329058221103, 119.63917150301045 31.60032836992702, 119.64153627418125 31.589024570210597, 119.65371957031395 31.58372283692864, 119.66353756302281 31.58972425023895))"
87309e851ffffff,1223.936279296875,"POLYGON ((119.6855323982754 31.590419946472565, 119.68317106488568 31.601720988915933, 119.6709923879159 31.607024678226068, 119.66117451084762 31.601026671763904, 119.66353756302281 31.58972425023895, 119.67571677343987 31.58442121420688, 119.6855323982754 31.590419946472565))"
87309e852ffffff,2732.03515625,"POLYGON ((119.65608303966134 31.572417662188734, 119.65371957031395 31.58372283692864, 119.64153627418125 31.589024570210597, 119.63171591552768 31.583020474662696, 119.63408110370113 31.571713921222848, 119.64626493166169 31.566412841979833, 119.65608303966134 31.572417662188734))"
87309e853ffffff,6512.330078125,"POLYGON ((119.6780785241708 31.573117419057745, 119.67571677343987 31.58442121420688, 119.66353756302281 31.58972425023895, 119.65371957031395 31.58372283692864, 119.65608303966134 31.572417662188734, 119.66826278306033 31.567115280299156, 119.6780785241708 31.573117419057745))"
87309e855ffffff,1084.8336181640625,"POLYGON ((119.6709923879159 31.607024678226068, 119.66862975302863 31.618324345723916, 119.65644752194862 31.623627384492906, 119.64662739295612 31.61763010340107, 119.64899174700845 31.606329058221103, 119.66117451084762 31.601026671763904, 119.6709923879159 31.607024678226068))"
87309e85affffff,826.2747802734375,"POLYGON ((119.71459785441013 31.557204429997086, 119.71223912271509 31.568508214169988, 119.70006755358635 31.573813195105036, 119.69025418129063 31.567813736604098, 119.69261463101039 31.556508570552783, 119.70478673495968 31.55120424483062, 119.71459785441013 31.557204429997086))"
87309e85effffff,1336.6275634765625,"POLYGON ((119.70006755358635 31.573813195105036, 119.69770752126082 31.585115609773812, 119.6855323982754 31.590419946472565, 119.67571677343987 31.58442121420688, 119.6780785241708 31.573117419057745, 119.69025418129063 31.567813736604098, 119.70006755358635 31.573813195105036))"
87309e8c0ffffff,1092.5491943359375,"POLYGON ((119.6482660395993 31.503845733260675, 119.64590262065958 31.51516053106111, 119.63372128110701 31.52046094533412, 119.6239028293335 31.514445904153423, 119.6262679662121 31.50312972473407, 119.63844983688512 31.49782996806388, 119.6482660395993 31.503845733260675))"
87309e8c1ffffff,1489.0791015625,"POLYGON ((119.67025766643947 31.504557759769405, 119.66789596522977 31.515871175058653, 119.6557187084972 31.521172889583703, 119.64590262065958 31.51516053106111, 119.6482660395993 31.503845733260675, 119.66044382860598 31.498544676443835, 119.67025766643947 31.504557759769405))"
87309e8c2ffffff,869.7855224609375,"POLYGON ((119.64081367258792 31.486512421658244, 119.63844983688512 31.49782996806388, 119.6262679662121 31.50312972473407, 119.61644940054666 31.49711127647964, 119.61881495401853 31.485792347950145, 119.63099735534665 31.480493249748577, 119.64081367258792 31.486512421658244))"
87309e8c3ffffff,351.1932373046875,"POLYGON ((119.66280594674794 31.487228513054944, 119.66044382860598 31.498544676443835, 119.6482660395993 31.503845733260675, 119.63844983688512 31.49782996806388, 119.64081367258792 31.486512421658244, 119.65299199340359 31.48121202341603, 119.66280594674794 31.487228513054944))"
87309e8c4ffffff,3557.76611328125,"POLYGON ((119.63372128110701 31.52046094533412, 119.63135656093755 31.53177437481652, 119.61917167071816 31.537074143389358, 119.60935097019735 31.531059825797303, 119.61171740868319 31.519745016094518, 119.6239028293335 31.514445904153423, 119.63372128110701 31.52046094533412))"
87309e8c5ffffff,3356.077880859375,"POLYGON ((119.6557187084972 31.521172889583703, 119.6533557064362 31.532484937952947, 119.64117489846947 31.53778600896327, 119.63135656093755 31.53177437481652, 119.63372128110701 31.52046094533412, 119.64590262065958 31.51516053106111, 119.6557187084972 31.521172889583703))"
87309e8c6ffffff,1289.4356689453125,"POLYGON ((119.6262679662121 31.50312972473407, 119.6239028293335 31.514445904153423, 119.61171740868319 31.519745016094518, 119.60189659490638 31.513727291069014, 119.60426344993108 31.502409730924178, 119.61644940054666 31.49711127647964, 119.6262679662121 31.50312972473407))"
87309e8c8ffffff,11751.130859375,"POLYGON ((119.70677114726537 31.488648761972755, 119.70441246361412 31.49996215665404, 119.69224284308896 31.505265807526985, 119.68243137206163 31.499255404884934, 119.68479177285255 31.48794062540455, 119.6969619274899 31.48263763331569, 119.70677114726537 31.488648761972755))"
87309e8c9ffffff,24508.32421875,"POLYGON ((119.72874406635981 31.489352926026577, 119.7263870996353 31.50066493501938, 119.71422156591402 31.50596987980154, 119.70441246361412 31.49996215665404, 119.70677114726537 31.488648761972755, 119.71893721624808 31.483344476078038, 119.72874406635981 31.489352926026577))"
87309e8caffffff,1832.0994873046875,"POLYGON ((119.69932102829492 31.471321492374262, 119.6969619274899 31.48263763331569, 119.68479177285255 31.48794062540455, 119.67498018533146 31.481926816850276, 119.67734100310794 31.470609290603704, 119.68951169139294 31.465306958167005, 119.69932102829492 31.471321492374262))"
87309e8cbffffff,4654.99560546875,"POLYGON ((119.72129460029403 31.472029721331808, 119.71893721624808 31.483344476078038, 119.70677114726537 31.488648761972755, 119.6969619274899 31.48263763331569, 119.69932102829492 31.471321492374262, 119.71148763207485 31.46601786623578, 119.72129460029403 31.472029721331808))"
87309e8ccffffff,6388.03466796875,"POLYGON ((119.69224284308896 31.505265807526985, 119.68988285939898 31.51657783941395, 119.67770968720296 31.521880852111103, 119.66789596522977 31.515871175058653, 119.67025766643947 31.504557759769405, 119.68243137206163 31.499255404884934, 119.69224284308896 31.505265807526985))"
87309e8cdffffff,20200.55078125,"POLYGON ((119.71422156591402 31.50596987980154, 119.71186329953181 31.51728052739634, 119.69969421358333 31.522584836185533, 119.68988285939898 31.51657783941395, 119.69224284308896 31.505265807526985, 119.70441246361412 31.49996215665404, 119.71422156591402 31.50596987980154))"
87309e8ceffffff,5275.05712890625,"POLYGON ((119.68479177285255 31.48794062540455, 119.68243137206163 31.499255404884934, 119.67025766643947 31.504557759769405, 119.66044382860598 31.498544676443835, 119.66280594674794 31.487228513054944, 119.67498018533146 31.481926816850276, 119.68479177285255 31.48794062540455))"
87309e8d0ffffff,2572.07666015625,"POLYGON ((119.61136224476004 31.468448815775048, 119.60899627481085 31.479770492584883, 119.59680979469563 31.485068288667783, 119.58698875545608 31.47904374866334, 119.58935644321052 31.467720690120387, 119.60154345235972 31.462423553264475, 119.61136224476004 31.468448815775048))"
87309e8d1ffffff,563.3245239257812,"POLYGON ((119.63336160769677 31.469172955566624, 119.63099735534665 31.480493249748577, 119.61881495401853 31.485792347950145, 119.60899627481085 31.479770492584883, 119.61136224476004 31.468448815775048, 119.62354517627793 31.463150376908096, 119.63336160769677 31.469172955566624))"
87309e8d2ffffff,743.9637451171875,"POLYGON ((119.60390983867042 31.45109912900701, 119.60154345235972 31.462423553264475, 119.58935644321052 31.467720690120387, 119.57953529176423 31.46169274257578, 119.58190339570946 31.450366936082673, 119.59409093342701 31.44507045931937, 119.60390983867042 31.45109912900701))"
87309e8d3ffffff,310.48541259765625,"POLYGON ((119.62590984515963 31.45182733578171, 119.62354517627793 31.463150376908096, 119.61136224476004 31.468448815775048, 119.60154345235972 31.462423553264475, 119.60390983867042 31.45109912900701, 119.61609329991265 31.44580135034099, 119.62590984515963 31.45182733578171))"
87309e8d4ffffff,2321.016357421875,"POLYGON ((119.59680979469563 31.485068288667783, 119.59444252324803 31.496388598427004, 119.58225249441931 31.501685748567045, 119.57242920865627 31.49566193064325, 119.57479819828474 31.4843402405496, 119.58698875545608 31.47904374866334, 119.59680979469563 31.485068288667783))"
87309e8d5ffffff,1008.7306518554688,"POLYGON ((119.61881495401853 31.485792347950145, 119.61644940054666 31.49711127647964, 119.60426344993108 31.502409730924178, 119.59444252324803 31.496388598427004, 119.59680979469563 31.485068288667783, 119.60899627481085 31.479770492584883, 119.61881495401853 31.485792347950145))"
87309e8d6ffffff,2442.931640625,"POLYGON ((119.58935644321052 31.467720690120387, 119.58698875545608 31.47904374866334, 119.57479819828474 31.4843402405496, 119.56497480095197 31.4783130147237, 119.56734420671619 31.46698857534359, 119.57953529176423 31.46169274257578, 119.58935644321052 31.467720690120387))"
87309e8d8ffffff,406.6839599609375,"POLYGON ((119.66989053408895 31.4532718039155, 119.66752929944236 31.46459207609812, 119.65535452836228 31.469893112755567, 119.64554045985636 31.46387321676579, 119.64790341151618 31.45255155966475, 119.66007871462806 31.4472511834222, 119.66989053408895 31.4532718039155))"
87309e8d9ffffff,1059.973388671875,"POLYGON ((119.69187120923651 31.453988071794722, 119.68951169139294 31.465306958167005, 119.67734100310794 31.470609290603704, 119.66752929944236 31.46459207609812, 119.66989053408895 31.4532718039155, 119.68206175555709 31.447970131999345, 119.69187120923651 31.453988071794722))"
87309e8daffffff,498.9449462890625,"POLYGON ((119.66244036602929 31.435928166136627, 119.66007871462806 31.4472511834222, 119.64790341151618 31.45255155966475, 119.6380892281981 31.44652825728925, 119.64045259644341 31.43520385458157, 119.65262843112228 31.42990413962188, 119.66244036602929 31.435928166136627))"
87309e8dbffffff,866.0907592773438,"POLYGON ((119.68442169032386 31.43664850102843, 119.68206175555709 31.447970131999345, 119.66989053408895 31.4532718039155, 119.66007871462806 31.4472511834222, 119.66244036602929 31.435928166136627, 119.6746121202161 31.43062715560964, 119.68442169032386 31.43664850102843))"
87309e8dcffffff,352.727294921875,"POLYGON ((119.65535452836228 31.469893112755567, 119.65299199340359 31.48121202341603, 119.64081367258792 31.486512421658244, 119.63099735534665 31.480493249748577, 119.63336160769677 31.469172955566624, 119.64554045985636 31.46387321676579, 119.65535452836228 31.469893112755567))"
87309e8ddffffff,979.5472412109375,"POLYGON ((119.67734100310794 31.470609290603704, 119.67498018533146 31.481926816850276, 119.66280594674794 31.487228513054944, 119.65299199340359 31.48121202341603, 119.65535452836228 31.469893112755567, 119.66752929944236 31.46459207609812, 119.67734100310794 31.470609290603704))"
87309e8deffffff,350.6036071777344,"POLYGON ((119.64790341151618 31.45255155966475, 119.64554045985636 31.46387321676579, 119.63336160769677 31.469172955566624, 119.62354517627793 31.463150376908096, 119.62590984515963 31.45182733578171, 119.6380892281981 31.44652825728925, 119.64790341151618 31.45255155966475))"
87309e8e0ffffff,509.1636962890625,"POLYGON ((119.6266262358021 31.55439711202489, 119.62426063074194 31.565706418372244, 119.61207271994301 31.571006192886244, 119.60224988395802 31.56499600620385, 119.60461720788192 31.553685321541497, 119.61680564888718 31.548386201825345, 119.6266262358021 31.55439711202489))"
87309e8e1ffffff,1023.3173217773438,"POLYGON ((119.64862881806556 31.555104914840093, 119.64626493166169 31.566412841979833, 119.63408110370113 31.571713921222848, 119.62426063074194 31.565706418372244, 119.6266262358021 31.55439711202489, 119.6388105951249 31.549096687684816, 119.64862881806556 31.555104914840093))"
87309e8e2ffffff,610.7345581054688,"POLYGON ((119.61917167071816 31.537074143389358, 119.61680564888718 31.548386201825345, 119.60461720788192 31.553685321541497, 119.5947942589275 31.54767172710916, 119.59716199945169 31.536358289852032, 119.60935097019735 31.531059825797303, 119.61917167071816 31.537074143389358))"
87309e8e3ffffff,808.1928100585938,"POLYGON ((119.64117489846947 31.53778600896327, 119.6388105951249 31.549096687684816, 119.6266262358021 31.55439711202489, 119.61680564888718 31.548386201825345, 119.61917167071816 31.537074143389358, 119.63135656093755 31.53177437481652, 119.64117489846947 31.53778600896327))"
87309e8e8ffffff,1382.985595703125,"POLYGON ((119.68516200880461 31.539197789297795, 119.68280114180604 31.550505705915324, 119.6706249510169 31.55580873325849, 119.66080909398111 31.549803187957664, 119.6631716790477 31.53849388984265, 119.67534840304113 31.533191518475597, 119.68516200880461 31.539197789297795))"
87309e8e9ffffff,2466.381591796875,"POLYGON ((119.7071458841017 31.539897710600325, 119.70478673495968 31.55120424483062, 119.69261463101039 31.556508570552783, 119.68280114180604 31.550505705915324, 119.68516200880461 31.539197789297795, 119.69733464710966 31.533894119654846, 119.7071458841017 31.539897710600325))"
87309e8eaffffff,2565.025390625,"POLYGON ((119.67770968720296 31.521880852111103, 119.67534840304113 31.533191518475597, 119.6631716790477 31.53849388984265, 119.6533557064362 31.532484937952947, 119.6557187084972 31.521172889583703, 119.66789596522977 31.515871175058653, 119.67770968720296 31.521880852111103))"
87309e8ebffffff,4574.6513671875,"POLYGON ((119.69969421358333 31.522584836185533, 119.69733464710966 31.533894119654846, 119.68516200880461 31.539197789297795, 119.67534840304113 31.533191518475597, 119.67770968720296 31.521880852111103, 119.68988285939898 31.51657783941395, 119.69969421358333 31.522584836185533))"
87309e8ecffffff,11139.6865234375,"POLYGON ((119.6706249510169 31.55580873325849, 119.66826278306033 31.567115280299156, 119.65608303966134 31.572417662188734, 119.64626493166169 31.566412841979833, 119.64862881806556 31.555104914840093, 119.66080909398111 31.549803187957664, 119.6706249510169 31.55580873325849))"
87309e8edffffff,1512.658447265625,"POLYGON ((119.69261463101039 31.556508570552783, 119.69025418129063 31.567813736604098, 119.6780785241708 31.573117419057745, 119.66826278306033 31.567115280299156, 119.6706249510169 31.55580873325849, 119.68280114180604 31.550505705915324, 119.69261463101039 31.556508570552783))"
87309e8eeffffff,728.8714599609375,"POLYGON ((119.6631716790477 31.53849388984265, 119.66080909398111 31.549803187957664, 119.64862881806556 31.555104914840093, 119.6388105951249 31.549096687684816, 119.64117489846947 31.53778600896327, 119.6533557064362 31.532484937952947, 119.6631716790477 31.53849388984265))"
87309e8f1ffffff,1053.3106689453125,"POLYGON ((119.61171740868319 31.519745016094518, 119.60935097019735 31.531059825797303, 119.59716199945169 31.536358289852032, 119.58733893787776 31.530341287627685, 119.58970709488621 31.519025098598465, 119.60189659490638 31.513727291069014, 119.61171740868319 31.519745016094518))"
87309e8f2ffffff,200.32962036132812,"POLYGON ((119.58225249441931 31.501685748567045, 119.57988392104278 31.513004688542757, 119.56769034338632 31.518301189580924, 119.55786481141705 31.512278093310872, 119.56023510334954 31.500957774400085, 119.57242920865627 31.49566193064325, 119.58225249441931 31.501685748567045))"
87309e8f3ffffff,1326.9014892578125,"POLYGON ((119.60426344993108 31.502409730924178, 119.60189659490638 31.513727291069014, 119.58970709488621 31.519025098598465, 119.57988392104278 31.513004688542757, 119.58225249441931 31.501685748567045, 119.59444252324803 31.496388598427004, 119.60426344993108 31.502409730924178))"
87309ea00ffffff,1307.669189453125,"POLYGON ((119.95556053503763 31.51345322896919, 119.95322114461207 31.52474859095286, 119.94109711869737 31.53006701944854, 119.93131193603286 31.524089426916216, 119.9336530413332 31.512792670929105, 119.94577761437759 31.50747490143067, 119.95556053503763 31.51345322896919))"
87309ea01ffffff,9350.4501953125,"POLYGON ((119.97746153206965 31.514109850847237, 119.97512385628846 31.525403817951698, 119.96300393671346 31.53072351757307, 119.95322114461207 31.52474859095286, 119.95556053503763 31.51345322896919, 119.96768100287419 31.508134188438095, 119.97746153206965 31.514109850847237))"
87309ea02ffffff,1548.906982421875,"POLYGON ((119.94811742388359 31.49617679797998, 119.94577761437759 31.50747490143067, 119.9336530413332 31.512792670929105, 119.92386773108089 31.50681167705735, 119.92620925529984 31.495512179089083, 119.93833437501262 31.49019506946315, 119.94811742388359 31.49617679797998))"
87309ea03ffffff,2407.921142578125,"POLYGON ((119.97001909789708 31.49683748038139, 119.96768100287419 31.508134188438095, 119.95556053503763 31.51345322896919, 119.94577761437759 31.50747490143067, 119.94811742388359 31.49617679797998, 119.96023843952064 31.49085841741505, 119.97001909789708 31.49683748038139))"
87309ea04ffffff,1796.8292236328125,"POLYGON ((119.94109711869737 31.53006701944854, 119.93875643242927 31.541361032639568, 119.92662884827627 31.546678845957818, 119.91684140388796 31.540701988008564, 119.91918380542191 31.529406582205386, 119.93131193603286 31.524089426916216, 119.94109711869737 31.53006701944854))"
87309ea05ffffff,1518.5875244140625,"POLYGON ((119.96300393671346 31.53072351757307, 119.96066496548183 31.54201613727563, 119.94854148715815 31.5473352238936, 119.93875643242927 31.541361032639568, 119.94109711869737 31.53006701944854, 119.95322114461207 31.52474859095286, 119.96300393671346 31.53072351757307))"
87309ea06ffffff,2049.892333984375,"POLYGON ((119.9336530413332 31.512792670929105, 119.93131193603286 31.524089426916216, 119.91918380542191 31.529406582205386, 119.90939623406972 31.523426322556755, 119.91173905447364 31.512128173443145, 119.92386773108089 31.50681167705735, 119.9336530413332 31.512792670929105))"
87309ea08ffffff,997.7401123046875,"POLYGON ((120.01380294818206 31.498147048847812, 120.01146828142983 31.509440963491944, 119.99935602892164 31.514762539848356, 119.98957789305894 31.508789541363466, 119.99191427383006 31.49749422957602, 120.00402707639833 31.492173313370504, 120.01380294818206 31.498147048847812))"
87309ea0affffff,1045.76025390625,"POLYGON ((120.00636216260011 31.480876659620165, 120.00402707639833 31.492173313370504, 119.99191427383006 31.49749422957602, 119.98213600781742 31.491517830956603, 119.98447280787778 31.48021977954768, 119.99658616004567 31.474899524370578, 120.00636216260011 31.480876659620165))"
87309ea0bffffff,4955.353515625,"POLYGON ((120.02824501434547 31.48152961272253, 120.02591164176849 31.492824867940776, 120.01380294818206 31.498147048847812, 120.00402707639833 31.492173313370504, 120.00636216260011 31.480876659620165, 120.0184714069139 31.475555139833265, 120.02824501434547 31.48152961272253))"
87309ea0effffff,4259.919921875,"POLYGON ((119.99191427383006 31.49749422957602, 119.98957789305894 31.508789541363466, 119.97746153206965 31.514109850847237, 119.96768100287419 31.508134188438095, 119.97001909789708 31.49683748038139, 119.98213600781742 31.491517830956603, 119.99191427383006 31.49749422957602))"
87309ea10ffffff,5263.58935546875,"POLYGON ((119.9187657608315 31.47822554468783, 119.9164238178076 31.4895277838194, 119.90429459566569 31.49484362042726, 119.89450677142958 31.488856557203594, 119.89685042923212 31.477552923919415, 119.90898019644709 31.472237747964357, 119.9187657608315 31.47822554468783))"
87309ea11ffffff,8749.3701171875,"POLYGON ((119.94067460348559 31.478894225362463, 119.93833437501262 31.49019506946315, 119.92620925529984 31.495512179089083, 119.9164238178076 31.4895277838194, 119.9187657608315 31.47822554468783, 119.93089142675132 31.472909095809925, 119.94067460348559 31.478894225362463))"
87309ea12ffffff,1637.78369140625,"POLYGON ((119.91132255816227 31.460932768490263, 119.90898019644709 31.472237747964357, 119.89685042923212 31.477552923919415, 119.88706247907596 31.471562458825368, 119.88940655540708 31.460256084686872, 119.90153686723349 31.454941570259752, 119.91132255816227 31.460932768490263))"
87309ea13ffffff,14524.7998046875,"POLYGON ((119.93323207407767 31.461605511879146, 119.93089142675132 31.472909095809925, 119.9187657608315 31.47822554468783, 119.90898019644709 31.472237747964357, 119.91132255816227 31.460932768490263, 119.92344876982779 31.455616981236165, 119.93323207407767 31.461605511879146))"
87309ea14ffffff,2138.97705078125,"POLYGON ((119.90429459566569 31.49484362042726, 119.9019513565055 31.506144512035494, 119.88981857798603 31.511459733228733, 119.88002849418251 31.505473403083755, 119.88237344851065 31.4941711187143, 119.89450677142958 31.488856557203594, 119.90429459566569 31.49484362042726))"
87309ea15ffffff,663.7468872070312,"POLYGON ((119.92620925529984 31.495512179089083, 119.92386773108089 31.50681167705735, 119.91173905447364 31.512128173443145, 119.9019513565055 31.506144512035494, 119.90429459566569 31.49484362042726, 119.9164238178076 31.4895277838194, 119.92620925529984 31.495512179089083))"
87309ea16ffffff,32113.556640625,"POLYGON ((119.89685042923212 31.477552923919415, 119.89450677142958 31.488856557203594, 119.88237344851065 31.4941711187143, 119.87258323941214 31.488181386336752, 119.87492861221955 31.476876359779386, 119.88706247907596 31.471562458825368, 119.89685042923212 31.477552923919415))"
87309ea18ffffff,648.625,"POLYGON ((119.97703163129897 31.4629391905212, 119.97469441206256 31.474239980733323, 119.96257695367191 31.479558969222293, 119.95279616646206 31.473576505639883, 119.95513509962835 31.46227431813016, 119.96725310602856 31.45695599145412, 119.97703163129897 31.4629391905212))"
87309ea19ffffff,890.75244140625,"POLYGON ((119.99892166558392 31.463600132331425, 119.99658616004567 31.474899524370578, 119.98447280787778 31.48021977954768, 119.97469441206256 31.474239980733323, 119.97703163129897 31.4629391905212, 119.98914553260602 31.457619597250297, 119.99892166558392 31.463600132331425))"
87309ea1affffff,561.0455932617188,"POLYGON ((119.96959074432773 31.445652463259925, 119.96725310602856 31.45695599145412, 119.95513509962835 31.46227431813016, 119.94535418393257 31.45628845387538, 119.94769353600044 31.44498352787068, 119.95981208994948 31.439665863885015, 119.96959074432773 31.445652463259925))"
87309ea1bffffff,1009.8277587890625,"POLYGON ((119.99148145736763 31.44631746774262, 119.98914553260602 31.457619597250297, 119.97703163129897 31.4629391905212, 119.96725310602856 31.45695599145412, 119.96959074432773 31.445652463259925, 119.98170519431346 31.440333532773312, 119.99148145736763 31.44631746774262))"
87309ea1cffffff,2254.076904296875,"POLYGON ((119.96257695367191 31.479558969222293, 119.96023843952064 31.49085841741505, 119.94811742388359 31.49617679797998, 119.93833437501262 31.49019506946315, 119.94067460348559 31.478894225362463, 119.95279616646206 31.473576505639883, 119.96257695367191 31.479558969222293))"
87309ea1dffffff,768.0136108398438,"POLYGON ((119.98447280787778 31.48021977954768, 119.98213600781742 31.491517830956603, 119.97001909789708 31.49683748038139, 119.96023843952064 31.49085841741505, 119.96257695367191 31.479558969222293, 119.97469441206256 31.474239980733323, 119.98447280787778 31.48021977954768))"
87309ea1effffff,2658.68212890625,"POLYGON ((119.95513509962835 31.46227431813016, 119.95279616646206 31.473576505639883, 119.94067460348559 31.478894225362463, 119.93089142675132 31.472909095809925, 119.93323207407767 31.461605511879146, 119.94535418393257 31.45628845387538, 119.95513509962835 31.46227431813016))"
87309ea30ffffff,2.3658149242401123,"POLYGON ((119.89726400041158 31.52874220255862, 119.89491988338385 31.540039000096485, 119.88278409252024 31.545354260570335, 119.87299187445264 31.5393720656184, 119.87533770720049 31.528073877224525, 119.88747404225113 31.522759274590705, 119.89726400041158 31.52874220255862))"
87309ea31ffffff,2011.69775390625,"POLYGON ((119.91918380542191 31.529406582205386, 119.91684140388796 31.540701988008564, 119.9047097155531 31.54601852594543, 119.89491988338385 31.540039000096485, 119.89726400041158 31.52874220255862, 119.90939623406972 31.523426322556755, 119.91918380542191 31.529406582205386))"
87309ea32ffffff,579.9680786132812,"POLYGON ((119.88981857798603 31.511459733228733, 119.88747404225113 31.522759274590705, 119.87533770720049 31.528073877224525, 119.86554536411539 31.522088279735584, 119.86789161540703 31.510787347004552, 119.88002849418251 31.505473403083755, 119.88981857798603 31.511459733228733))"
87309ea33ffffff,2363.99951171875,"POLYGON ((119.91173905447364 31.512128173443145, 119.90939623406972 31.523426322556755, 119.89726400041158 31.52874220255862, 119.88747404225113 31.522759274590705, 119.88981857798603 31.511459733228733, 119.9019513565055 31.506144512035494, 119.91173905447364 31.512128173443145))"
87309ea34ffffff,0.33001500368118286,"POLYGON ((119.88278409252024 31.545354260570335, 119.88043867843031 31.556649703812525, 119.86829933020842 31.561964341613983, 119.85850485252031 31.555982879252827, 119.86085198271901 31.54468604654766, 119.87299187445264 31.5393720656184, 119.88278409252024 31.545354260570335))"
87309ea36ffffff,12.71033763885498,"POLYGON ((119.87533770720049 31.528073877224525, 119.87299187445264 31.5393720656184, 119.86085198271901 31.54468604654766, 119.85105738063969 31.538701181290715, 119.85340492933248 31.527401602920627, 119.86554536411539 31.522088279735584, 119.87533770720049 31.528073877224525))"
87309ea80ffffff,923.947998046875,"POLYGON ((119.90346487102808 31.392389264733513, 119.901122549424 31.403703799726923, 119.88899470328941 31.409017596852053, 119.8792086348139 31.403016193807517, 119.88155267015657 31.39170026122948, 119.89368106019148 31.386387129234137, 119.90346487102808 31.392389264733513))"
87309ea81ffffff,680.3170776367188,"POLYGON ((119.92537058995102 31.393074329829115, 119.92302998185913 31.404387466357583, 119.91090623413525 31.40970253394331, 119.901122549424 31.403703799726923, 119.90346487102808 31.392389264733513, 119.91558916378617 31.387074862375204, 119.92537058995102 31.393074329829115))"
87309ea82ffffff,1892.3052978515625,"POLYGON ((119.89602380008084 31.375069858554095, 119.89368106019148 31.386387129234137, 119.88155267015657 31.39170026122948, 119.87176647652748 31.385695456491458, 119.8741109299925 31.374376787718635, 119.88623986346641 31.36906432173022, 119.89602380008084 31.375069858554095))"
87309ea83ffffff,1866.1463623046875,"POLYGON ((119.91793019032575 31.37575899066897, 119.91558916378617 31.387074862375204, 119.90346487102808 31.392389264733513, 119.89368106019148 31.386387129234137, 119.89602380008084 31.375069858554095, 119.90814863741211 31.36975612230109, 119.91793019032575 31.37575899066897))"
87309ea84ffffff,3854.41845703125,"POLYGON ((119.88899470328941 31.409017596852053, 119.88665108618294 31.420330792399856, 119.87451968651854 31.425643981144628, 119.86473136068963 31.419643310139797, 119.86707669192295 31.408328718397303, 119.8792086348139 31.403016193807517, 119.88899470328941 31.409017596852053))"
87309ea85ffffff,972.2416381835938,"POLYGON ((119.91090623413525 31.40970253394331, 119.90856433093015 31.421014332415563, 119.89643702915724 31.42632879379355, 119.88665108618294 31.420330792399856, 119.88899470328941 31.409017596852053, 119.901122549424 31.403703799726923, 119.91090623413525 31.40970253394331))"
87309ea86ffffff,4075.069091796875,"POLYGON ((119.88155267015657 31.39170026122948, 119.8792086348139 31.403016193807517, 119.86707669192295 31.408328718397303, 119.85728824156548 31.402324645331145, 119.85963399087163 31.391007316050047, 119.87176647652748 31.385695456491458, 119.88155267015657 31.39170026122948))"
87309ea88ffffff,1058.6771240234375,"POLYGON ((119.96172351718266 31.377125451801636, 119.95938591665899 31.388438522922012, 119.94726982339992 31.39375545978456, 119.93749078378197 31.387758659181735, 119.93983009719913 31.376444187329117, 119.95194673729505 31.37112791676591, 119.96172351718266 31.377125451801636))"
87309ea89ffffff,1206.55908203125,"POLYGON ((119.98361044676757 31.377802787354923, 119.981274558907 31.389114456865588, 119.96916256785889 31.394432657869377, 119.95938591665899 31.388438522922012, 119.96172351718266 31.377125451801636, 119.97383605619706 31.371807917192918, 119.98361044676757 31.377802787354923))"
87309ea8affffff,1621.404296875,"POLYGON ((119.95428475647618 31.359812112322317, 119.95194673729505 31.37112791676591, 119.93983009719913 31.376444187329117, 119.93005092986245 31.370443986224352, 119.9323906617757 31.359126780539217, 119.94450784824798 31.35381117715481, 119.95428475647618 31.359812112322317))"
87309ea8bffffff,543.3775634765625,"POLYGON ((119.97617236287597 31.360493514868985, 119.97383605619706 31.371807917192918, 119.96172351718266 31.377125451801636, 119.95194673729505 31.37112791676591, 119.95428475647618 31.359812112322317, 119.96639784299676 31.35449524498878, 119.97617236287597 31.360493514868985))"
87309ea8cffffff,3078.909423828125,"POLYGON ((119.94726982339992 31.39375545978456, 119.94493092859223 31.405067196968897, 119.93281128092782 31.41038353294052, 119.92302998185913 31.404387466357583, 119.92537058995102 31.393074329829115, 119.93749078378197 31.387758659181735, 119.94726982339992 31.39375545978456))"
87309ea8dffffff,533.7425537109375,"POLYGON ((119.96916256785889 31.394432657869377, 119.96682538610597 31.405742994831602, 119.95470984014419 31.411060597114332, 119.94493092859223 31.405067196968897, 119.94726982339992 31.39375545978456, 119.95938591665899 31.388438522922012, 119.96916256785889 31.394432657869377))"
87309ea8effffff,625.0973510742188,"POLYGON ((119.93983009719913 31.376444187329117, 119.93749078378197 31.387758659181735, 119.92537058995102 31.393074329829115, 119.91558916378617 31.387074862375204, 119.91793019032575 31.37575899066897, 119.93005092986245 31.370443986224352, 119.93983009719913 31.376444187329117))"
87309ea90ffffff,5660.26318359375,"POLYGON ((119.866669483031 31.35704717711785, 119.86432461155748 31.368368581247143, 119.85219158359837 31.373679774898015, 119.8424028852271 31.367668897588565, 119.84474947033692 31.356346095741994, 119.85688304013765 31.3510355688756, 119.866669483031 31.35704717711785))"
87309ea91ffffff,4020.9853515625,"POLYGON ((119.88858302152737 31.357744316201032, 119.88623986346641 31.36906432173022, 119.8741109299925 31.374376787718635, 119.86432461155748 31.368368581247143, 119.866669483031 31.35704717711785, 119.87879895948254 31.351735378013828, 119.88858302152737 31.357744316201032))"
87309ea92ffffff,4075.53955078125,"POLYGON ((119.85922832950574 31.339711430231088, 119.85688304013765 31.3510355688756, 119.84474947033692 31.356346095741994, 119.83496064848036 31.350331816255856, 119.83730765132093 31.33900627938827, 119.84944176250168 31.333696420183415, 119.85922832950574 31.339711430231088))"
87309ea93ffffff,376.078125,"POLYGON ((119.88114253560134 31.340412638475893, 119.87879895948254 31.351735378013828, 119.866669483031 31.35704717711785, 119.85688304013765 31.3510355688756, 119.85922832950574 31.339711430231088, 119.8713583484736 31.334400298889175, 119.88114253560134 31.340412638475893))"
87309ea94ffffff,25194.712890625,"POLYGON ((119.85219158359837 31.373679774898015, 119.84984541633338 31.384999840881456, 119.83770883671811 31.390310425929524, 119.8279178831581 31.38430027913967, 119.83026576444584 31.372978816829026, 119.8424028852271 31.367668897588565, 119.85219158359837 31.373679774898015))"
87309ea95ffffff,11930.58203125,"POLYGON ((119.8741109299925 31.374376787718635, 119.87176647652748 31.385695456491458, 119.85963399087163 31.391007316050047, 119.84984541633338 31.384999840881456, 119.85219158359837 31.373679774898015, 119.86432461155748 31.368368581247143, 119.8741109299925 31.374376787718635))"
87309ea96ffffff,23365.716796875,"POLYGON ((119.84474947033692 31.356346095741994, 119.8424028852271 31.367668897588565, 119.83026576444584 31.372978816829026, 119.82047468802669 31.366965267492425, 119.82282298699504 31.355641068812634, 119.83496064848036 31.350331816255856, 119.84474947033692 31.356346095741994))"
87309ea98ffffff,7701.3994140625,"POLYGON ((119.92495151736343 31.341803240211643, 119.92261136706753 31.35312317889061, 119.91049008228579 31.35843751625369, 119.90070840297074 31.35243124693144, 119.90305026606495 31.34110990738242, 119.91517209563092 31.335796237979956, 119.92495151736343 31.341803240211643))"
87309ea99ffffff,1245.6513671875,"POLYGON ((119.94684628597335 31.34249264022584, 119.94450784824798 31.35381117715481, 119.9323906617757 31.359126780539217, 119.92261136706753 31.35312317889061, 119.92495151736343 31.341803240211643, 119.93706924975156 31.336488304885762, 119.94684628597335 31.34249264022584))"
87309ea9affffff,1165.158203125,"POLYGON ((119.91751266419602 31.324473567148775, 119.91517209563092 31.335796237979956, 119.90305026606495 31.34110990738242, 119.89326846069575 31.335100237068104, 119.89561074189689 31.32377616485996, 119.90773311578633 31.318463164297437, 119.91751266419602 31.324473567148775))"
87309ea9bffffff,1464.1185302734375,"POLYGON ((119.93940810590789 31.32516703631216, 119.93706924975156 31.336488304885762, 119.92495151736343 31.341803240211643, 119.91517209563092 31.335796237979956, 119.91751266419602 31.324473567148775, 119.9296309420396 31.31915930076145, 119.93940810590789 31.32516703631216))"
87309ea9cffffff,6995.01318359375,"POLYGON ((119.91049008228579 31.35843751625369, 119.90814863741211 31.36975612230109, 119.89602380008084 31.375069858554095, 119.88623986346641 31.36906432173022, 119.88858302152737 31.357744316201032, 119.90070840297074 31.35243124693144, 119.91049008228579 31.35843751625369))"
87309ea9dffffff,2660.71630859375,"POLYGON ((119.9323906617757 31.359126780539217, 119.93005092986245 31.370443986224352, 119.91793019032575 31.37575899066897, 119.90814863741211 31.36975612230109, 119.91049008228579 31.35843751625369, 119.92261136706753 31.35312317889061, 119.9323906617757 31.359126780539217))"
87309ea9effffff,229.28045654296875,"POLYGON ((119.90305026606495 31.34110990738242, 119.90070840297074 31.35243124693144, 119.88858302152737 31.357744316201032, 119.87879895948254 31.351735378013828, 119.88114253560134 31.340412638475893, 119.89326846069575 31.335100237068104, 119.90305026606495 31.34110990738242))"
87309eaa0ffffff,4939.1435546875,"POLYGON ((119.88196297442455 31.442953103502475, 119.8796184796788 31.45426221767075, 119.86748406934677 31.45957545719359, 119.85769361070244 31.45357892019503, 119.86003982012633 31.442268411732144, 119.87217477347204 31.436955834515214, 119.88196297442455 31.442953103502475))"
87309eaa1ffffff,575.417724609375,"POLYGON ((119.90387964752617 31.443633851266835, 119.90153686723349 31.454941570259752, 119.88940655540708 31.460256084686872, 119.8796184796788 31.45426221767075, 119.88196297442455 31.442953103502475, 119.89409383040076 31.437639251478693, 119.90387964752617 31.443633851266835))"
87309eaa2ffffff,14614.298828125,"POLYGON ((119.87451968651854 31.425643981144628, 119.87217477347204 31.436955834515214, 119.86003982012633 31.442268411732144, 119.85024923723113 31.436268472350445, 119.85259586479214 31.424955224175818, 119.86473136068963 31.419643310139797, 119.87451968651854 31.425643981144628))"
87309eaa3ffffff,797.8541870117188,"POLYGON ((119.89643702915724 31.42632879379355, 119.89409383040076 31.437639251478693, 119.88196297442455 31.442953103502475, 119.87217477347204 31.436955834515214, 119.87451968651854 31.425643981144628, 119.88665108618294 31.420330792399856, 119.89643702915724 31.42632879379355))"
87309eaa4ffffff,992.8734130859375,"POLYGON ((119.86748406934677 31.45957545719359, 119.8651382781741 31.470883225116417, 119.85300031333556 31.476195848991257, 119.84320759728735 31.470200043562205, 119.84555510352567 31.458890882736345, 119.85769361070244 31.45357892019503, 119.86748406934677 31.45957545719359))"
87309eaa5ffffff,3925.12548828125,"POLYGON ((119.88940655540708 31.460256084686872, 119.88706247907596 31.471562458825368, 119.87492861221955 31.476876359779386, 119.8651382781741 31.470883225116417, 119.86748406934677 31.45957545719359, 119.8796184796788 31.45426221767075, 119.88940655540708 31.460256084686872))"
87309eaa6ffffff,1540.4781494140625,"POLYGON ((119.86003982012633 31.442268411732144, 119.85769361070244 31.45357892019503, 119.84555510352567 31.458890882736345, 119.83576226385283 31.452891674559723, 119.83811018817836 31.44157977268417, 119.85024923723113 31.436268472350445, 119.86003982012633 31.442268411732144))"
87309eaa8ffffff,2205.854248046875,"POLYGON ((119.94025226302227 31.427686599215193, 119.93791249216626 31.438994262889953, 119.92578983589398 31.444310658298154, 119.91600640447605 31.4383187265126, 119.91834788916852 31.42700966539312, 119.93047109139711 31.421693933457515, 119.94025226302227 31.427686599215193))"
87309eaa9ffffff,1833.326416015625,"POLYGON ((119.96215014719813 31.4283595985328, 119.95981208994948 31.439665863885015, 119.94769353600044 31.44498352787068, 119.93791249216626 31.438994262889953, 119.94025226302227 31.427686599215193, 119.95237136405937 31.422369598797555, 119.96215014719813 31.4283595985328))"
87309eaaaffffff,3088.904296875,"POLYGON ((119.93281128092782 31.41038353294052, 119.93047109139711 31.421693933457515, 119.91834788916852 31.42700966539312, 119.90856433093015 31.421014332415563, 119.91090623413525 31.40970253394331, 119.92302998185913 31.404387466357583, 119.93281128092782 31.41038353294052))"
87309eaabffffff,5137.30517578125,"POLYGON ((119.95470984014419 31.411060597114332, 119.95237136405937 31.422369598797555, 119.94025226302227 31.427686599215193, 119.93047109139711 31.421693933457515, 119.93281128092782 31.41038353294052, 119.94493092859223 31.405067196968897, 119.95470984014419 31.411060597114332))"
87309eaacffffff,873.598388671875,"POLYGON ((119.92578983589398 31.444310658298154, 119.92344876982779 31.455616981236165, 119.91132255816227 31.460932768490263, 119.90153686723349 31.454941570259752, 119.90387964752617 31.443633851266835, 119.91600640447605 31.4383187265126, 119.92578983589398 31.444310658298154))"
87309eaadffffff,1617.040771484375,"POLYGON ((119.94769353600044 31.44498352787068, 119.94535418393257 31.45628845387538, 119.93323207407767 31.461605511879146, 119.92344876982779 31.455616981236165, 119.92578983589398 31.444310658298154, 119.93791249216626 31.438994262889953, 119.94769353600044 31.44498352787068))"
87309eaaeffffff,1308.251708984375,"POLYGON ((119.91834788916852 31.42700966539312, 119.91600640447605 31.4383187265126, 119.90387964752617 31.443633851266835, 119.89409383040076 31.437639251478693, 119.89643702915724 31.42632879379355, 119.90856433093015 31.421014332415563, 119.91834788916852 31.42700966539312))"
87309eab0ffffff,4449.11474609375,"POLYGON ((119.84515220357814 31.40763589531095, 119.84280515799408 31.41895188236608, 119.8306655675275 31.42426251961788, 119.82087248164973 31.418256505810714, 119.82322124180695 31.406939124326204, 119.83536137322511 31.401629151030964, 119.84515220357814 31.40763589531095))"
87309eab1ffffff,4681.75634765625,"POLYGON ((119.86707669192295 31.408328718397303, 119.86473136068963 31.419643310139797, 119.85259586479214 31.424955224175818, 119.84280515799408 31.41895188236608, 119.84515220357814 31.40763589531095, 119.85728824156548 31.402324645331145, 119.86707669192295 31.408328718397303))"
87309eab2ffffff,15292.87890625,"POLYGON ((119.83770883671811 31.390310425929524, 119.83536137322511 31.401629151030964, 119.82322124180695 31.406939124326204, 119.81342803334887 31.400929707641385, 119.81577721125055 31.389609587603495, 119.8279178831581 31.38430027913967, 119.83770883671811 31.390310425929524))"
87309eab3ffffff,9841.4453125,"POLYGON ((119.85963399087163 31.391007316050047, 119.85728824156548 31.402324645331145, 119.84515220357814 31.40763589531095, 119.83536137322511 31.401629151030964, 119.83770883671811 31.390310425929524, 119.84984541633338 31.384999840881456, 119.85963399087163 31.391007316050047))"
87309eab4ffffff,5185.6162109375,"POLYGON ((119.8306655675275 31.42426251961788, 119.82831722522899 31.435577161713955, 119.81617408213722 31.440887183088172, 119.80637874102626 31.434881899336624, 119.80872879828367 31.42356586420286, 119.82087248164973 31.418256505810714, 119.8306655675275 31.42426251961788))"
87309eab5ffffff,3020.45654296875,"POLYGON ((119.85259586479214 31.424955224175818, 119.85024923723113 31.436268472350445, 119.83811018817836 31.44157977268417, 119.82831722522899 31.435577161713955, 119.8306655675275 31.42426251961788, 119.84280515799408 31.41895188236608, 119.85259586479214 31.424955224175818))"
87309eab6ffffff,5201.5634765625,"POLYGON ((119.82322124180695 31.406939124326204, 119.82087248164973 31.418256505810714, 119.80872879828367 31.42356586420286, 119.79893333521979 31.41755717720696, 119.80128381017106 31.40623840217753, 119.81342803334887 31.400929707641385, 119.82322124180695 31.406939124326204))"
87309eac4ffffff,173.51927185058594,"POLYGON ((120.04223913112723 31.413729571033343, 120.03990750651033 31.425032968620126, 120.02780482659932 31.43035502220882, 120.01803322011826 31.424373013343853, 120.02036655725176 31.413068213421134, 120.03246978830259 31.407746824654204, 120.04223913112723 31.413729571033343))"
87309eac6ffffff,0.0,"POLYGON ((120.03480183228332 31.39644069361426, 120.03246978830259 31.407746824654204, 120.02036655725176 31.413068213421134, 120.01059481945437 31.407082805400407, 120.01292857579229 31.395775271511553, 120.02503235752339 31.390454548447302, 120.03480183228332 31.39644069361426))"
87309ead0ffffff,0.0,"POLYGON ((120.01992809677675 31.361844545323144, 120.01759521440665 31.37315614077822, 120.0054908824549 31.378476197258625, 119.99571888306542 31.372483990773784, 119.99805347747348 31.361170991446436, 120.01015835918633 31.35585160243132, 120.01992809677675 31.361844545323144))"
87309ead2ffffff,0.0,"POLYGON ((120.01249166058194 31.34453727602011, 120.01015835918633 31.35585160243132, 119.99805347747348 31.361170991446436, 119.98828134780823 31.355175385658526, 119.99061636108192 31.34385965486462, 120.00272179209624 31.33854093419654, 120.01249166058194 31.34453727602011))"
87309ead3ffffff,0.0,"POLYGON ((120.03436046339611 31.345210977422347, 120.03202887364473 31.35652389857567, 120.01992809677675 31.361844545323144, 120.01015835918633 31.35585160243132, 120.01249166058194 31.34453727602011, 120.0245929878768 31.33921729771407, 120.03436046339611 31.345210977422347))"
87309ead4ffffff,23.19536781311035,"POLYGON ((120.0054908824549 31.378476197258625, 120.00315670702543 31.389786464283326, 119.99104881982186 31.39510592735435, 119.981274558907 31.389114456865588, 119.98361044676757 31.377802787354923, 119.99571888306542 31.372483990773784, 120.0054908824549 31.378476197258625))"
87309ead5ffffff,0.0,"POLYGON ((120.02736482075518 31.379145684783623, 120.02503235752339 31.390454548447302, 120.01292857579229 31.395775271511553, 120.00315670702543 31.389786464283326, 120.0054908824549 31.378476197258625, 120.01759521440665 31.37315614077822, 120.02736482075518 31.379145684783623))"
87309ead6ffffff,0.0,"POLYGON ((119.99805347747348 31.361170991446436, 119.99571888306542 31.372483990773784, 119.98361044676757 31.377802787354923, 119.97383605619706 31.371807917192918, 119.97617236287597 31.360493514868985, 119.98828134780823 31.355175385658526, 119.99805347747348 31.361170991446436))"
87309eadaffffff,0.0,"POLYGON ((120.07064446760626 31.329245438370148, 120.06831588104636 31.340558274972274, 120.05622276604923 31.345880762339903, 120.04645768535005 31.339889743549783, 120.04878798292361 31.32857549943146, 120.0608816501351 31.323253681575462, 120.07064446760626 31.329245438370148))"
87309eae0ffffff,3.905350923538208,"POLYGON ((120.03524338360099 31.44763569710169, 120.03291088521487 31.45893502661301, 120.02080519898722 31.464257146841245, 120.01103146016489 31.458279274543116, 120.01336567162167 31.446978544596792, 120.02547190878309 31.44165708733807, 120.03524338360099 31.44763569710169))"
87309eae2ffffff,1301.71142578125,"POLYGON ((120.02780482659932 31.43035502220882, 120.02547190878309 31.44165708733807, 120.01336567162167 31.446978544596792, 120.00359180175566 31.44099727283166, 120.00592643248288 31.429693806753395, 120.01803322011826 31.424373013343853, 120.02780482659932 31.43035502220882))"
87309eae4ffffff,2524.10888671875,"POLYGON ((120.02080519898722 31.464257146841245, 120.0184714069139 31.475555139833265, 120.00636216260011 31.480876659620165, 119.99658616004567 31.474899524370578, 119.99892166558392 31.463600132331425, 120.01103146016489 31.458279274543116, 120.02080519898722 31.464257146841245))"
87309eae5ffffff,178.01171875,"POLYGON ((120.04268222802266 31.4649102373323, 120.04035014917942 31.47620683040417, 120.02824501434547 31.48152961272253, 120.0184714069139 31.475555139833265, 120.02080519898722 31.464257146841245, 120.03291088521487 31.45893502661301, 120.04268222802266 31.4649102373323))"
87309eae6ffffff,6060.69287109375,"POLYGON ((120.01336567162167 31.446978544596792, 120.01103146016489 31.458279274543116, 119.99892166558392 31.463600132331425, 119.98914553260602 31.457619597250297, 119.99148145736763 31.44631746774262, 120.00359180175566 31.44099727283166, 120.01336567162167 31.446978544596792))"
87309eaf0ffffff,3313.498779296875,"POLYGON ((119.99848748180494 31.412402934080806, 119.99615243192024 31.42370913546571, 119.98404153818537 31.42902866662034, 119.9742651454021 31.42304133170882, 119.97660190827112 31.41173372973669, 119.98871335089268 31.406414863217705, 119.99848748180494 31.412402934080806))"
87309eaf1ffffff,1602.47900390625,"POLYGON ((120.02036655725176 31.413068213421134, 120.01803322011826 31.424373013343853, 120.00592643248288 31.429693806753395, 119.99615243192024 31.42370913546571, 119.99848748180494 31.412402934080806, 120.01059481945437 31.407082805400407, 120.02036655725176 31.413068213421134))"
87309eaf2ffffff,3355.573974609375,"POLYGON ((119.99104881982186 31.39510592735435, 119.98871335089268 31.406414863217705, 119.97660190827112 31.41173372973669, 119.96682538610597 31.405742994831602, 119.96916256785889 31.394432657869377, 119.981274558907 31.389114456865588, 119.99104881982186 31.39510592735435))"
87309eaf3ffffff,780.5078735351562,"POLYGON ((120.01292857579229 31.395775271511553, 120.01059481945437 31.407082805400407, 119.99848748180494 31.412402934080806, 119.98871335089268 31.406414863217705, 119.99104881982186 31.39510592735435, 120.00315670702543 31.389786464283326, 120.01292857579229 31.395775271511553))"
87309eaf4ffffff,1362.6453857421875,"POLYGON ((119.98404153818537 31.42902866662034, 119.98170519431346 31.440333532773312, 119.96959074432773 31.445652463259925, 119.95981208994948 31.439665863885015, 119.96215014719813 31.4283595985328, 119.9742651454021 31.42304133170882, 119.98404153818537 31.42902866662034))"
87309eaf5ffffff,13722.5,"POLYGON ((120.00592643248288 31.429693806753395, 120.00359180175566 31.44099727283166, 119.99148145736763 31.44631746774262, 119.98170519431346 31.440333532773312, 119.98404153818537 31.42902866662034, 119.99615243192024 31.42370913546571, 120.00592643248288 31.429693806753395))"
87309eaf6ffffff,4167.85205078125,"POLYGON ((119.97660190827112 31.41173372973669, 119.9742651454021 31.42304133170882, 119.96215014719813 31.4283595985328, 119.95237136405937 31.422369598797555, 119.95470984014419 31.411060597114332, 119.96682538610597 31.405742994831602, 119.97660190827112 31.41173372973669))"
87309eb80ffffff,1.3396350145339966,"POLYGON ((119.802071846634 31.508746479479402, 119.79972044733266 31.520051581029946, 119.78756772337093 31.525361053385076, 119.7777658595044 31.519364765819233, 119.78011897525035 31.508058276428642, 119.79227223837528 31.5027494623952, 119.802071846634 31.508746479479402))"
87309eb81ffffff,1.2927299737930298,"POLYGON ((119.82401824617008 31.509430723408, 119.82166856309368 31.52073443623448, 119.80951993384961 31.526045194280133, 119.79972044733266 31.520051581029946, 119.802071846634 31.508746479479402, 119.814221016184 31.50343637985459, 119.82401824617008 31.509430723408))"
87309eb82ffffff,9.996399879455566,"POLYGON ((119.7946240556123 31.491441615792407, 119.79227223837528 31.5027494623952, 119.78011897525035 31.508058276428642, 119.77031699061976 31.502058584618382, 119.77267052413556 31.490749349665993, 119.78482432596036 31.48544119482479, 119.7946240556123 31.491441615792407))"
87309eb83ffffff,26.628082275390625,"POLYGON ((119.81657111736135 31.492129922486065, 119.814221016184 31.50343637985459, 119.802071846634 31.508746479479402, 119.79227223837528 31.5027494623952, 119.7946240556123 31.491441615792407, 119.80677376500519 31.486132175459655, 119.81657111736135 31.492129922486065))"
87309eb84ffffff,0.0,"POLYGON ((119.78756772337093 31.525361053385076, 119.78521502550961 31.536664796392998, 119.77305874699552 31.54197363832922, 119.76325462781747 31.53597807985637, 119.76560904250773 31.524672950403374, 119.7777658595044 31.519364765819233, 119.78756772337093 31.525361053385076))"
87309eb85ffffff,0.0,"POLYGON ((119.80951993384961 31.526045194280133, 119.80716895259852 31.5373475499584, 119.79501676826338 31.54265767976497, 119.78521502550961 31.536664796392998, 119.78756772337093 31.525361053385076, 119.79972044733266 31.520051581029946, 119.80951993384961 31.526045194280133))"
87309eb86ffffff,0.0028840000741183758,"POLYGON ((119.78011897525035 31.508058276428642, 119.7777658595044 31.519364765819233, 119.76560904250773 31.524672950403374, 119.75580480319553 31.51867398732628, 119.75815963560419 31.507366110980854, 119.77031699061976 31.502058584618382, 119.78011897525035 31.508058276428642))"
87309eb88ffffff,5550.47412109375,"POLYGON ((119.86044581737401 31.493494670671332, 119.85809914765267 31.504798346922, 119.845958170283 31.51011101149056, 119.83616332046645 31.504119340271455, 119.83851170580472 31.4928142730207, 119.85065322529863 31.48750226794119, 119.86044581737401 31.493494670671332))"
87309eb89ffffff,4878.59912109375,"POLYGON ((119.88237344851065 31.4941711187143, 119.88002849418251 31.505473403083755, 119.86789161540703 31.510787347004552, 119.85809914765267 31.504798346922, 119.86044581737401 31.493494670671332, 119.87258323941214 31.488181386336752, 119.88237344851065 31.4941711187143))"
87309eb8affffff,1307.7642822265625,"POLYGON ((119.85300031333556 31.476195848991257, 119.85065322529863 31.48750226794119, 119.83851170580472 31.4928142730207, 119.82871673264208 31.486819198740527, 119.83106553613166 31.475511388279838, 119.84320759728735 31.470200043562205, 119.85300031333556 31.476195848991257))"
87309eb8bffffff,3309.46142578125,"POLYGON ((119.87492861221955 31.476876359779386, 119.87258323941214 31.488181386336752, 119.86044581737401 31.493494670671332, 119.85065322529863 31.48750226794119, 119.85300031333556 31.476195848991257, 119.8651382781741 31.470883225116417, 119.87492861221955 31.476876359779386))"
87309eb8cffffff,418.28436279296875,"POLYGON ((119.845958170283 31.51011101149056, 119.84361020321035 31.52141333471014, 119.83146567036113 31.5267253763658, 119.82166856309368 31.52073443623448, 119.82401824617008 31.509430723408, 119.83616332046645 31.504119340271455, 119.845958170283 31.51011101149056))"
87309eb8dffffff,653.0680541992188,"POLYGON ((119.86789161540703 31.510787347004552, 119.86554536411539 31.522088279735584, 119.85340492933248 31.527401602920627, 119.84361020321035 31.52141333471014, 119.845958170283 31.51011101149056, 119.85809914765267 31.504798346922, 119.86789161540703 31.510787347004552))"
87309eb8effffff,1438.668701171875,"POLYGON ((119.83851170580472 31.4928142730207, 119.83616332046645 31.504119340271455, 119.82401824617008 31.509430723408, 119.814221016184 31.50343637985459, 119.81657111736135 31.492129922486065, 119.82871673264208 31.486819198740527, 119.83851170580472 31.4928142730207))"
87309eb90ffffff,91.47470092773438,"POLYGON ((119.76522237026066 31.473434273873046, 119.76286841908976 31.48474625356344, 119.75071052651893 31.490053120834407, 119.74090604798513 31.484047348404474, 119.74326171548586 31.472733980742312, 119.75542014514829 31.46742777343302, 119.76522237026066 31.473434273873046))"
87309eb91ffffff,24.431848526000977,"POLYGON ((119.78717656101848 31.474130603992673, 119.78482432596036 31.48544119482479, 119.77267052413556 31.490749349665993, 119.76286841908976 31.48474625356344, 119.76522237026066 31.473434273873046, 119.77737671032195 31.4681267790949, 119.78717656101848 31.474130603992673))"
87309eb92ffffff,6783.0732421875,"POLYGON ((119.75777451385953 31.45611304983133, 119.75542014514829 31.46742777343302, 119.74326171548586 31.472733980742312, 119.73345711786455 31.46672480356911, 119.7358132027389 31.455408691488472, 119.74797216902928 31.450103145011248, 119.75777451385953 31.45611304983133))"
87309eb93ffffff,2828.35546875,"POLYGON ((119.7797293630865 31.45681344485937, 119.77737671032195 31.4681267790949, 119.76522237026066 31.473434273873046, 119.75542014514829 31.46742777343302, 119.75777451385953 31.45611304983133, 119.7699293916939 31.45080621598733, 119.7797293630865 31.45681344485937))"
87309eb94ffffff,1660.056640625,"POLYGON ((119.75071052651893 31.490053120834407, 119.74835527650679 31.50136374325052, 119.73619383129055 31.506669979862547, 119.7263870996353 31.50066493501938, 119.72874406635981 31.489352926026577, 119.74090604798513 31.484047348404474, 119.75071052651893 31.490053120834407))"
87309eb95ffffff,6.834702968597412,"POLYGON ((119.77267052413556 31.490749349665993, 119.77031699061976 31.502058584618382, 119.75815963560419 31.507366110980854, 119.74835527650679 31.50136374325052, 119.75071052651893 31.490053120834407, 119.76286841908976 31.48474625356344, 119.77267052413556 31.490749349665993))"
87309eb96ffffff,6576.783203125,"POLYGON ((119.74326171548586 31.472733980742312, 119.74090604798513 31.484047348404474, 119.72874406635981 31.489352926026577, 119.71893721624808 31.483344476078038, 119.72129460029403 31.472029721331808, 119.73345711786455 31.46672480356911, 119.74326171548586 31.472733980742312))"
87309eb98ffffff,10208.7041015625,"POLYGON ((119.82361966149783 31.458202358042335, 119.82127043997129 31.46951291088879, 119.809124284169 31.474822974371175, 119.79932680979117 31.468821823823472, 119.80167774682698 31.457509879840078, 119.81382444268803 31.45220047749329, 119.82361966149783 31.458202358042335))"
87309eb99ffffff,1207.81640625,"POLYGON ((119.84555510352567 31.458890882736345, 119.84320759728735 31.470200043562205, 119.83106553613166 31.475511388279838, 119.82127043997129 31.46951291088879, 119.82361966149783 31.458202358042335, 119.83576226385283 31.452891674559723, 119.84555510352567 31.458890882736345))"
87309eb9affffff,15556.7685546875,"POLYGON ((119.81617408213722 31.440887183088172, 119.81382444268803 31.45220047749329, 119.80167774682698 31.457509879840078, 119.79188015077591 31.451505325725478, 119.79423150556921 31.440190639675077, 119.80637874102626 31.434881899336624, 119.81617408213722 31.440887183088172))"
87309eb9bffffff,6450.31201171875,"POLYGON ((119.83811018817836 31.44157977268417, 119.83576226385283 31.452891674559723, 119.82361966149783 31.458202358042335, 119.81382444268803 31.45220047749329, 119.81617408213722 31.440887183088172, 119.82831722522899 31.435577161713955, 119.83811018817836 31.44157977268417))"
87309eb9cffffff,151.18862915039062,"POLYGON ((119.809124284169 31.474822974371175, 119.80677376500519 31.486132175459655, 119.7946240556123 31.491441615792407, 119.78482432596036 31.48544119482479, 119.78717656101848 31.474130603992673, 119.79932680979117 31.468821823823472, 119.809124284169 31.474822974371175))"
87309eb9dffffff,1699.6578369140625,"POLYGON ((119.83106553613166 31.475511388279838, 119.82871673264208 31.486819198740527, 119.81657111736135 31.492129922486065, 119.80677376500519 31.486132175459655, 119.809124284169 31.474822974371175, 119.82127043997129 31.46951291088879, 119.83106553613166 31.475511388279838))"
87309eb9effffff,2770.348388671875,"POLYGON ((119.80167774682698 31.457509879840078, 119.79932680979117 31.468821823823472, 119.78717656101848 31.474130603992673, 119.77737671032195 31.4681267790949, 119.7797293630865 31.45681344485937, 119.79188015077591 31.451505325725478, 119.80167774682698 31.457509879840078))"
87309eba2ffffff,22.795246124267578,"POLYGON ((119.77305874699552 31.54197363832922, 119.77070475013852 31.553276020071024, 119.75854491693327 31.55858422843885, 119.7487385427416 31.552589398632257, 119.7510942568113 31.541285631841006, 119.76325462781747 31.53597807985637, 119.77305874699552 31.54197363832922))"
87309eba3ffffff,0.0,"POLYGON ((119.79501676826338 31.54265767976497, 119.79266448840137 31.553958675572254, 119.78050874883348 31.55926817399126, 119.77070475013852 31.553276020071024, 119.77305874699552 31.54197363832922, 119.78521502550961 31.536664796392998, 119.79501676826338 31.54265767976497))"
87309ebaaffffff,11.138585090637207,"POLYGON ((119.83146567036113 31.5267253763658, 119.82911640550006 31.538026343831056, 119.81696831702502 31.543337759426613, 119.80716895259852 31.5373475499584, 119.80951993384961 31.526045194280133, 119.82166856309368 31.52073443623448, 119.83146567036113 31.5267253763658))"
87309ebb0ffffff,5612.8896484375,"POLYGON ((119.74364389485238 31.52398088205906, 119.74128776311606 31.53528739707145, 119.72912330131028 31.54059365702327, 119.71931443500898 31.534592744762417, 119.72167228400697 31.523284845077534, 119.73383728200263 31.51797924227642, 119.74364389485238 31.52398088205906))"
87309ebb1ffffff,5.051639080047607,"POLYGON ((119.76560904250773 31.524672950403374, 119.76325462781747 31.53597807985637, 119.7510942568113 31.541285631841006, 119.74128776311606 31.53528739707145, 119.74364389485238 31.52398088205906, 119.75580480319553 31.51867398732628, 119.76560904250773 31.524672950403374))"
87309ebb2ffffff,8597.009765625,"POLYGON ((119.73619383129055 31.506669979862547, 119.73383728200263 31.51797924227642, 119.72167228400697 31.523284845077534, 119.71186329953181 31.51728052739634, 119.71422156591402 31.50596987980154, 119.7263870996353 31.50066493501938, 119.73619383129055 31.506669979862547))"
87309ebb3ffffff,21.59749984741211,"POLYGON ((119.75815963560419 31.507366110980854, 119.75580480319553 31.51867398732628, 119.74364389485238 31.52398088205906, 119.73383728200263 31.51797924227642, 119.73619383129055 31.506669979862547, 119.74835527650679 31.50136374325052, 119.75815963560419 31.507366110980854))"
87309ebb4ffffff,5236.93212890625,"POLYGON ((119.72912330131028 31.54059365702327, 119.72676586981173 31.551898807977757, 119.71459785441013 31.557204429997086, 119.70478673495968 31.55120424483062, 119.7071458841017 31.539897710600325, 119.71931443500898 31.534592744762417, 119.72912330131028 31.54059365702327))"
87309ebb5ffffff,5462.7490234375,"POLYGON ((119.7510942568113 31.541285631841006, 119.7487385427416 31.552589398632257, 119.73657461758991 31.557896314866845, 119.72676586981173 31.551898807977757, 119.72912330131028 31.54059365702327, 119.74128776311606 31.53528739707145, 119.7510942568113 31.541285631841006))"
87309ebb6ffffff,3794.952880859375,"POLYGON ((119.72167228400697 31.523284845077534, 119.71931443500898 31.534592744762417, 119.7071458841017 31.539897710600325, 119.69733464710966 31.533894119654846, 119.69969421358333 31.522584836185533, 119.71186329953181 31.51728052739634, 119.72167228400697 31.523284845077534))"
